name,kind,L,src,score_extra,dist_extra,n_near_extra,score_epi,dist_epi,n_near_epi
ds_AAA,ds,3,nsp,-155.59,3.8506909769546525,13,-149.39,6.894451827375394,6
ds_AAAA,ds,4,nsp,-173.35,6.317832381442252,20,-156.0,4.941304787199424,8
ds_AAAAA,ds,5,nsp,-163.57,2.872910371034931,13,-163.57,6.4350201242886484,6
ds_AAAAAT,ds,6,nsp,-166.03,2.3262968426234916,14,-166.03,5.096367137481366,9
ds_AAAAAA,ds,6,nsp,-168.12,4.214224246525108,9,-151.28,5.370201765297077,2
ds_AAAAAC,ds,6,nsp,-174.57,4.171814713047543,14,-160.74,4.911063123194427,6
ds_AAAAAG,ds,6,nsp,-197.55,2.993795250179944,34,-197.55,6.02319059967389,14
ds_AAAAC,ds,5,nsp,-179.89,4.046589798830622,12,-158.31,6.343473575258264,5
ds_AAAACA,ds,6,nsp,-147.61,2.8161502090619956,10,-147.61,4.960857385573593,4
ds_AAAACC,ds,6,nsp,-154.3,2.8700078397105617,16,-137.27,6.491912969225654,4
ds_AAAAG,ds,5,nsp,-181.64,6.595966267348547,14,-140.09,5.770712954219782,2
ds_AAAACG,ds,6,nsp,-149.61,3.223445051493846,11,-149.61,6.319638359906355,2
ds_AAAACT,ds,6,rebuild-ds,-163.84,3.1634493831891715,13,-163.84,5.683255933001802,6
ds_AAAAGA,ds,6,nsp,-183.76,6.414601234683267,13,-162.26,4.974803212188399,5
ds_AAAAGC,ds,6,rebuild-ds,-170.16,2.6617034019589814,8,-143.29,6.027715404695233,3
ds_AAAAGG,ds,6,nsp,-222.84,2.5556721229453463,33,-222.84,2.5556721229453463,15
ds_AAAAT,ds,5,nsp,-184.82,2.9826781589705726,11,-184.82,6.1516957824651755,4
ds_AAAAGT,ds,6,rebuild-ds,-159.83,2.557528885467392,16,-159.83,5.730095723458727,5
ds_AAAATA,ds,6,nsp,-159.85,6.9034403017626085,12,-158.07,6.309475572502041,5
ds_AAAATC,ds,6,nsp,-170.92,3.080063960374866,10,-170.92,6.941546873716259,5
ds_AAAATG,ds,6,nsp,-180.98,3.032960434954624,12,-144.19,6.574938478799654,3
ds_AAAC,ds,4,nsp,-155.48,6.960394457212911,18,-153.12,2.6385399371622205,5
ds_AAAATT,ds,6,rebuild-ds,-158.55,2.8725232810196752,13,-158.55,6.690381304529653,4
ds_AAACA,ds,5,nsp,-165.96,2.8163320116776176,16,-165.96,6.581209463312954,6
ds_AAACAA,ds,6,nsp,-207.73,6.724791892690828,17,-165.77,3.6451624106478504,5
ds_AAACAC,ds,6,nsp,-183.92,6.4572580094030645,16,-154.37,4.913047628509225,6
ds_AAACAG,ds,6,nsp,-203.64,2.440666507329514,34,-203.64,2.918107091934764,12
ds_AAACAT,ds,6,nsp,-172.17,4.673005670871808,13,-145.73,2.285980314875885,4
ds_AAACC,ds,5,nsp,-174.4,3.447074266678936,16,-152.16,4.660992598149019,8
ds_AAACCA,ds,6,nsp,-170.11,2.733627992247655,13,-165.21,5.506978209508374,3
ds_AAACCC,ds,6,nsp,-164.06,5.0893033904455,10,-148.89,3.477583787631895,6
ds_AAACCG,ds,6,nsp,-161.44,2.886782984569508,13,-147.29,6.897614297711914,3
ds_AAACCT,ds,6,nsp,-162.06,2.6100486585502773,14,-162.06,4.749034217606788,5
ds_AAACG,ds,5,nsp,-166.63,2.761239938868039,9,-166.63,5.658496089951829,2
ds_AAACGA,ds,6,nsp,-190.3,2.230503978924925,12,-190.3,6.998911129597233,6
ds_AAACGC,ds,6,nsp,-182.97,3.0247786695888967,17,-162.2,6.845592304541656,10
ds_AAACGG,ds,6,nsp,-155.44,3.4646849784648572,14,-155.44,6.901130921812749,7
ds_AAACGT,ds,6,nsp,-153.96,2.4297973166501095,11,-153.96,6.944178281121544,4
ds_AAACT,ds,5,nsp,-185.97,3.376866150738023,16,-164.54,6.547926312963513,9
ds_AAACTA,ds,6,rebuild-ds,-156.29,4.9393267759888,11,-148.88,6.600440818612046,3
ds_AAACTC,ds,6,nsp,-159.64,6.512664662025843,8,-158.08,6.163603572586422,5
ds_AAACTG,ds,6,nsp,-171.84,3.5222426094748247,11,-160.14,6.282502765618163,3
ds_AAAG,ds,4,nsp,-159.78,6.319032679136899,15,-157.24,4.178606705589793,7
ds_AAACTT,ds,6,nsp,-160.15,3.884075823152806,10,-152.04,4.978548583673775,4
ds_AAAGA,ds,5,nsp,-171.41,5.441824326455244,13,-156.91,6.030325115613597,5
ds_AAAGAA,ds,6,nsp,-167.21,4.404770255075763,10,-164.31,5.314531588014133,4
ds_AAAGAC,ds,6,nsp,-163.96,3.1573295678468636,19,-153.25,6.841690215144189,9
ds_AAAGAG,ds,6,nsp,-163.82,6.951362024812123,9,-142.37,2.6549934086547164,2
ds_AAAGC,ds,5,rebuild-ds,-169.66,6.664237765866404,19,-160.11,2.6353307192836404,9
ds_AAAGAT,ds,6,nsp,-162.93,3.477694782467249,12,-161.76,6.203462742694599,5
ds_AAAGCA,ds,6,nsp,-163.27,3.123145529750423,9,-163.27,6.090584454713691,3
ds_AAAGCC,ds,6,nsp,-169.43,3.6880799882866118,14,-160.77,2.558893120081425,3
ds_AAAGCG,ds,6,nsp,-166.85,5.753471473814734,15,-164.42,5.9310960201298375,6
ds_AAAGG,ds,5,nsp,-171.63,3.028736700342221,11,-171.63,5.666130602095228,5
ds_AAAGCT,ds,6,nsp,-168.71,3.0561272879250305,14,-159.22,6.641352648369145,6
ds_AAAGGA,ds,6,nsp,-156.86,5.996447865194883,13,-144.83,6.045616428454595,6
ds_AAAGGC,ds,6,nsp,-175.8,6.906033593894554,18,-146.33,6.5595747575585905,8
ds_AAAGGG,ds,6,rebuild-ds,-166.76,3.421429087384391,8,-148.4,5.166850684895019,2
ds_AAAGGT,ds,6,nsp,-163.94,2.5784778455515394,8,-163.94,6.056864948139432,3
ds_AAAGT,ds,5,nsp,-163.44,2.962386537911624,16,-163.44,5.6777845151079855,7
ds_AAAGTA,ds,6,nsp,-153.88,2.7954974512598167,7,-153.88,6.403645524230718,2
ds_AAAGTC,ds,6,nsp,-167.88,5.452597454424829,8,-163.22,6.5073046647594355,4
ds_AAAT,ds,4,nsp,-162.15,5.103795450446657,13,-139.44,6.5433288928495745,5
ds_AAAGTG,ds,6,nsp,-175.19,4.414396674518519,12,-146.2,5.791727289850588,4
ds_AAAGTT,ds,6,rebuild-ds,-152.43,4.648346587766471,12,-143.69,2.255058535825626,5
ds_AAATA,ds,5,nsp,-174.52,2.921779765827691,13,-174.52,5.1246699405913025,4
ds_AAATAA,ds,6,nsp,-160.3,6.479387856888974,11,-140.43,4.712206383425912,4
ds_AAATAC,ds,6,nsp,-181.09,6.935414479322761,8,-159.78,2.4489693750637236,1
ds_AAATAG,ds,6,nsp,-189.38,3.1529384706968115,5,-161.92,5.9483729708215085,2
ds_AAATC,ds,5,nsp,-182.4,3.3839918735127177,11,-151.72,6.087047313763881,6
ds_AAATAT,ds,6,nsp,-184.47,3.964670225882608,15,-170.66,6.642053974487111,6
ds_AAATCA,ds,6,nsp,-156.0,3.334532800858321,9,-142.83,6.542222710975242,2
ds_AAATCC,ds,6,nsp,-164.81,2.7073786214713143,15,-149.17,6.531817740874268,5
ds_AAATG,ds,5,nsp,-180.31,6.659838886940145,21,-170.23,6.946836618202568,7
ds_AAATCG,ds,6,nsp,-153.58,3.10603461023861,12,-150.13,6.971660419154115,7
ds_AAATCT,ds,6,nsp,-169.67,4.211328768927947,10,-166.13,5.831033270356119,4
ds_AAATGC,ds,6,nsp,-152.6,3.016660073657632,14,-152.6,6.607541297638645,4
ds_AAATGA,ds,6,nsp,-175.92,3.129956868712416,14,-175.92,6.065777031840179,6
ds_AAATGG,ds,6,nsp,-173.79,3.3044618321294195,7,-173.79,6.202662976496474,3
ds_AAATGT,ds,6,nsp,-168.81,2.8555099369464716,16,-168.81,5.734936093802631,7
ds_AAATT,ds,5,nsp,-166.96,5.866333522738028,16,-155.09,5.447934654527342,8
ds_AAATTA,ds,6,nsp,-153.39,4.1308162631615595,10,-145.58,6.281318412562769,4
ds_AAATTC,ds,6,nsp,-169.06,2.8501659600802096,15,-169.06,6.170489931925995,6
ds_AAC,ds,3,nsp,-158.22,6.98868585643968,18,-133.24,6.073286095681656,4
ds_AAATTG,ds,6,nsp,-193.81,2.8636176420744426,19,-169.2,6.908018601596269,9
ds_AAATTT,ds,6,nsp,-162.35,3.2158123390521443,10,-162.35,6.085594958588692,4
ds_AACA,ds,4,nsp,-191.18,3.12412899861707,18,-159.55,5.847464065729694,9
ds_AACAA,ds,5,nsp,-187.72,3.4124498531114154,14,-156.13,6.215893982364875,2
ds_AACAAC,ds,6,rebuild-ds,-189.35,4.774465205653945,15,-158.38,5.4628434903445715,6
ds_AACAAA,ds,6,nsp,-180.29,4.266835947162745,9,-146.32,5.713335803188887,1
ds_AACAAG,ds,6,nsp,-176.11,3.5635528619623655,5,-165.11,6.5146201731182956,2
ds_AACAC,ds,5,rebuild-ds,-166.52,2.777729468468802,11,-166.52,2.777729468468802,5
ds_AACAAT,ds,6,nsp,-197.45,5.662043270763657,16,-183.36,6.402434927431897,6
ds_AACACA,ds,6,nsp,-178.63,3.3465834817019107,14,-150.11,6.824676475848515,2
ds_AACACC,ds,6,nsp,-194.04,2.707431808928925,10,-152.72,6.042207212600379,3
ds_AACAG,ds,5,nsp,-207.15,3.8179924043926703,13,-162.58,6.6021946351194405,7
ds_AACACG,ds,6,nsp,-176.3,5.164799512081756,17,-161.57,6.047364467270019,8
ds_AACACT,ds,6,nsp,-195.5,3.2157694258140035,10,-152.64,6.48299275026588,4
ds_AACAGA,ds,6,nsp,-183.68,3.9909714356281993,14,-150.87,5.68675540180868,4
ds_AACAGC,ds,6,nsp,-192.54,4.011800967146806,14,-157.84,5.0683746901743545,6
ds_AACAGG,ds,6,nsp,-168.32,2.9470225652342803,17,-168.32,5.461516456077021,6
ds_AACAGT,ds,6,nsp,-191.83,3.8644852179818354,14,-180.21,5.599761155620834,5
ds_AACAT,ds,5,rebuild-ds,-198.82,4.04043636257275,19,-149.82,6.411695563577555,8
ds_AACATC,ds,6,rebuild-ds,-205.13,4.119577284139725,14,-163.82,6.552381322847437,5
ds_AACATA,ds,6,nsp,-199.22,3.5433179366238092,15,-155.63,5.62808137823184,4
ds_AACC,ds,4,nsp,-177.56,4.462506582628205,12,-144.96,5.679206458652495,6
ds_AACATG,ds,6,nsp,-193.32,4.42076678869178,10,-172.53,6.551681463563391,5
ds_AACATT,ds,6,nsp,-174.81,3.7601491991675164,14,-147.47,6.445327299679991,2
ds_AACCA,ds,5,rebuild-ds,-178.95,2.9584786630969586,9,-178.95,6.0281676320420905,2
ds_AACCAA,ds,6,nsp,-197.98,3.145653668158659,10,-158.7,6.823153889514728,3
ds_AACCAC,ds,6,rebuild-ds,-170.93,2.842932640777831,16,-170.93,5.729019636901253,5
ds_AACCAG,ds,6,nsp,-167.22,3.378540661291524,9,-163.85,5.3125432704120055,4
ds_AACCAT,ds,6,nsp,-171.77,2.894211118767956,13,-171.72,5.633245600894755,7
ds_AACCC,ds,5,nsp,-197.0,4.394952900771542,22,-160.8,6.248794603761588,9
ds_AACCCA,ds,6,nsp,-152.46,5.069228836815315,10,-146.73,4.550517662859918,4
ds_AACCCC,ds,6,rebuild-ds,-175.14,2.9790981856931316,16,-160.65,4.772941860111021,7
ds_AACCCG,ds,6,rebuild-ds,-194.02,4.167137386744065,8,-171.7,6.876832773886535,3
ds_AACCG,ds,5,nsp,-156.73,5.353317569507715,15,-147.58,6.244486608200873,5
ds_AACCCT,ds,6,nsp,-183.23,4.984445706395054,14,-157.65,4.962906507279804,6
ds_AACCGA,ds,6,nsp,-161.03,2.3479199304916967,9,-151.83,4.096159908987922,5
ds_AACCGC,ds,6,nsp,-170.89,2.613884848267021,15,-151.57,6.094849054734664,5
ds_AACCGG,ds,6,nsp,-166.22,2.5756903928850052,11,-150.45,6.658762948175892,6
ds_AACCGT,ds,6,nsp,-168.9,6.591148306630653,15,-145.84,6.72023727259685,7
ds_AACCT,ds,5,nsp,-174.56,2.746183169418997,17,-174.56,6.834306621742992,8
ds_AACCTA,ds,6,nsp,-205.13,4.240897192811948,12,-155.21,6.8010327156984,4
ds_AACG,ds,4,nsp,-168.13,3.4412053120963617,16,-151.0,4.521802516696189,6
ds_AACCTC,ds,6,nsp,-203.44,3.5256461819076708,24,-174.62,6.567698303058697,11
ds_AACCTG,ds,6,rebuild-ds,-196.46,3.5011796583437267,18,-174.32,3.420596731565987,7
ds_AACCTT,ds,6,nsp,-209.68,4.107986733182109,11,-155.16,6.056409910169549,7
ds_AACGA,ds,5,nsp,-175.69,6.623747806189476,19,-161.96,4.839200553810519,6
ds_AACGAA,ds,6,nsp,-160.44,4.917311155499541,16,-152.67,5.291882651760136,8
ds_AACGAC,ds,6,nsp,-227.25,3.861249668177413,14,-174.74,5.36065602328671,4
ds_AACGC,ds,5,nsp,-172.32,5.504335563898715,14,-160.12,6.780593926788418,6
ds_AACGAT,ds,6,nsp,-173.25,3.497477519584658,10,-155.38,5.4016388253936345,5
ds_AACGAG,ds,6,nsp,-208.89,4.7720315380349305,28,-163.26,3.101400167666226,11
ds_AACGCA,ds,6,nsp,-159.29,2.5701317086873408,14,-153.32,6.722689342815113,5
ds_AACGCC,ds,6,nsp,-190.69,3.2998031759485538,12,-156.72,5.751162143428057,6
ds_AACGCG,ds,6,nsp,-187.89,3.750556492042245,8,-144.05,6.10451472272777,3
ds_AACGG,ds,5,nsp,-163.0,2.7225813119170574,12,-157.05,5.8421961624033125,5
ds_AACGCT,ds,6,nsp,-191.42,2.988898292013316,17,-145.48,2.6185341319142807,6
ds_AACGGA,ds,6,nsp,-213.47,3.2216582686560784,20,-152.82,2.337549785566066,6
ds_AACGGC,ds,6,nsp,-176.92,6.201482000296394,14,-162.85,6.122671802407818,4
ds_AACGGG,ds,6,nsp,-185.1,5.535936506138791,12,-142.38,6.269285764742272,5
ds_AACGT,ds,5,nsp,-185.32,3.452893713973831,13,-157.56,6.835955383119464,4
ds_AACGGT,ds,6,nsp,-169.06,2.4449801635187094,14,-169.06,4.836667034229261,6
ds_AACGTA,ds,6,nsp,-190.19,3.8159887316395684,21,-166.18,5.141984247350442,11
ds_AACT,ds,4,nsp,-176.17,3.5009588686530027,12,-150.75,5.639575959236647,4
ds_AACGTC,ds,6,nsp,-219.75,3.4769662063356406,20,-169.49,5.07845498158643,9
ds_AACGTG,ds,6,nsp,-214.4,3.8227097718765033,15,-163.15,6.821327290198013,7
ds_AACGTT,ds,6,nsp,-212.05,4.111884482813225,10,-161.97,5.548106433730352,5
ds_AACTA,ds,5,nsp,-157.79,2.7185025289669973,10,-157.79,4.383248681058392,2
ds_AACTAA,ds,6,nsp,-168.45,3.5885580669678605,6,-158.51,4.768126466443594,2
ds_AACTAC,ds,6,nsp,-183.39,3.2415158491051916,10,-155.67,5.002835396052912,4
ds_AACTC,ds,5,nsp,-161.46,3.068714062926026,9,-161.46,6.2213971099745775,4
ds_AACTAT,ds,6,nsp,-177.83,2.4943881013186244,11,-177.83,6.81091748591921,4
ds_AACTCA,ds,6,nsp,-164.24,2.5015501194259424,14,-144.81,5.6223299440712315,6
ds_AACTAG,ds,6,nsp,-169.31,6.420897367190977,14,-163.63,4.0566229797702364,5
ds_AACTCC,ds,6,nsp,-155.37,6.022882781525807,13,-152.48,5.662892370511728,6
ds_AACTCG,ds,6,nsp,-185.62,4.37719282188942,13,-176.17,5.562597684535524,6
ds_AACTG,ds,5,nsp,-198.62,3.7000263512575144,13,-170.97,6.586968802112258,5
ds_AACTCT,ds,6,nsp,-183.64,6.792671712956561,17,-160.4,6.0373345940075245,6
ds_AACTGA,ds,6,nsp,-176.65,2.624842852438962,12,-169.36,5.458170481031157,5
ds_AACTGC,ds,6,nsp,-192.85,4.418498047979666,15,-162.4,5.7093076638065305,5
ds_AACTGG,ds,6,nsp,-186.61,4.8648643352101955,9,-135.76,5.063536412429553,2
ds_AACTGT,ds,6,nsp,-151.63,4.9379288168219055,23,-150.72,6.880720165796604,13
ds_AACTT,ds,5,nsp,-191.75,2.666031882780111,14,-191.75,6.989311911769295,8
ds_AAG,ds,3,nsp,-144.78,4.173280843652893,11,-142.02,4.700218505559084,4
ds_AACTTA,ds,6,nsp,-193.83,3.2422888520303306,10,-156.0,4.967694133096353,3
ds_AAGA,ds,4,nsp,-168.07,5.971380409921986,13,-158.29,2.082258629469451,4
ds_AACTTC,ds,6,nsp,-162.8,6.618569709536962,14,-160.98,6.66141201247904,8
ds_AACTTG,ds,6,nsp,-164.55,6.576184760178209,10,-143.48,6.487739976293755,3
ds_AAGAA,ds,5,nsp,-174.13,2.969949662873101,16,-137.8,4.937321541078707,3
ds_AAGAAC,ds,6,nsp,-172.18,2.796867175966716,14,-172.18,6.690336762824418,4
ds_AAGAAA,ds,6,rebuild-ds,-164.26,3.939585384275869,14,-163.32,5.52586617644692,7
ds_AAGAAG,ds,6,nsp,-183.0,4.038189321961034,19,-148.89,6.185382284062973,6
ds_AAGAC,ds,5,rebuild-ds,-175.38,2.6013878987955774,12,-154.55,6.0106064585863725,4
ds_AAGAAT,ds,6,nsp,-190.51,4.138376009982643,12,-147.67,6.8152250879923155,3
ds_AAGACA,ds,6,rebuild-ds,-161.96,4.041272324404783,9,-158.62,4.884775225125524,4
ds_AAGACC,ds,6,nsp,-220.03,4.651510077383501,27,-154.43,5.88353176247056,9
ds_AAGAG,ds,5,nsp,-165.36,3.3728013579219223,9,-150.94,6.400038515509101,5
ds_AAGACG,ds,6,nsp,-170.26,3.2561305256393145,15,-151.95,5.869302002793856,6
ds_AAGACT,ds,6,nsp,-182.9,3.953901617390101,21,-153.94,4.290667197534664,5
ds_AAGAGA,ds,6,rebuild-ds,-161.09,2.311520278950622,10,-161.09,5.892219276299893,5
ds_AAGAGC,ds,6,rebuild-ds,-174.8,3.048752039769724,13,-162.24,5.200036153720463,5
ds_AAGAGG,ds,6,nsp,-190.37,2.748286011316855,17,-170.5,6.163791122353197,6
ds_AAGAGT,ds,6,nsp,-175.32,3.283001370697242,12,-155.65,4.971221479676808,4
ds_AAGAT,ds,5,nsp,-165.71,2.608972594720009,12,-165.71,3.4833818337931404,3
ds_AAGATA,ds,6,rebuild-ds,-164.97,5.3695115234069615,14,-151.46,5.826203051731034,7
ds_AAGC,ds,4,nsp,-178.99,5.283957796954861,21,-156.17,2.724504175074798,7
ds_AAGATC,ds,6,nsp,-182.18,3.901790614576861,12,-153.89,4.186756978856061,7
ds_AAGATG,ds,6,nsp,-147.41,6.865163071624756,8,-141.07,6.633575958711851,3
ds_AAGATT,ds,6,nsp,-188.54,2.8651877774414927,16,-163.5,6.1653208351228646,7
ds_AAGCA,ds,5,nsp,-181.84,4.080500582036484,17,-152.22,3.3890885205317347,5
ds_AAGCAA,ds,6,nsp,-191.94,5.73855243070935,10,-168.38,5.341987738660584,4
ds_AAGCAT,ds,6,nsp,-179.32,2.929737360242375,12,-157.71,3.2952647845051835,4
ds_AAGCC,ds,5,nsp,-183.35,6.007207421090116,16,-150.25,6.497106740696206,6
ds_AAGCAC,ds,6,nsp,-208.23,2.827658218384975,16,-172.94,5.390777494944506,6
ds_AAGCAG,ds,6,nsp,-160.93,2.806940861507433,21,-160.93,6.911097524995587,8
ds_AAGCCA,ds,6,nsp,-155.74,2.4472435514267894,5,-155.74,6.018002160185721,3
ds_AAGCCC,ds,6,nsp,-197.93,5.929903962122818,17,-146.76,4.996323148075995,4
ds_AAGCCG,ds,6,nsp,-154.36,5.023301802599567,11,-141.74,6.288789231640695,4
ds_AAGCG,ds,5,rebuild-ds,-187.43,3.004852409021141,14,-179.92,5.912530591887029,6
ds_AAGCCT,ds,6,nsp,-173.39,5.04368416933494,11,-156.56,4.933743811751879,5
ds_AAGCGA,ds,6,nsp,-169.47,3.050566176957996,17,-154.33,4.6621157214294895,6
ds_AAGCGC,ds,6,nsp,-186.66,2.7389045255356876,19,-186.66,6.658529717587816,9
ds_AAGCGG,ds,6,nsp,-140.18,2.7591393585681847,7,-140.18,5.938212694068819,2
ds_AAGCGT,ds,6,nsp,-149.57,2.3186258861661972,11,-149.57,5.276978396772139,7
ds_AAGCT,ds,5,nsp,-175.08,2.9038768913299546,16,-158.47,5.523861330627344,7
ds_AAGCTA,ds,6,nsp,-185.2,2.5189737989903644,9,-149.52,6.059426788071627,3
ds_AAGG,ds,4,nsp,-172.68,3.0308229905423314,12,-172.68,6.715357473731383,5
ds_AAGCTG,ds,6,rebuild-ds,-167.35,3.46008684862101,18,-143.89,2.7108253355758376,4
ds_AAGCTC,ds,6,nsp,-164.9,6.16052822410546,10,-153.02,5.943156905214594,5
ds_AAGCTT,ds,6,nsp,-143.04,3.5050634801669593,4,-133.55,2.9584729168947983,1
ds_AAGGA,ds,5,nsp,-195.31,3.6844633259132973,19,-158.51,6.548255111096373,7
ds_AAGGAA,ds,6,rebuild-ds,-174.34,4.022086771813887,11,-149.07,6.61461442564871,4
ds_AAGGC,ds,5,rebuild-ds,-165.5,6.980130299643415,19,-149.54,5.926327193127305,6
ds_AAGGAC,ds,6,nsp,-190.23,3.0819716092138063,27,-190.23,6.703714641898175,7
ds_AAGGAG,ds,6,nsp,-177.13,4.08313482510681,17,-165.42,6.24726131997052,5
ds_AAGGAT,ds,6,nsp,-198.47,4.459806385932026,15,-149.57,5.863816675169857,8
ds_AAGGCA,ds,6,nsp,-178.45,3.8427959872988566,9,-155.99,3.9534482417251935,2
ds_AAGGCC,ds,6,rebuild-ds,-165.33,3.1469367645378443,13,-165.33,5.3395651508339235,6
ds_AAGGCG,ds,6,nsp,-176.79,4.012425824859584,14,-164.45,6.902732647292667,6
ds_AAGGG,ds,5,nsp,-169.49,3.6536890946001654,16,-162.32,4.772039186762828,7
ds_AAGGGA,ds,6,nsp,-172.35,6.4330970768363205,12,-142.28,3.7249330195320263,2
ds_AAGGCT,ds,6,nsp,-215.88,4.421181177015934,17,-161.3,5.1095230697199305,4
ds_AAGGGC,ds,6,nsp,-171.37,3.205616633348421,17,-171.37,6.859066846153332,7
ds_AAGGGG,ds,6,nsp,-155.91,2.863283604535191,16,-152.16,5.3812720615110985,7
ds_AAGGGT,ds,6,nsp,-154.01,6.850914464507636,12,-148.54,5.136302755874125,5
ds_AAGGT,ds,5,nsp,-178.69,3.618802149883308,14,-178.69,6.580802002795708,7
ds_AAGGTA,ds,6,nsp,-168.61,2.2942312437938983,15,-168.61,6.732796744295799,5
ds_AAGT,ds,4,nsp,-158.89,3.5535667997098384,15,-157.41,5.6725349712452235,4
ds_AAGGTG,ds,6,nsp,-175.71,3.5987850727711153,10,-133.76,5.845310085872261,1
ds_AAGGTC,ds,6,rebuild-ds,-218.62,4.175424529314381,24,-172.39,4.962827923674168,11
ds_AAGTA,ds,5,nsp,-195.13,3.0024833055322815,15,-195.13,6.855886594744707,7
ds_AAGTAA,ds,6,nsp,-186.76,2.533613032805142,16,-186.76,6.9567554218903,8
ds_AAGTAC,ds,6,nsp,-178.57,2.750261987520474,14,-178.57,6.983642745730913,7
ds_AAGTAG,ds,6,nsp,-174.7,2.6403007404460537,15,-174.7,5.100734260868732,4
ds_AAGTC,ds,5,nsp,-195.3,3.3175323660817813,16,-162.68,5.126004779552981,9
ds_AAGTAT,ds,6,nsp,-209.5,3.649750265429143,12,-162.39,5.323932756900673,8
ds_AAGTCA,ds,6,nsp,-174.31,2.815267482851311,18,-174.31,5.635483741436936,7
ds_AAGTCC,ds,6,nsp,-162.44,5.188434349589474,14,-146.64,2.141922967802533,6
ds_AAGTCG,ds,6,nsp,-175.96,3.2497627605719317,11,-160.62,5.30090265898177,4
ds_AAGTCT,ds,6,nsp,-176.55,3.5063950148264973,5,-153.5,6.653554313297505,3
ds_AAGTG,ds,5,nsp,-186.39,3.142906139228494,13,-172.26,6.976911494350506,4
ds_AAGTGA,ds,6,nsp,-162.12,2.6793167039377908,15,-162.12,5.25025389862244,6
ds_AAGTGG,ds,6,nsp,-151.81,2.9615460489413308,11,-143.1,6.344399814009217,4
ds_AAGTGC,ds,6,nsp,-181.24,3.173560303507741,13,-155.69,6.524998773946245,5
ds_AAGTGT,ds,6,nsp,-176.25,3.1028936494826866,13,-159.28,2.4517032854731884,6
ds_AAT,ds,3,nsp,-156.84,2.8482319076929166,17,-154.24,6.983005513387478,5
ds_AAGTTA,ds,6,nsp,-152.8,5.624520957379392,9,-146.76,2.423550494625613,4
ds_AAGTTG,ds,6,nsp,-165.45,4.791394577782135,11,-150.21,5.058733240644351,4
ds_AAGTTC,ds,6,nsp,-151.47,3.5854630105468925,14,-144.12,2.530434152472663,4
ds_AATA,ds,4,nsp,-157.25,6.907148253802011,15,-140.58,6.96970688049361,9
ds_AATAA,ds,5,nsp,-188.61,3.7259339768707775,10,-163.04,6.204151916257364,5
ds_AATAAA,ds,6,rebuild-ds,-182.18,3.5742554469427796,13,-159.89,4.772029861599776,4
ds_AATAAC,ds,6,nsp,-179.37,2.8756319305502376,11,-179.37,6.020249247331881,5
ds_AATAAG,ds,6,nsp,-202.55,5.434948573813743,17,-163.74,6.177858609583102,6
ds_AATAC,ds,5,nsp,-174.31,5.357722650529808,17,-162.02,5.824978712407462,5
ds_AATAAT,ds,6,nsp,-189.67,4.213113456815541,8,-152.12,6.032915712986556,3
ds_AATACA,ds,6,nsp,-172.88,5.2038733651002795,9,-144.22,6.351062981895231,2
ds_AATACC,ds,6,nsp,-206.43,3.209638453159498,15,-146.45,2.816845931179063,5
ds_AATACG,ds,6,nsp,-180.93,4.709124228558866,20,-171.46,6.0409387515517805,10
ds_AATAG,ds,5,rebuild-ds,-194.09,2.8828569163245104,15,-152.49,6.871495397655457,7
ds_AATAGA,ds,6,nsp,-211.41,3.1315775577175335,11,-182.14,6.147096062369617,6
ds_AATACT,ds,6,nsp,-161.03,4.579266862719413,12,-148.28,5.664981641629566,1
ds_AATAGC,ds,6,nsp,-189.4,3.965603863221858,14,-163.51,6.477723905817534,5
ds_AATAGG,ds,6,nsp,-202.35,5.639341894228441,13,-185.67,4.846436732280744,3
ds_AATAGT,ds,6,nsp,-192.14,4.120791428839871,15,-165.59,5.322312091563214,8
ds_AATAT,ds,5,nsp,-177.94,5.14426991904587,16,-164.47,6.3620004715498215,5
ds_AATATA,ds,6,nsp,-215.3,3.875216768130535,20,-161.07,6.317549287500658,9
ds_AATC,ds,4,nsp,-166.23,2.9776734206423905,10,-163.36,5.604975200658777,4
ds_AATATC,ds,6,nsp,-220.71,3.807616314704017,10,-160.04,5.538355532105173,3
ds_AATATG,ds,6,nsp,-188.39,3.0456858012605474,15,-145.1,6.725104385806969,3
ds_AATATT,ds,6,nsp,-177.15,4.772465400607947,19,-141.29,5.419630522461834,4
ds_AATCA,ds,5,nsp,-188.37,4.450463908403256,16,-163.97,5.134488387366361,4
ds_AATCAA,ds,6,rebuild-ds,-164.77,2.2910063291052074,11,-164.77,4.8842394494946815,5
ds_AATCAC,ds,6,nsp,-177.69,5.078828998893364,16,-150.4,4.750603014355118,6
ds_AATCC,ds,5,nsp,-191.48,4.229226406803047,16,-160.38,6.2096854992825445,6
ds_AATCAG,ds,6,nsp,-176.49,4.841493674476918,15,-144.64,3.003865509639204,6
ds_AATCAT,ds,6,nsp,-214.08,4.505006548274957,13,-150.12,5.892474268081285,2
ds_AATCCA,ds,6,nsp,-173.35,4.54377200132225,13,-153.59,4.338580873972508,4
ds_AATCCC,ds,6,nsp,-213.96,4.439917679417051,20,-153.37,6.814421839011729,8
ds_AATCCG,ds,6,nsp,-172.2,3.437867216749388,16,-172.2,6.686106639891412,7
ds_AATCG,ds,5,nsp,-190.96,3.395126359945979,15,-168.2,6.173211562873904,5
ds_AATCCT,ds,6,nsp,-200.13,3.9424591310500743,13,-156.11,6.150342592083785,5
ds_AATCGC,ds,6,nsp,-157.69,3.4178901386674236,16,-157.69,6.862230978333506,7
ds_AATCGA,ds,6,nsp,-163.78,3.6919981040081944,10,-162.44,6.424502159700785,4
ds_AATCGG,ds,6,nsp,-158.52,2.7408584421673554,10,-158.52,5.99547270863608,3
ds_AATCGT,ds,6,nsp,-194.4,4.200994406090084,16,-171.8,5.881062574059206,7
ds_AATCT,ds,5,nsp,-182.63,6.185012206940273,16,-167.1,6.539609774290833,6
ds_AATCTA,ds,6,nsp,-156.36,6.652092152097751,14,-142.4,5.396605785120855,4
ds_AATG,ds,4,nsp,-160.33,2.252818235011448,13,-147.39,6.600373550034877,5
ds_AATCTC,ds,6,nsp,-193.37,2.7640457666254505,14,-171.4,4.089653530557327,6
ds_AATCTG,ds,6,nsp,-193.15,3.1677862932969307,11,-142.73,4.863401690175311,3
ds_AATGA,ds,5,nsp,-214.41,2.8992612852242496,16,-155.0,5.369324817889115,7
ds_AATGAA,ds,6,rebuild-ds,-181.72,4.034857742225893,11,-162.94,5.01080732018304,3
ds_AATGAC,ds,6,nsp,-204.68,3.4978133169167207,14,-170.92,5.951172741569512,5
ds_AATGC,ds,5,nsp,-208.01,3.7252879083367785,18,-150.47,2.8129335221437515,3
ds_AATGAG,ds,6,nsp,-184.42,5.141783542701887,21,-164.64,5.731053829794311,9
ds_AATGAT,ds,6,nsp,-209.46,4.0032208282831725,14,-180.4,2.7326690249644243,5
ds_AATGCA,ds,6,nsp,-160.6,3.7684311059113207,9,-133.57,6.478916961962078,1
ds_AATGCC,ds,6,nsp,-190.51,3.6393782436015183,17,-149.47,6.611761716819498,5
ds_AATGCT,ds,6,nsp,-187.34,6.069812270573126,19,-151.41,6.914415738151705,6
ds_AATGCG,ds,6,nsp,-166.85,3.581030438295674,18,-158.21,6.298818460632127,5
ds_AATGG,ds,5,rebuild-ds,-220.21,3.0051121443300897,11,-165.43,6.616485925323183,1
ds_AATGGA,ds,6,nsp,-158.74,3.6731868996826353,12,-137.16,2.9580510475649384,2
ds_AATGGC,ds,6,nsp,-192.83,5.298590284217121,13,-151.47,6.879400846003963,6
ds_AATGGG,ds,6,nsp,-217.83,3.9639886478142445,9,-149.22,6.875336282684636,3
ds_AATGGT,ds,6,nsp,-213.5,3.2061232041205043,17,-161.96,6.6803202019065,8
ds_AATGT,ds,5,nsp,-182.46,6.749635397560393,11,-154.02,5.4138942546008435,4
ds_AATGTA,ds,6,nsp,-193.16,2.7126313793068237,13,-158.12,6.695780387677,6
ds_AATT,ds,4,nsp,-178.1,3.7698257254149303,16,-147.85,4.987533358284445,7
ds_AATGTC,ds,6,nsp,-204.5,3.767229220528014,15,-148.03,6.412711906830064,5
ds_AATGTG,ds,6,nsp,-191.38,4.371894440628707,6,-154.98,6.488889042047189,3
ds_AATTA,ds,5,nsp,-167.23,2.962848966788561,19,-167.23,6.850912931865368,7
ds_AATTAA,ds,6,nsp,-171.85,4.200827775569943,4,,,0
ds_AATTAC,ds,6,nsp,-189.69,3.5964563114265804,11,-155.32,4.996053742705329,6
ds_AATTAG,ds,6,nsp,-189.97,3.9498125271967064,13,-169.76,4.578429097408854,6
ds_AATTAT,ds,6,nsp,-207.03,3.295936892599745,16,-175.48,5.70900858293275,4
ds_AATTC,ds,5,rebuild-ds,-174.91,2.7456906235044265,11,-149.86,5.999793663118757,3
ds_AATTCC,ds,6,nsp,-162.6,2.320065731827447,13,-159.75,6.265783670060753,8
ds_AATTCA,ds,6,nsp,-156.57,2.3524744419440484,7,-156.57,6.040355784223304,1
ds_AATTCG,ds,6,nsp,-175.85,5.156961605441737,6,-160.21,6.026744643669588,4
ds_AATTCT,ds,6,nsp,-223.6,4.301467075312816,15,-151.69,2.790087633032335,9
ds_AATTG,ds,5,nsp,-207.32,2.925836974269085,15,-169.08,5.717263856076618,6
ds_AATTGA,ds,6,nsp,-168.9,3.368251920507162,10,-155.23,5.162177350692258,4
ds_AATTGC,ds,6,nsp,-160.86,3.0459456659632247,11,-143.89,6.399852654553875,2
ds_AATTGG,ds,6,nsp,-176.93,3.3471967375701355,15,-168.73,6.1780147296684245,4
ds_AATTGT,ds,6,nsp,-158.67,2.793025778613592,10,-158.67,5.63119365676586,5
ds_ACA,ds,3,nsp,-175.96,6.184504588081409,20,-155.23,6.279586132859406,4
ds_AATTTA,ds,6,nsp,-165.35,4.631959412602856,16,-157.05,5.581020426409511,5
ds_ACAA,ds,4,nsp,-151.46,5.785392899363031,9,-139.62,5.419834499318234,5
ds_AATTTC,ds,6,nsp,-179.45,4.341942076997358,14,-163.96,6.498940298233258,6
ds_AATTTG,ds,6,nsp,-164.65,2.956195697175699,13,-164.65,5.136461525213646,5
ds_ACAAA,ds,5,nsp,-168.14,6.315623642998373,17,-149.4,6.124903264542231,3
ds_ACAAAA,ds,6,nsp,-171.02,3.0658589334801634,20,-171.02,4.639172447754024,8
ds_ACAAC,ds,5,nsp,-217.08,2.902359212778469,19,-217.08,6.763881577910721,8
ds_ACAAAG,ds,6,nsp,-182.42,2.7670462591001304,22,-182.42,2.8867701675055453,8
ds_ACAAAC,ds,6,nsp,-162.42,2.5332615340702467,18,-162.42,6.958552004548077,6
ds_ACAAAT,ds,6,nsp,-195.04,2.7586565570944024,17,-195.04,6.839717903539574,9
ds_ACAACA,ds,6,nsp,-171.62,3.383164199384958,22,-171.62,5.547679424768522,8
ds_ACAACC,ds,6,nsp,-167.48,3.8433378722147102,16,-159.49,6.329878750813474,9
ds_ACAACG,ds,6,nsp,-202.55,4.551910038654122,22,-164.35,5.122183225930135,9
ds_ACAAG,ds,5,nsp,-168.17,6.292029084484601,11,-141.02,2.5120957386214355,5
ds_ACAACT,ds,6,rebuild-ds,-194.65,3.1051257623484205,9,-167.41,6.00467659412229,4
ds_ACAAGA,ds,6,nsp,-181.95,3.034538020852625,17,-171.85,5.990409668795633,7
ds_ACAAGC,ds,6,nsp,-174.32,3.192925147885576,9,-153.56,4.5630002191540555,3
ds_ACAAGG,ds,6,nsp,-167.08,6.530728213606819,15,-160.67,4.6250131891703985,5
ds_ACAAGT,ds,6,rebuild-ds,-166.53,5.8708985683624215,10,-156.56,5.907097002758635,4
ds_ACAAT,ds,5,nsp,-177.89,2.667076676813035,17,-177.89,5.330158159004308,7
ds_ACAC,ds,4,nsp,-158.56,4.241454113862372,17,-148.14,5.546810074267917,7
ds_ACAATA,ds,6,nsp,-174.66,2.628884744525694,12,-174.66,4.395412267353315,2
ds_ACAATC,ds,6,rebuild-ds,-198.75,6.943893864396266,19,-163.89,5.810382173317002,8
ds_ACACA,ds,5,nsp,-158.42,6.023718618926355,12,-141.93,5.210886872692593,4
ds_ACAATG,ds,6,nsp,-148.37,3.7366827534592635,8,-140.17,2.2376366997347854,3
ds_ACACAA,ds,6,nsp,-187.82,2.960149489468393,13,-176.87,4.59077542469679,5
ds_ACACAC,ds,6,nsp,-157.98,4.855335312828566,14,-151.57,5.699202224873222,5
ds_ACACAG,ds,6,nsp,-176.26,3.2024120596825116,19,-161.24,2.654680771768999,6
ds_ACACC,ds,5,rebuild-ds,-176.73,3.295901242452526,11,-150.23,6.472856633666463,2
ds_ACACAT,ds,6,nsp,-183.74,3.8262792632007536,13,-160.18,5.418873960519842,3
ds_ACACCA,ds,6,nsp,-220.9,3.2515685445643165,8,-172.45,6.240046554313508,2
ds_ACACCC,ds,6,nsp,-155.51,3.1058007019124863,11,-155.51,6.387363149218925,6
ds_ACACG,ds,5,rebuild-ds,-157.66,5.312357480441253,17,-151.22,4.66124597076791,8
ds_ACACCG,ds,6,rebuild-ds,-160.22,2.556395900481771,15,-160.22,5.9151169895446705,3
ds_ACACCT,ds,6,nsp,-167.62,4.047735539780227,15,-160.66,2.572384108176697,7
ds_ACACGA,ds,6,nsp,-193.15,6.0997407321950945,19,-183.21,6.9103285739536355,9
ds_ACACGC,ds,6,nsp,-168.56,4.022173541755766,14,-164.55,6.379112555834077,3
ds_ACACGG,ds,6,rebuild-ds,-190.97,2.9296107249940193,12,-159.19,4.9580017144006785,6
ds_ACACGT,ds,6,nsp,-163.46,5.09499106966835,13,-154.05,5.623018228673999,4
ds_ACACT,ds,5,nsp,-211.96,3.586475846844672,19,-163.41,5.850532796250288,9
ds_ACACTC,ds,6,nsp,-155.24,3.424312193711323,17,-155.24,5.608614891396987,6
ds_ACAG,ds,4,nsp,-163.34,4.43637363169515,23,-160.37,6.402852645501074,8
ds_ACACTA,ds,6,rebuild-ds,-170.33,2.8418319795512157,14,-170.33,5.911303832489064,4
ds_ACACTG,ds,6,nsp,-178.27,2.8227279358804527,15,-160.17,6.082469482044289,5
ds_ACAGA,ds,5,nsp,-178.99,5.165284309696801,16,-151.02,6.508988400665663,6
ds_ACAGAA,ds,6,nsp,-164.35,3.117456976447319,17,-151.81,6.080180013782497,8
ds_ACAGAC,ds,6,nsp,-170.62,3.796388283619074,14,-156.56,5.236094918925755,7
ds_ACAGC,ds,5,nsp,-174.74,2.6689602844553564,19,-174.74,4.2353163990426985,7
ds_ACAGAG,ds,6,rebuild-ds,-162.6,2.5630530622677443,24,-162.6,5.132301725347026,9
ds_ACAGAT,ds,6,nsp,-165.16,3.680756172310259,18,-161.88,5.804224840579488,9
ds_ACAGCC,ds,6,nsp,-167.84,3.389528138251697,19,-158.71,6.617058938833788,8
ds_ACAGCA,ds,6,nsp,-178.45,4.732824209708208,18,-171.33,4.455188660427305,3
ds_ACAGCG,ds,6,nsp,-168.24,5.807376430024153,17,-148.98,6.330631011202603,4
ds_ACAGG,ds,5,nsp,-170.2,3.4183680316782836,15,-170.2,5.910076903052954,7
ds_ACAGCT,ds,6,nsp,-153.14,6.291467316930144,8,-147.64,4.530564755082959,3
ds_ACAGGA,ds,6,nsp,-158.77,5.054300149377759,9,-150.45,3.7715812333821006,6
ds_ACAGGC,ds,6,nsp,-188.62,4.01114322855718,23,-147.43,2.8177824614402,6
ds_ACAGGG,ds,6,rebuild-ds,-203.07,4.451171306521472,29,-174.99,3.079461154163172,15
ds_ACAGGT,ds,6,nsp,-203.43,2.4186260562559103,12,-179.4,6.479555926141861,3
ds_ACAGT,ds,5,nsp,-171.56,5.119489232335582,20,-159.14,5.415460552898525,5
ds_ACAT,ds,4,nsp,-163.16,5.5686222712624565,17,-136.18,2.489997590360285,3
ds_ACAGTA,ds,6,nsp,-164.57,6.814207070525517,8,-135.43,4.11516573177802,3
ds_ACAGTC,ds,6,nsp,-175.19,3.7181356887558628,12,-153.12,5.382355432336291,4
ds_ACAGTG,ds,6,nsp,-159.58,5.564767829838002,13,-153.2,4.914853405748753,4
ds_ACATA,ds,5,nsp,-162.07,5.512318296325064,15,-152.14,6.477153464292796,5
ds_ACATAA,ds,6,nsp,-171.37,2.6406976350956843,15,-147.61,6.704359999284048,3
ds_ACATAC,ds,6,nsp,-164.14,5.225274920997012,15,-159.81,6.978101317693799,8
ds_ACATC,ds,5,nsp,-215.47,3.0494678224241127,10,-215.47,6.854116062629817,4
ds_ACATAG,ds,6,nsp,-161.09,4.467047011169685,15,-155.84,5.633380601379612,6
ds_ACATAT,ds,6,nsp,-171.81,6.478423728037563,17,-157.04,5.097987249885996,4
ds_ACATCA,ds,6,nsp,-155.79,2.9325301362475398,12,-155.79,5.863975613864713,5
ds_ACATCC,ds,6,nsp,-163.18,3.997974237035561,11,-154.99,5.660695186988968,6
ds_ACATCG,ds,6,nsp,-171.96,2.808991634021019,18,-171.96,5.136978976013036,8
ds_ACATCT,ds,6,nsp,-156.97,2.109616552836107,14,-156.97,5.535379119807445,5
ds_ACATG,ds,5,nsp,-165.62,2.948608146227642,12,-165.62,5.887344902415702,7
ds_ACATGA,ds,6,rebuild-ds,-176.88,3.091617861249983,18,-176.88,4.75641146243679,7
ds_ACATGC,ds,6,nsp,-167.77,4.278366978182225,14,-152.51,5.7586883055084614,3
ds_ACATGG,ds,6,nsp,-160.7,6.199282055206071,9,-148.62,3.8139926586190462,4
ds_ACATGT,ds,6,nsp,-161.84,2.822491629748449,17,-161.84,6.245058606610516,6
ds_ACATTA,ds,6,nsp,-170.91,5.560039028640011,11,-166.59,5.0218512522773935,7
ds_ACC,ds,3,nsp,-150.14,2.6347447694226713,16,-144.94,6.555918394855156,9
ds_ACCA,ds,4,nsp,-162.91,2.5721380211800358,14,-162.91,5.141132365539722,10
ds_ACATTC,ds,6,nsp,-156.88,2.4074220651975384,10,-156.88,5.779460614970918,3
ds_ACATTG,ds,6,nsp,-160.01,6.3057630783276535,12,-154.59,6.730766152526776,5
ds_ACCAA,ds,5,nsp,-168.17,6.579666936859344,20,-160.54,5.737470087067995,8
ds_ACCAAA,ds,6,rebuild-ds,-210.14,3.253926551107136,17,-210.14,5.707527222887337,5
ds_ACCAAG,ds,6,rebuild-ds,-204.63,3.100477866394162,19,-204.63,5.522543073621084,9
ds_ACCAAC,ds,6,nsp,-182.8,5.496302848279009,15,-159.89,6.580750261178434,7
ds_ACCAC,ds,5,nsp,-194.3,4.9971725005246705,10,-163.32,5.593690016438173,4
ds_ACCAAT,ds,6,nsp,-179.62,3.4559087082849964,15,-165.16,6.199092998173221,6
ds_ACCACA,ds,6,rebuild-ds,-176.17,3.6260929386875898,18,-176.17,6.647223029205509,8
ds_ACCACC,ds,6,nsp,-161.66,4.900601901807584,15,-146.04,6.812809772773644,6
ds_ACCAG,ds,5,nsp,-177.02,3.297292222415238,13,-160.59,5.118870285521998,4
ds_ACCACG,ds,6,nsp,-212.41,3.739218501237947,19,-167.91,5.1619872142421945,9
ds_ACCACT,ds,6,nsp,-161.18,1.9939553655987445,16,-146.88,6.9984496140216805,1
ds_ACCAGA,ds,6,rebuild-ds,-177.53,6.615415708782025,22,-167.05,4.8009151210993135,10
ds_ACCAGC,ds,6,nsp,-160.13,5.993497893550981,14,-151.02,6.546490128305393,8
ds_ACCAGG,ds,6,nsp,-208.99,3.8853052647121658,18,-149.35,6.205372349827212,7
ds_ACCAGT,ds,6,nsp,-168.93,5.619099038102105,18,-149.65,3.3927465275201505,8
ds_ACCAT,ds,5,nsp,-167.43,5.302629819250092,14,-144.14,6.483708429594914,6
ds_ACCATA,ds,6,rebuild-ds,-164.39,3.994183145525518,10,-150.44,3.995848971119911,2
ds_ACCC,ds,4,nsp,-168.22,2.7597757155247153,15,-168.22,6.138761601495857,8
ds_ACCATC,ds,6,nsp,-218.06,3.9622344705986565,11,-148.51,2.573366277854742,5
ds_ACCATG,ds,6,nsp,-157.95,3.0726883994313696,8,-157.95,6.859291727284963,3
ds_ACCCA,ds,5,nsp,-189.16,3.3080600055017353,26,-182.58,6.854217679648062,14
ds_ACCCAA,ds,6,nsp,-153.38,6.536626958913913,6,-142.57,4.447310872875874,3
ds_ACCCAC,ds,6,nsp,-162.26,3.0066847190884487,8,-162.26,5.413789338347035,4
ds_ACCCAG,ds,6,nsp,-221.88,3.927040743358816,24,-164.05,5.634481253851146,8
ds_ACCCC,ds,5,nsp,-188.02,4.344785034958597,21,-154.01,6.628024517154413,10
ds_ACCCAT,ds,6,nsp,-179.81,2.524443701095346,17,-152.04,4.716483223758979,5
ds_ACCCCA,ds,6,nsp,-165.52,3.08836542526949,8,-165.52,5.322649058504612,2
ds_ACCCCC,ds,6,nsp,-161.4,3.0196738234452067,14,-141.6,2.4741182267628212,7
ds_ACCCCG,ds,6,nsp,-215.01,5.670264984989697,27,-196.4,4.962925548504647,10
ds_ACCCCT,ds,6,nsp,-167.97,3.101657782541447,14,-155.97,4.99770557356074,7
ds_ACCCG,ds,5,rebuild-ds,-176.98,6.345277456502607,19,-166.05,5.753760335641378,11
ds_ACCCGA,ds,6,rebuild-ds,-180.3,5.945020269099184,20,-156.95,4.0492814177332725,10
ds_ACCCGC,ds,6,nsp,-158.87,2.5927317639894896,16,-158.87,6.321679049113466,5
ds_ACCCGG,ds,6,nsp,-211.02,5.305892196417133,26,-197.04,5.4446384636631455,9
ds_ACCCGT,ds,6,nsp,-157.38,3.4480159512392143,18,-157.38,5.743750865070668,11
ds_ACCCT,ds,5,rebuild-ds,-207.11,6.51506116625165,15,-155.22,6.047783974316537,3
ds_ACCCTA,ds,6,nsp,-193.55,4.66740377511955,12,-146.36,1.766313675426877,2
ds_ACCG,ds,4,nsp,-160.7,6.960286560192762,10,-146.99,5.9553349192131915,6
ds_ACCCTC,ds,6,nsp,-201.38,4.072111123238167,17,-145.04,2.247579364560913,7
ds_ACCCTG,ds,6,nsp,-159.33,4.475601523817794,8,-147.71,6.770703139261103,3
ds_ACCGA,ds,5,nsp,-159.34,6.68981472090222,16,-140.45,4.149992891560183,3
ds_ACCGAA,ds,6,nsp,-157.06,2.721034729657072,13,-157.06,6.78945498549037,6
ds_ACCGAC,ds,6,nsp,-192.41,6.9629430559211105,14,-170.83,5.387666841964146,6
ds_ACCGC,ds,5,rebuild-ds,-163.95,4.532114076234181,15,-162.22,5.969354906520474,10
ds_ACCGAT,ds,6,nsp,-170.93,3.5504678564944103,19,-167.13,5.062414542488574,7
ds_ACCGAG,ds,6,nsp,-212.93,6.219585918692681,19,-172.73,4.812493012981945,7
ds_ACCGCA,ds,6,nsp,-173.01,3.1919125927882237,11,-160.11,6.136563696402085,6
ds_ACCGCC,ds,6,nsp,-192.09,3.4746690489887166,12,-162.48,5.697624592757936,6
ds_ACCGCG,ds,6,rebuild-ds,-182.84,6.373412665126907,17,-168.97,6.03784282670559,8
ds_ACCGCT,ds,6,nsp,-160.57,3.8091470173780424,10,-150.93,6.551235074396286,2
ds_ACCGG,ds,5,nsp,-164.05,2.6166123136605584,20,-164.05,6.678723605600105,11
ds_ACCGGA,ds,6,nsp,-205.3,2.9640420037509765,26,-160.98,6.537264106642783,8
ds_ACCGGC,ds,6,nsp,-159.46,5.326503355861162,15,-155.3,6.5261113229855425,5
ds_ACCGGG,ds,6,nsp,-209.69,4.821749267641392,12,-153.97,5.859158130653253,5
ds_ACCGGT,ds,6,nsp,-144.78,5.249572268290068,16,-142.76,6.03489030554823,9
ds_ACCGT,ds,5,nsp,-194.97,3.3855868029043426,12,-144.63,6.328982461660008,5
ds_ACCT,ds,4,nsp,-157.54,2.4412312467277584,15,-157.54,5.9081640126184745,8
ds_ACCGTA,ds,6,nsp,-187.51,2.7015974903749163,10,-187.51,5.225484188092058,3
ds_ACCGTC,ds,6,nsp,-175.26,3.217849281740834,12,-160.57,6.351504624890085,7
ds_ACCGTG,ds,6,nsp,-189.67,5.490974139440101,19,-170.72,5.856081112826227,8
ds_ACCTA,ds,5,nsp,-178.61,6.340626546328048,7,-143.61,4.924398643489365,2
ds_ACCTAA,ds,6,nsp,-168.36,6.750350064996631,10,-143.55,6.5297548192868575,3
ds_ACCTAC,ds,6,nsp,-175.0,3.524502092494794,14,-145.32,6.189508785032934,2
ds_ACCTC,ds,5,rebuild-ds,-166.68,2.2239219860417987,13,-166.68,6.842398190693098,5
ds_ACCTAG,ds,6,nsp,-168.72,6.505253953536333,13,-137.27,5.763597314177996,2
ds_ACCTAT,ds,6,rebuild-ds,-174.96,5.507143088753013,12,-135.16,5.976415648195824,2
ds_ACCTCC,ds,6,nsp,-159.66,2.462871494820635,16,-159.66,2.508420419307735,7
ds_ACCTCA,ds,6,nsp,-192.77,3.0638343623636275,10,-183.58,5.4962804695539464,7
ds_ACCTCG,ds,6,rebuild-ds,-209.1,4.058359274386652,18,-157.76,5.939386331936995,8
ds_ACCTG,ds,5,rebuild-ds,-155.32,2.5637312651680397,17,-155.32,6.8427050937476395,6
ds_ACCTCT,ds,6,nsp,-164.57,2.361813286439052,17,-164.57,5.294840224218283,7
ds_ACCTGA,ds,6,nsp,-163.73,6.863451828344123,13,-152.37,5.60782319621438,6
ds_ACCTGC,ds,6,nsp,-173.8,5.537994131452273,16,-153.91,5.677393944407964,4
ds_ACCTGG,ds,6,nsp,-207.15,6.164444906072249,21,-173.3,4.263257088189745,8
ds_ACCTTA,ds,6,nsp,-176.31,3.5216315820937587,13,-149.11,6.1634386506235295,3
ds_ACG,ds,3,nsp,-140.45,2.846229435586687,17,-140.45,4.468587920137637,7
ds_ACCTTG,ds,6,nsp,-174.79,3.1278625289484787,12,-174.79,6.423133347518177,6
ds_ACGA,ds,4,nsp,-188.57,6.695047124554107,18,-177.38,4.72627823979927,11
ds_ACCTTC,ds,6,nsp,-166.27,3.126384173450216,9,-166.27,6.552783301773378,6
ds_ACGAA,ds,5,rebuild-ds,-174.13,5.378932700824578,15,-170.58,6.861195595521249,4
ds_ACGAAA,ds,6,rebuild-ds,-173.37,6.677129547942011,17,-157.13,5.7041329753083465,2
ds_ACGAAC,ds,6,nsp,-156.47,6.223651500526043,16,-152.05,6.100344088656,4
ds_ACGAAG,ds,6,nsp,-162.5,3.660136336258528,13,-155.32,4.908178175249955,5
ds_ACGAC,ds,5,nsp,-199.4,4.6531178794438555,16,-162.0,6.7780410886921985,7
ds_ACGAAT,ds,6,nsp,-176.7,4.928103996467635,19,-166.72,6.478214182936528,6
ds_ACGACA,ds,6,nsp,-173.55,5.004676712835717,7,-146.16,6.520080444289021,2
ds_ACGACC,ds,6,nsp,-184.85,3.5966407938519627,17,-148.62,1.4007415893018969,5
ds_ACGAG,ds,5,nsp,-163.06,3.2199809005644857,10,-163.06,6.164683365753669,7
ds_ACGAT,ds,5,nsp,-167.38,3.2460787113069185,10,-167.38,5.6064574376338605,5
ds_ACGAGG,ds,6,nsp,-182.74,3.368254444070379,13,-148.79,6.033849683245349,3
ds_ACGAGT,ds,6,nsp,-158.13,5.096336821678884,10,-147.83,5.324975399004206,3
ds_ACGACG,ds,6,nsp,-162.17,3.2499939999944716,6,-137.64,6.015990359034838,1
ds_ACGACT,ds,6,nsp,-164.83,3.883777800029263,15,-163.63,6.444468868727654,6
ds_ACGAGA,ds,6,nsp,-184.01,5.339510370811177,17,-146.49,2.307303621112741,4
ds_ACGAGC,ds,6,nsp,-162.97,6.780521882569228,15,-153.71,4.660251495359445,6
ds_ACGC,ds,4,nsp,-163.01,5.239874139709856,16,-161.06,6.373954031839281,4
ds_ACGATA,ds,6,nsp,-154.5,6.490095916086313,9,-144.8,6.984879240187351,4
ds_ACGATC,ds,6,rebuild-ds,-218.0,4.227607479414335,14,-154.13,5.337136404477606,6
ds_ACGCA,ds,5,nsp,-180.6,5.231925649318816,17,-147.2,3.0838093326274185,7
ds_ACGCAC,ds,6,nsp,-172.48,4.076568287174907,8,-172.48,6.404603110263732,3
ds_ACGATG,ds,6,nsp,-171.43,3.1103662163803114,16,-171.43,6.130479263483411,7
ds_ACGCAG,ds,6,nsp,-167.54,3.0086094794772102,10,-150.92,5.692975144860551,4
ds_ACGCAA,ds,6,nsp,-183.86,3.0756464361171347,13,-183.86,6.929306458802352,4
ds_ACGCAT,ds,6,nsp,-150.53,3.133200600025492,12,-134.72,3.1450852134719662,3
ds_ACGCC,ds,5,nsp,-180.49,5.421678153487178,19,-166.59,6.681590604040332,12
ds_ACGCCC,ds,6,nsp,-160.88,2.9584972536745764,8,-160.88,6.963779218211913,6
ds_ACGCG,ds,5,nsp,-148.16,5.574640885294771,16,-146.69,2.5507796847238877,5
ds_ACGCCA,ds,6,nsp,-161.36,3.2596542761464735,16,-161.36,5.27793539179859,6
ds_ACGCCG,ds,6,nsp,-172.68,2.808231649989009,17,-153.93,5.236299934113781,10
ds_ACGCCT,ds,6,nsp,-155.63,6.460783698592625,14,-154.48,6.112128434514446,4
ds_ACGCGA,ds,6,nsp,-168.92,2.021511563162602,11,-168.92,6.318457644077406,5
ds_ACGCT,ds,5,nsp,-179.68,6.9357564115242765,18,-165.39,5.958640365049737,7
ds_ACGCGC,ds,6,nsp,-185.71,2.9382862352058137,15,-185.71,6.729214590128642,8
ds_ACGCGG,ds,6,nsp,-178.26,3.397183097803245,18,-153.31,6.986870329410716,8
ds_ACGG,ds,4,nsp,-161.15,6.812873696172564,15,-156.2,6.347693754427654,7
ds_ACGCTA,ds,6,nsp,-149.59,4.104555030694552,7,-144.23,3.9921877460860933,2
ds_ACGCGT,ds,6,nsp,-171.03,3.3254464361946914,14,-159.28,6.811747279516443,5
ds_ACGCTG,ds,6,nsp,-178.23,5.7565785845413595,13,-156.92,6.745812775344439,4
ds_ACGCTC,ds,6,nsp,-166.08,3.5305731829265627,6,-154.44,5.254676012847987,4
ds_ACGGA,ds,5,nsp,-185.46,4.034248133171789,13,-152.93,6.816779591566678,4
ds_ACGGAA,ds,6,rebuild-ds,-180.29,3.5810822386535635,23,-166.7,5.907420503062243,9
ds_ACGGAC,ds,6,nsp,-150.35,5.418499884654424,15,-140.29,2.6188442107158707,6
ds_ACGGAG,ds,6,rebuild-ds,-191.12,2.1375670749709865,16,-144.25,5.874147512618325,4
ds_ACGGC,ds,5,nsp,-181.62,5.513186465194156,19,-148.24,5.9213690140034405,6
ds_ACGGAT,ds,6,nsp,-185.29,2.859278930080111,10,-137.04,6.5400884550592915,2
ds_ACGGCA,ds,6,nsp,-167.52,2.4961782788895746,7,-152.68,4.738700349251897,2
ds_ACGGCC,ds,6,nsp,-171.42,2.9330170473422266,16,-151.38,6.078531566093903,5
ds_ACGGCG,ds,6,nsp,-144.08,2.121648887068747,7,-144.08,5.870341898049899,4
ds_ACGGG,ds,5,nsp,-162.42,6.670624633420779,12,-138.91,4.878336704246633,4
ds_ACGGCT,ds,6,nsp,-166.42,2.899430461314795,13,-166.42,6.062085779663617,5
ds_ACGGGA,ds,6,nsp,-146.33,3.1315647845765606,7,,,0
ds_ACGGGC,ds,6,nsp,-169.17,5.70188047928052,11,-158.21,5.690790279038593,3
ds_ACGGGG,ds,6,rebuild-ds,-178.08,3.410841245206226,14,-156.82,5.399283470980196,5
ds_ACGGTA,ds,6,nsp,-151.85,3.1963086521798934,9,-151.85,6.912512784798308,2
ds_ACGGTC,ds,6,nsp,-152.34,4.054741545400899,8,-138.2,6.994609567374017,4
ds_ACGT,ds,4,nsp,-170.18,5.574092930692849,12,-153.63,6.773340239497788,4
ds_ACGGTG,ds,6,nsp,-163.89,2.4158791360496688,9,-163.89,6.220055144450102,4
ds_ACGTA,ds,5,nsp,-175.12,3.563842308520412,18,-146.46,5.38289671087975,4
ds_ACGTAA,ds,6,nsp,-177.26,2.773808032290652,11,-177.26,5.790073574662071,1
ds_ACGTAC,ds,6,nsp,-173.85,2.8755759423114053,15,-160.51,5.416486961121556,4
ds_ACGTAG,ds,6,nsp,-162.1,2.90067905842751,18,-162.1,5.024008260343521,5
ds_ACGTAT,ds,6,nsp,-187.8,3.2124289875419993,15,-137.87,5.0361117938346105,3
ds_ACGTC,ds,5,nsp,-187.92,5.941530863338162,23,-155.26,3.94871434773396,9
ds_ACGTCA,ds,6,nsp,-171.95,6.544820700370663,16,-154.57,5.535286803770875,5
ds_ACGTCC,ds,6,nsp,-171.83,6.543883709235699,16,-152.42,5.369827837091237,5
ds_ACGTCG,ds,6,nsp,-165.7,6.338479549544988,16,-161.3,5.534037585705392,6
ds_ACGTG,ds,5,nsp,-170.74,2.7054799943817716,15,-152.3,6.804206125625541,10
ds_ACGTCT,ds,6,nsp,-168.12,2.7510147218798893,14,-168.12,5.431142605382397,4
ds_ACGTGG,ds,6,nsp,-170.56,3.7729247275820708,10,-158.17,6.195177317882032,5
ds_ACGTGA,ds,6,nsp,-158.34,6.356125470756553,12,-146.64,5.041245282665795,5
ds_ACGTGC,ds,6,nsp,-154.44,5.3917616787094955,12,-144.02,4.8327535629286835,3
ds_ACT,ds,3,nsp,-149.79,2.638670498565532,11,-149.79,4.9380878890517925,5
ds_ACGTTA,ds,6,nsp,-159.46,3.087823019539815,12,-159.46,6.312849911094039,4
ds_ACGTTC,ds,6,nsp,-166.11,2.9262718602344613,11,-149.47,5.696965946887855,5
ds_ACTA,ds,4,nsp,-185.46,6.000008416660768,17,-151.85,6.352375461195603,6
ds_ACGTTG,ds,6,nsp,-163.01,6.856956394786246,15,-155.83,6.794559146846833,6
ds_ACTAA,ds,5,rebuild-ds,-184.07,3.9031662788049455,11,-141.66,4.894297702428804,6
ds_ACTAAA,ds,6,rebuild-ds,-161.55,3.029783655642748,14,-161.55,5.4576600297196975,3
ds_ACTAAC,ds,6,nsp,-184.44,3.0158812973988303,14,-153.18,4.459202955686149,6
ds_ACTAAT,ds,6,nsp,-163.49,3.8908360284134322,12,-145.53,5.550902899529035,3
ds_ACTAAG,ds,6,nsp,-173.52,3.841986595499804,10,-143.14,5.6261043360392895,2
ds_ACTAC,ds,5,rebuild-ds,-174.08,3.63723480132917,16,-174.08,6.780180012359557,6
ds_ACTACA,ds,6,nsp,-158.2,3.338621422084287,8,-135.53,5.199667200888922,1
ds_ACTACC,ds,6,nsp,-179.92,4.252221537032128,9,-146.17,6.184889004662912,5
ds_ACTACG,ds,6,nsp,-165.42,4.314231101830338,15,-159.04,5.509041477426002,3
ds_ACTAG,ds,5,rebuild-ds,-172.05,3.024621298609155,10,-168.38,2.624116232181798,4
ds_ACTACT,ds,6,nsp,-149.03,2.6521985219813193,12,-145.33,6.48199398333568,4
ds_ACTAGA,ds,6,nsp,-165.59,3.5846870156263515,11,-158.59,5.850184527004264,4
ds_ACTAGC,ds,6,nsp,-159.0,6.34904614883213,12,-149.37,6.3799634011489434,4
ds_ACTAGG,ds,6,nsp,-176.32,3.560709620286387,14,-175.36,5.550994145195973,6
ds_ACTAT,ds,5,nsp,-196.88,3.434616426910026,17,-154.23,4.460836804905564,4
ds_ACTAGT,ds,6,nsp,-161.88,2.5905485905499033,16,-154.52,6.52251308929313,5
ds_ACTATC,ds,6,nsp,-172.38,6.303617215535864,13,-163.53,6.818424231448205,4
ds_ACTATA,ds,6,nsp,-183.15,4.196631744625693,17,-183.15,6.440202326014306,5
ds_ACTATG,ds,6,nsp,-150.69,1.5334868763703204,14,-150.69,4.991688091217241,3
ds_ACTC,ds,4,nsp,-147.93,2.9578591920508983,13,-147.93,6.644130417142627,6
ds_ACTCA,ds,5,rebuild-ds,-171.96,3.3022021440245193,13,-152.73,5.660456253695464,5
ds_ACTCAA,ds,6,nsp,-151.53,1.9319966356078433,12,-146.74,6.536061046226553,5
ds_ACTCAC,ds,6,nsp,-171.52,3.2281384728663878,14,-155.23,6.577625711455475,4
ds_ACTCAG,ds,6,nsp,-165.59,3.9208296315958404,7,-142.8,2.547063799750601,1
ds_ACTCC,ds,5,nsp,-174.74,3.180895942969546,11,-157.28,6.194673276291491,4
ds_ACTCAT,ds,6,nsp,-178.11,5.175389743777783,21,-158.9,5.906453673736882,12
ds_ACTCCC,ds,6,nsp,-156.26,2.558529655876601,11,-155.41,6.095630074077661,7
ds_ACTCCA,ds,6,nsp,-177.84,3.7462170252135816,11,-161.08,6.77138346277924,4
ds_ACTCCG,ds,6,nsp,-171.05,3.20432910294806,11,-169.93,6.889061619698284,4
ds_ACTCG,ds,5,rebuild-ds,-173.03,6.696735772001165,11,-147.14,6.378155846324236,4
ds_ACTCCT,ds,6,nsp,-191.71,5.641155200843189,12,-162.08,2.3927225079394354,6
ds_ACTCGA,ds,6,nsp,-199.01,6.28062496890238,16,-167.6,5.993903736297409,8
ds_ACTCGC,ds,6,rebuild-ds,-167.25,2.7315250319189737,18,-167.25,6.640463010965437,14
ds_ACTCT,ds,5,nsp,-188.66,3.51156460854704,13,-152.18,6.77960389698396,4
ds_ACTCTA,ds,6,nsp,-177.12,3.7741179101877687,12,-154.34,6.2980015878054605,3
ds_ACTCGG,ds,6,nsp,-157.18,5.950604927232208,18,-148.89,2.8228064049806836,7
ds_ACTCTC,ds,6,nsp,-199.16,3.8407253221234305,16,-171.8,3.8537555708684965,9
ds_ACTG,ds,4,nsp,-172.04,6.490207546758416,13,-141.08,6.860688668056591,6
ds_ACTCTG,ds,6,rebuild-ds,-172.09,2.559980663989484,17,-148.1,6.421165003330777,4
ds_ACTGA,ds,5,nsp,-167.81,2.912086880572089,24,-167.81,6.818579324170103,8
ds_ACTGAA,ds,6,nsp,-159.65,6.878859280433057,9,-135.9,5.098564601924755,2
ds_ACTGAC,ds,6,nsp,-208.94,3.52852150340621,15,-208.94,6.453407472025925,3
ds_ACTGAG,ds,6,nsp,-158.81,5.841406337518403,14,-150.33,5.807134060791075,6
ds_ACTGAT,ds,6,nsp,-195.28,4.427170089346019,13,-162.71,3.874697149455678,4
ds_ACTGC,ds,5,nsp,-166.65,2.7537605197257076,16,-166.65,5.895384805082678,7
ds_ACTGCA,ds,6,nsp,-163.36,6.21382933463739,17,-157.21,5.016914091351379,10
ds_ACTGCC,ds,6,nsp,-168.97,3.0872165456929057,15,-163.39,2.592499566055905,9
ds_ACTGCG,ds,6,nsp,-172.33,6.515765956508874,16,-158.36,2.608387049500141,7
ds_ACTGG,ds,5,nsp,-169.09,3.633683943328035,14,-169.09,6.418321431651749,6
ds_ACTGCT,ds,6,nsp,-170.05,2.919110994806471,15,-156.53,6.786348429015422,5
ds_ACTGGA,ds,6,nsp,-164.65,3.756105030480392,14,-160.55,5.073953488158913,4
ds_ACTGGC,ds,6,nsp,-197.32,4.652348439229385,17,-171.06,5.685635760405336,8
ds_ACTGGG,ds,6,nsp,-185.92,5.284592321078341,9,-159.25,5.198680601845046,3
ds_ACTGTA,ds,6,nsp,-164.72,5.32711160010752,12,-142.37,5.4737099850101485,6
ds_ACTGTC,ds,6,nsp,-193.71,3.0793898746342636,11,-162.05,5.439831063553352,6
ds_ACTTA,ds,5,nsp,-195.86,3.087003887266739,12,-171.12,5.251001713958966,3
ds_ACTGTG,ds,6,nsp,-152.63,6.268322742169552,17,-149.16,2.6596281695003774,4
ds_ACTTAA,ds,6,nsp,-154.04,6.194929378128552,17,-133.52,6.126745955235953,6
ds_ACTTAC,ds,6,nsp,-159.73,6.501165587800399,14,-153.98,6.516735455732405,5
ds_ACTTAG,ds,6,nsp,-175.08,6.294634302324489,18,-141.92,3.9728657163312153,3
ds_ACTTAT,ds,6,nsp,-166.33,6.425139142462213,13,-152.64,5.048643976356434,4
ds_ACTTC,ds,5,nsp,-191.67,2.7276999468416756,11,-191.67,6.176626668336042,3
ds_ACTTCA,ds,6,nsp,-176.03,2.902544573301145,22,-161.93,6.934186109414709,9
ds_ACTTCG,ds,6,nsp,-173.35,3.224303955895003,13,-152.09,6.906667286036007,7
ds_ACTTCC,ds,6,rebuild-ds,-173.1,2.699463279987335,10,-162.15,4.681441337878748,4
ds_ACTTG,ds,5,nsp,-181.67,3.4677383119261185,16,-178.08,5.318539367157127,8
ds_ACTTCT,ds,6,nsp,-154.02,2.558314679627982,8,-154.02,6.363430128476317,3
ds_ACTTGA,ds,6,nsp,-162.78,6.405730325263475,21,-160.92,4.087091875649477,9
ds_ACTTGG,ds,6,nsp,-161.84,3.0444324594249057,14,-161.84,5.387171892561073,5
ds_ACTTGC,ds,6,nsp,-182.4,3.4948067185468275,20,-149.65,5.8345788194179065,8
ds_ACTTTA,ds,6,nsp,-166.4,3.0753396560379946,14,-166.4,6.20704148528106,6
ds_AGA,ds,3,nsp,-160.99,2.81661747491562,16,-160.99,6.643361347992461,7
ds_AGAA,ds,4,nsp,-168.81,6.3156773983477095,13,-167.26,5.293251836064476,4
ds_ACTTTC,ds,6,nsp,-159.83,3.105055394030819,13,-151.05,5.9414653916352975,6
ds_ACTTTG,ds,6,nsp,-164.35,6.781302677214759,13,-155.33,6.536675760660007,5
ds_AGAAA,ds,5,nsp,-154.32,3.3793178305687603,15,-152.86,4.656833366140564,4
ds_AGAAAA,ds,6,nsp,-170.62,3.405662637431951,18,-170.62,6.798570585056834,5
ds_AGAAAC,ds,6,nsp,-165.84,6.676408390744257,11,-150.02,5.5151520377955086,6
ds_AGAAAG,ds,6,nsp,-154.01,2.5004131658587765,6,-154.01,6.069585241184119,4
ds_AGAAC,ds,5,nsp,-164.11,2.9957711861889456,18,-153.97,5.7757866996626515,7
ds_AGAAAT,ds,6,nsp,-173.47,3.4539759698064114,19,-146.22,4.719701791427076,9
ds_AGAACA,ds,6,nsp,-179.57,3.772737467675169,15,-179.57,6.894814138176614,6
ds_AGAACC,ds,6,nsp,-184.59,3.153659620187333,14,-162.22,5.242614424120858,5
ds_AGAACG,ds,6,nsp,-158.8,6.213748787970117,9,-140.6,6.893609359399489,1
ds_AGAAG,ds,5,nsp,-167.91,6.801371111768587,10,-148.45,5.836865768543945,3
ds_AGAACT,ds,6,nsp,-156.31,6.5120713294619215,10,-152.79,6.2892013801436,4
ds_AGAAGC,ds,6,nsp,-162.32,3.4586566756473562,17,-153.87,5.777808408038466,10
ds_AGAAGG,ds,6,rebuild-ds,-158.66,2.7736535472188963,8,-158.66,5.038804024766192,3
ds_AGAAGA,ds,6,nsp,-162.8,2.6828255627229907,23,-162.8,6.348181708174386,5
ds_AGAAT,ds,5,nsp,-183.06,2.5099595614272308,13,-183.06,5.670050705240651,4
ds_AGAC,ds,4,nsp,-166.64,3.244087082678268,22,-166.64,6.317031977123434,8
ds_AGAATG,ds,6,nsp,-170.03,2.7602364029191455,22,-170.03,5.835209165059978,9
ds_AGAATA,ds,6,nsp,-187.88,3.662453549193503,14,-187.88,6.629930090129166,8
ds_AGAATC,ds,6,nsp,-178.22,5.8114026706123365,10,-143.74,6.331765630533094,5
ds_AGACA,ds,5,nsp,-160.51,5.150454251811216,14,-146.8,6.709386633664814,4
ds_AGACAA,ds,6,nsp,-186.26,3.6193568489442782,18,-169.17,5.942126050497409,6
ds_AGACAC,ds,6,rebuild-ds,-200.18,3.281417681429778,16,-159.54,5.331536457720245,6
ds_AGACAG,ds,6,nsp,-165.8,3.723248715839449,12,-155.93,5.514523642165299,5
ds_AGACC,ds,5,nsp,-187.02,3.307890264201654,17,-162.22,5.426602436147307,8
ds_AGACAT,ds,6,nsp,-170.27,3.156436756850998,14,-170.27,6.865211577220324,8
ds_AGACCC,ds,6,nsp,-166.27,5.33180879252062,11,-166.11,6.988741088350588,4
ds_AGACCA,ds,6,nsp,-170.45,3.358521400854853,17,-170.45,6.4997296866869725,9
ds_AGACCG,ds,6,rebuild-ds,-164.33,2.704919407302185,8,-164.33,6.433539772162761,4
ds_AGACG,ds,5,nsp,-164.68,3.9270556400438084,16,-151.36,5.502048436718818,4
ds_AGACCT,ds,6,rebuild-ds,-163.76,4.650316333326167,13,-155.95,6.972188035330091,8
ds_AGACGC,ds,6,nsp,-164.26,3.349028217259435,15,-136.54,6.440373048201482,3
ds_AGACGA,ds,6,nsp,-185.26,2.926136018711394,10,-160.64,6.695590265241745,3
ds_AGACT,ds,5,nsp,-180.7,6.372500451157299,16,-153.66,4.538242941932471,3
ds_AGACGG,ds,6,nsp,-166.98,2.933542738737584,11,-166.98,4.574544567495208,5
ds_AGACTA,ds,6,nsp,-171.33,2.16043328987497,10,-171.33,5.803747926986491,4
ds_AGAG,ds,4,nsp,-153.44,2.8265050857905996,11,-150.92,6.51802945682206,7
ds_AGACTC,ds,6,nsp,-170.62,4.003075567610479,19,-155.74,4.494875860354767,6
ds_AGACTG,ds,6,nsp,-174.77,2.490449156276828,13,-174.77,5.36623340901233,5
ds_AGAGA,ds,5,nsp,-169.91,5.2455780425040075,19,-144.04,5.57436965046273,8
ds_AGAGAA,ds,6,nsp,-184.35,2.738369953092543,7,-184.35,5.27861317014231,2
ds_AGAGAC,ds,6,nsp,-174.02,2.7529972756979038,16,-174.02,5.352836724578859,8
ds_AGAGC,ds,5,nsp,-172.4,3.1280487528170156,15,-150.22,5.761465785718087,7
ds_AGAGAG,ds,6,nsp,-165.45,2.444102698333261,15,-165.45,4.944211362795888,9
ds_AGAGAT,ds,6,nsp,-186.11,3.374157228108969,15,-157.81,5.08994587397547,5
ds_AGAGCA,ds,6,nsp,-150.01,3.2463239209912502,6,-150.01,6.376101473471072,3
ds_AGAGCC,ds,6,nsp,-178.78,2.384701868158806,14,-173.61,6.228854469322591,7
ds_AGAGG,ds,5,nsp,-159.68,3.396432540180967,15,-147.5,6.7383768075108454,5
ds_AGAGCT,ds,6,nsp,-162.54,2.9680259432828366,9,-153.9,5.780807210070216,3
ds_AGAGTC,ds,6,nsp,-160.47,3.7652107510735906,8,-144.1,4.449070577098106,4
ds_AGAGCG,ds,6,nsp,-162.49,2.7216276380137097,10,-162.49,6.500880786478101,5
ds_AGAGTA,ds,6,nsp,-167.47,2.7267319266843977,18,-167.47,6.594203060264371,6
ds_AGAGGC,ds,6,nsp,-165.16,6.586130426889519,15,-160.76,6.748687650202807,5
ds_AGAGGA,ds,6,nsp,-172.18,3.28046795442357,10,-172.18,6.676408091181973,5
ds_AGAGGG,ds,6,rebuild-ds,-215.97,3.8840910133517785,25,-173.97,2.4325710678210384,10
ds_AGAT,ds,4,nsp,-162.62,6.867075869684276,15,-156.88,5.761211504536183,7
ds_AGAGTG,ds,6,nsp,-155.03,2.5131082348358746,12,-155.03,5.81228793161521,5
ds_AGATA,ds,5,nsp,-184.8,4.191491977804589,13,-145.05,4.241143006313287,7
ds_AGATAG,ds,6,nsp,-184.49,2.585948762060061,11,-184.49,6.987537763761995,5
ds_AGATC,ds,5,nsp,-194.44,3.913724313234161,13,-156.28,2.548286875530298,6
ds_AGATAA,ds,6,nsp,-158.61,3.0599282671330865,9,-148.58,6.721685056591088,3
ds_AGATAC,ds,6,nsp,-175.71,3.431231557327491,11,-171.07,6.9400785298150725,5
ds_AGATAT,ds,6,nsp,-179.1,3.6600027322394384,16,-157.65,5.986040928694027,5
ds_AGATCA,ds,6,nsp,-179.96,6.2957028201782155,9,-155.88,5.310258468285703,2
ds_AGATG,ds,5,nsp,-156.8,3.0232500723559315,12,-156.8,6.425980547745227,8
ds_AGATCC,ds,6,nsp,-153.18,2.9144745667101124,12,-146.19,6.862214074189181,3
ds_AGATCG,ds,6,nsp,-150.22,3.0622846046701815,20,-149.97,6.654114967446841,8
ds_AGATGC,ds,6,nsp,-163.99,3.0365411243716003,13,-163.99,6.261191659740192,6
ds_AGATGA,ds,6,nsp,-178.05,2.3932860255305846,9,-166.16,5.951869118184635,5
ds_AGATGG,ds,6,nsp,-167.94,6.1806918706565614,11,-153.48,5.226686235082418,6
ds_AGATCT,ds,6,nsp,-167.64,6.908473275623212,16,-163.05,6.877328114900446,4
ds_AGC,ds,3,nsp,-169.31,4.109304077334755,14,-150.41,5.040743695130704,4
ds_AGATTA,ds,6,nsp,-169.62,2.4932182014416684,12,-157.81,5.250182473019386,6
ds_AGCA,ds,4,nsp,-152.21,2.7290619267433383,16,-149.65,5.280408128165855,6
ds_AGATTC,ds,6,nsp,-161.1,2.8046249303605624,11,-161.1,6.954685111491399,4
ds_AGATTG,ds,6,nsp,-169.15,2.793124773439246,10,-149.14,5.289498369410849,4
ds_AGCAA,ds,5,nsp,-169.9,4.191372328963394,14,-144.47,5.728553133209124,6
ds_AGCAAC,ds,6,nsp,-214.44,3.1974652460972948,13,-157.71,6.184630465921129,4
ds_AGCAAA,ds,6,nsp,-206.54,4.142182154372273,11,-175.96,5.9299540470394865,7
ds_AGCAAG,ds,6,nsp,-210.3,3.6170906817496413,9,-172.03,6.410324328768387,4
ds_AGCAC,ds,5,nsp,-179.69,4.707535554831248,14,-152.8,5.104506734249641,6
ds_AGCAAT,ds,6,nsp,-174.55,2.3722929835920397,15,-160.84,5.299640931232992,8
ds_AGCACA,ds,6,nsp,-161.41,2.579712193249479,15,-161.41,2.579712193249479,5
ds_AGCACC,ds,6,nsp,-164.49,6.160769432465408,12,-144.58,5.299342128981679,2
ds_AGCAG,ds,5,nsp,-164.0,6.409451302568721,12,-151.94,6.423069515426406,6
ds_AGCACG,ds,6,nsp,-213.15,3.40403363673158,12,-151.47,5.728914469600675,5
ds_AGCACT,ds,6,nsp,-215.88,3.6760953469680495,12,-147.42,5.807846244521289,5
ds_AGCAGA,ds,6,nsp,-198.85,3.4772648734314315,11,-176.2,5.7955739146352006,5
ds_AGCAGC,ds,6,nsp,-188.46,3.8343224955655506,14,-176.91,6.4257099996809774,5
ds_AGCAT,ds,5,nsp,-156.13,2.8169716008508305,14,-156.13,6.77986563288683,6
ds_AGCAGG,ds,6,nsp,-171.26,5.94915506605772,18,-159.35,5.698145838779495,9
ds_AGCATA,ds,6,nsp,-142.16,4.80141489563235,10,-140.91,4.69029018292044,6
ds_AGCATG,ds,6,nsp,-190.53,4.582009275416227,17,-162.17,5.918015038845363,8
ds_AGCATC,ds,6,nsp,-201.17,5.046330448950026,4,,,0
ds_AGCC,ds,4,nsp,-165.8,6.230861657908971,15,-140.61,6.651465477622195,5
ds_AGCCA,ds,5,nsp,-179.91,5.484732080968054,15,-157.74,6.049175646317449,7
ds_AGCCAA,ds,6,nsp,-196.74,3.6214915435494364,9,-148.5,5.6958548085427925,3
ds_AGCCC,ds,5,nsp,-176.66,3.458085019197784,16,-169.33,6.45457496664189,10
ds_AGCCAC,ds,6,rebuild-ds,-189.6,4.776214086491538,16,-166.48,5.939170059865258,5
ds_AGCCAG,ds,6,nsp,-195.18,3.1158283007893814,19,-155.12,6.18282273722932,7
ds_AGCCCC,ds,6,rebuild-ds,-174.97,6.134479440017725,19,-165.15,5.553068881258361,7
ds_AGCCAT,ds,6,nsp,-217.31,3.3174860964290613,12,-163.88,5.917595880085076,5
ds_AGCCCA,ds,6,rebuild-ds,-171.62,6.392153471248952,16,-160.36,1.753995724054086,5
ds_AGCCCG,ds,6,rebuild-ds,-170.54,2.8859844074422845,15,-153.77,6.522355479426129,3
ds_AGCCCT,ds,6,nsp,-192.15,3.2037754290836538,13,-143.05,5.765869492106106,5
ds_AGCCG,ds,5,nsp,-171.75,3.378032859520467,15,-150.65,2.613736979881485,7
ds_AGCCT,ds,5,nsp,-161.21,5.14467365340117,9,-151.77,5.73538699653302,3
ds_AGCCGA,ds,6,nsp,-168.22,6.883419644333784,9,-148.18,5.283282407746138,4
ds_AGCCGC,ds,6,nsp,-198.35,3.1000227418520776,11,-159.73,5.016267337373481,5
ds_AGCCGG,ds,6,nsp,-153.32,2.8404966115100465,7,-144.17,5.9098269010183415,3
ds_AGCCTA,ds,6,nsp,-170.2,2.8027181449443166,10,-170.2,5.71033002548889,6
ds_AGCG,ds,4,nsp,-158.49,6.781303783196868,12,-136.67,5.011479023202633,4
ds_AGCCTC,ds,6,nsp,-189.29,4.72367907461971,11,-150.82,6.244164475732511,4
ds_AGCCTG,ds,6,rebuild-ds,-174.71,2.4964272470873166,17,-174.71,5.826570946963579,8
ds_AGCGA,ds,5,rebuild-ds,-191.63,3.013594199622783,11,-161.04,5.84075174956101,3
ds_AGCGAA,ds,6,nsp,-175.31,5.4833312867270765,15,-161.26,4.685331791879834,3
ds_AGCGAC,ds,6,nsp,-159.95,3.285601467007211,11,-159.95,6.706847620156589,4
ds_AGCGAG,ds,6,nsp,-180.83,4.582153314763695,19,-152.32,6.102888742226916,7
ds_AGCGAT,ds,6,nsp,-198.03,2.8542098731523153,18,-174.77,5.789361536473593,5
ds_AGCGC,ds,5,nsp,-173.49,5.081483740011373,16,-159.26,5.410085951258068,4
ds_AGCGCA,ds,6,nsp,-156.39,6.940147909086655,16,-147.02,2.5008914410665746,6
ds_AGCGCC,ds,6,nsp,-209.75,3.2207995901639124,18,-166.51,6.651929494515117,10
ds_AGCGCG,ds,6,nsp,-168.3,6.01616430959127,14,-162.69,5.631446439415012,9
ds_AGCGG,ds,5,nsp,-165.09,6.2494727777629295,14,-164.78,4.392620288620446,5
ds_AGCGCT,ds,6,nsp,-172.41,6.8520701251519744,10,-155.22,6.077899884005993,5
ds_AGCGGA,ds,6,rebuild-ds,-202.83,2.5488403245397784,9,-139.7,5.947191774274646,1
ds_AGCGGC,ds,6,nsp,-185.9,6.58964475522012,14,-163.5,6.3934649447697645,4
ds_AGCGGG,ds,6,nsp,-190.84,3.983280683055139,15,-156.54,6.227381953919323,3
ds_AGCGTA,ds,6,nsp,-154.77,5.0018912423202595,13,-149.23,3.642663174107644,6
ds_AGCT,ds,4,nsp,-160.77,2.9113778524952987,14,-146.0,2.9131256409568094,4
ds_AGCGTC,ds,6,nsp,-154.05,3.1932989211785445,6,-151.79,5.737394094883147,2
ds_AGCGTG,ds,6,nsp,-144.95,3.1889593914003007,9,-144.54,5.937936089248521,5
ds_AGCTA,ds,5,nsp,-160.21,5.235247272097109,20,-152.78,6.535747700148784,12
ds_AGCTAA,ds,6,nsp,-166.97,5.722468872785593,14,-159.84,4.488765197690805,5
ds_AGCTAC,ds,6,nsp,-176.81,3.212875658969723,7,-141.57,6.679982410156482,3
ds_AGCTAG,ds,6,nsp,-170.79,3.210469436079425,13,-152.65,2.7641240927281054,7
ds_AGCTC,ds,5,nsp,-179.36,6.277868587347155,12,-148.18,5.018615845031368,7
ds_AGCTAT,ds,6,rebuild-ds,-172.8,3.561262697415065,8,-165.46,5.242225290847385,3
ds_AGCTCA,ds,6,nsp,-155.33,2.177508208939732,14,-155.33,6.967740882093697,6
ds_AGCTCC,ds,6,nsp,-169.14,6.838468615121371,13,-140.28,6.805396828988006,5
ds_AGCTG,ds,5,nsp,-160.79,2.647949395286849,15,-160.79,5.913211141165191,7
ds_AGCTCG,ds,6,nsp,-174.02,3.802120592511519,13,-169.07,2.6907911475995325,7
ds_AGCTGC,ds,6,nsp,-162.35,2.4722752678453954,19,-162.35,5.012488004973181,5
ds_AGCTGA,ds,6,nsp,-154.59,3.9604726990600363,9,-137.16,2.545877648277709,3
ds_AGG,ds,3,nsp,-155.25,3.3206698119506055,15,-155.25,5.647979196137323,7
ds_AGCTTA,ds,6,nsp,-168.24,3.6309659871720377,12,-145.0,2.622243505092549,2
ds_AGCTGG,ds,6,nsp,-172.71,6.38774929063437,9,-140.5,5.831050848689277,1
ds_AGGA,ds,4,nsp,-166.37,2.9464653400303304,16,-135.76,5.878646527900786,4
ds_AGCTTG,ds,6,nsp,-213.23,4.331668269847099,11,-155.67,5.995188570845787,4
ds_AGCTTC,ds,6,nsp,-148.11,2.588602325580354,12,-148.11,6.7414017830122015,5
ds_AGGAA,ds,5,nsp,-166.49,2.961084260874727,15,-166.49,5.673220073291715,8
ds_AGGAAA,ds,6,nsp,-174.08,2.6896901308515253,13,-174.08,5.337123850914447,6
ds_AGGAAC,ds,6,nsp,-182.41,6.365674983848954,11,-141.21,6.261742968215803,3
ds_AGGAC,ds,5,nsp,-182.39,3.3528975528638036,13,-164.68,5.303887159433166,3
ds_AGGAAG,ds,6,nsp,-193.72,3.3536228171933877,9,-148.5,6.672970328122241,3
ds_AGGAAT,ds,6,nsp,-191.84,2.8827434849462232,19,-169.26,6.648495243286267,9
ds_AGGACC,ds,6,nsp,-191.16,2.9079657838427306,8,-162.65,6.4270174264583835,6
ds_AGGACA,ds,6,nsp,-175.48,3.245237433532403,13,-162.5,5.882032811877201,6
ds_AGGACG,ds,6,nsp,-183.15,3.0574219532148526,11,-137.24,2.2990154414444395,2
ds_AGGAG,ds,5,nsp,-153.2,3.7954579433844366,14,-149.2,6.54933592053425,6
ds_AGGACT,ds,6,nsp,-173.53,4.933113621233541,7,-149.69,5.805631404076572,3
ds_AGGAGC,ds,6,nsp,-180.81,3.053860835074211,13,-151.16,1.9349516789832288,6
ds_AGGAGA,ds,6,nsp,-162.35,4.739401439000507,11,-142.17,5.229143906988968,3
ds_AGGAGG,ds,6,nsp,-167.82,2.6607128744003945,13,-167.82,5.768443290871464,6
ds_AGGAT,ds,5,nsp,-181.04,4.85828097170183,15,-151.54,4.861656610662662,5
ds_AGGATA,ds,6,nsp,-149.38,2.8098273968341703,9,-149.38,6.564273379438124,6
ds_AGGC,ds,4,nsp,-151.21,3.5805833323636187,11,-134.65,4.748246202546792,5
ds_AGGATC,ds,6,nsp,-182.14,2.7877462223093232,17,-182.14,6.94623250402691,10
ds_AGGCA,ds,5,nsp,-168.66,3.8335437913241797,11,-157.21,5.481400277301415,3
ds_AGGATG,ds,6,nsp,-189.81,3.2187918540968323,13,-156.43,6.564833432768884,3
ds_AGGCAA,ds,6,nsp,-189.48,2.804187939493383,11,-163.84,5.517064618073636,3
ds_AGGCAG,ds,6,nsp,-166.93,6.8213524318862415,16,-165.0,4.82409069151896,7
ds_AGGCAC,ds,6,nsp,-196.96,3.32177572993724,15,-155.38,6.735225757166569,5
ds_AGGCC,ds,5,nsp,-174.83,4.5471742874009315,17,-166.04,4.9602175355522435,8
ds_AGGCAT,ds,6,nsp,-165.65,3.241422372971465,18,-165.65,5.686025501173916,7
ds_AGGCCC,ds,6,nsp,-176.13,2.5264166323075328,17,-168.66,5.6760170013839675,7
ds_AGGCCG,ds,6,nsp,-157.61,2.7226035333849175,15,-157.61,6.510454669222421,7
ds_AGGCCA,ds,6,nsp,-151.0,4.73842811489212,16,-150.35,6.780449542618845,8
ds_AGGCCT,ds,6,rebuild-ds,-177.64,3.4835065666652816,15,-157.23,6.652683368386031,8
ds_AGGCGA,ds,6,nsp,-165.5,5.350469979356953,13,-144.15,5.682343266646254,3
ds_AGGCG,ds,5,nsp,-212.74,5.214541686476393,18,-162.2,4.4558527803328545,7
ds_AGGCGC,ds,6,nsp,-175.94,3.4222543739471054,16,-171.02,6.355508712919848,8
ds_AGGCGG,ds,6,nsp,-172.0,2.5005343428955453,17,-172.0,5.381373988118645,6
ds_AGGCTG,ds,6,nsp,-143.8,4.910945835579937,9,-141.1,2.3253345995791657,5
ds_AGGCTA,ds,6,nsp,-147.5,6.779367300862248,8,-135.62,6.690492956427057,3
ds_AGGCTC,ds,6,nsp,-188.46,3.5697233786387628,15,-166.18,5.639908775858002,7
ds_AGGG,ds,4,nsp,-154.0,3.3097380561005214,18,-154.0,5.918375706222114,8
ds_AGGGA,ds,5,nsp,-165.66,6.462953349669184,16,-160.89,5.887104551475204,7
ds_AGGGAA,ds,6,nsp,-168.27,5.439473595854667,12,-151.3,6.70512967808976,4
ds_AGGGAG,ds,6,nsp,-153.06,2.80755427374076,10,-153.06,4.90713959450921,4
ds_AGGGAC,ds,6,nsp,-204.84,5.267738319241011,12,-173.35,5.471546216564384,4
ds_AGGGC,ds,5,nsp,-170.46,5.0079490812107945,16,-152.85,4.728040926218823,6
ds_AGGGCA,ds,6,nsp,-146.6,2.470869280233184,7,-146.6,2.50635771588973,4
ds_AGGGAT,ds,6,nsp,-166.38,2.8299924028166763,10,-152.01,6.869713676711719,2
ds_AGGGCG,ds,6,nsp,-168.27,2.991360058568684,6,-168.27,6.500322838136587,2
ds_AGGGG,ds,5,nsp,-163.8,6.620194936706942,17,-161.14,6.605801919524982,4
ds_AGGGCC,ds,6,nsp,-204.06,3.1434551054532407,17,-185.67,5.676026603179382,5
ds_AGGGGA,ds,6,nsp,-163.55,3.80639107291935,10,-156.01,6.374176417389158,6
ds_AGGGGC,ds,6,nsp,-174.66,3.5009870036891226,13,-154.48,6.984728054835066,6
ds_AGGGGG,ds,6,nsp,-156.99,4.353664892937925,14,-151.73,5.438472119998431,4
ds_AGGGTA,ds,6,nsp,-156.95,6.503976245344083,14,-141.98,6.701653825735859,5
ds_AGGTA,ds,5,nsp,-177.22,3.204679703184092,15,-174.58,5.816014184989572,6
ds_AGGGTC,ds,6,nsp,-167.37,6.134440561290003,10,-140.39,4.170394345862266,2
ds_AGGGTG,ds,6,nsp,-153.75,3.3079342496488864,11,-139.0,6.340558808180882,5
ds_AGGTAA,ds,6,nsp,-165.77,2.8258140420063174,11,-165.77,2.8258140420063174,2
ds_AGGTAC,ds,6,nsp,-191.29,3.0070897891483197,14,-168.21,6.3277141212289285,6
ds_AGGTAG,ds,6,nsp,-167.0,6.06609141045534,14,-152.03,2.3416460022813004,4
ds_AGGTAT,ds,6,nsp,-182.64,3.5945227777829,15,-163.33,6.779008924614274,2
ds_AGGTC,ds,5,nsp,-206.51,4.497677734120155,14,-150.15,3.8038997095086486,4
ds_AGGTCA,ds,6,nsp,-163.49,2.8066487133234115,15,-163.49,5.874246334637317,7
ds_AGGTCC,ds,6,nsp,-162.99,2.4334504309724503,11,-162.99,5.327514429825601,6
ds_AGGTG,ds,5,nsp,-198.55,2.4054897630212633,24,-174.54,3.365592518413378,10
ds_AGGTCG,ds,6,nsp,-167.2,2.766078270765309,14,-162.45,5.811699493263579,9
ds_AGGTGC,ds,6,rebuild-ds,-174.01,3.1094039621766885,14,-158.5,5.050145443450123,5
ds_AGGTGA,ds,6,nsp,-176.1,6.928926756720712,8,-144.17,4.805243282082596,2
ds_AGGTGG,ds,6,nsp,-175.88,2.562232229912031,17,-175.88,4.626585890265084,6
ds_AGTA,ds,4,nsp,-187.42,3.382130689373211,17,-162.27,5.756372208257574,7
ds_AGGTTA,ds,6,nsp,-179.48,3.0701721450107824,9,-143.66,3.961973371944832,3
ds_AGGTTG,ds,6,nsp,-149.06,3.536868954315363,9,-137.74,5.707093218092733,4
ds_AGGTTC,ds,6,nsp,-156.21,5.506676765527467,9,-131.23,2.857383593429486,1
ds_AGTAA,ds,5,nsp,-192.31,3.251220693831789,10,-143.8,5.506703278732199,2
ds_AGTAAA,ds,6,nsp,-174.14,5.140086672421026,15,-161.64,6.1947410761064,5
ds_AGTAAC,ds,6,nsp,-206.87,4.523222302739524,18,-169.38,5.763210997352104,7
ds_AGTAC,ds,5,rebuild-ds,-179.97,3.479715074542753,17,-160.61,2.649084936350656,4
ds_AGTAAG,ds,6,nsp,-161.86,6.293011838539672,15,-150.73,4.868408980354868,7
ds_AGTAAT,ds,6,nsp,-154.63,6.2648806852165935,13,-142.82,2.6845971764866214,5
ds_AGTACA,ds,6,nsp,-181.49,5.413476701713982,11,-159.86,5.324620362054004,2
ds_AGTACG,ds,6,nsp,-154.24,6.203847354666297,12,-140.82,5.191903022977227,6
ds_AGTACC,ds,6,nsp,-162.36,6.147249547561913,8,-142.62,6.285972001210309,2
ds_AGTAG,ds,5,nsp,-159.09,2.5718230887835096,16,-159.09,5.863288582357177,5
ds_AGTACT,ds,6,nsp,-185.01,2.9408849008419455,15,-148.45,5.364674174635403,4
ds_AGTAGA,ds,6,nsp,-179.3,6.651967829146524,17,-158.65,5.599488726660677,8
ds_AGTAT,ds,5,nsp,-194.02,3.2585366347487987,18,-167.9,5.402147906157325,4
ds_AGTAGG,ds,6,rebuild-ds,-178.52,3.703982316372484,18,-173.85,6.02544653946908,7
ds_AGTAGC,ds,6,nsp,-203.9,6.776911243332045,19,-184.52,4.425008587562284,7
ds_AGTATC,ds,6,nsp,-173.88,4.051036904299964,10,-149.01,2.938654624143503,4
ds_AGTATA,ds,6,nsp,-176.3,5.737294397187585,18,-156.48,2.5782108137233517,4
ds_AGTC,ds,4,nsp,-173.79,3.9268711463454054,17,-139.78,5.553002251035013,4
ds_AGTATG,ds,6,nsp,-171.09,6.493785490759618,10,-159.53,4.965264142017017,4
ds_AGTCA,ds,5,nsp,-205.53,3.4627753320133414,20,-148.7,6.853851690837793,8
ds_AGTCAA,ds,6,nsp,-157.06,6.763955499557943,18,-148.75,6.515763270715101,5
ds_AGTCAC,ds,6,rebuild-ds,-198.78,3.4517667939766867,19,-160.53,5.53226273779546,8
ds_AGTCAG,ds,6,nsp,-157.0,3.270103056480037,12,-147.66,5.597927652265609,4
ds_AGTCC,ds,5,nsp,-208.99,3.618098533760543,20,-158.96,2.48189322896858,8
ds_AGTCAT,ds,6,nsp,-159.81,2.9877437975837413,8,-159.81,6.542348660840399,3
ds_AGTCCA,ds,6,nsp,-168.03,2.806122591762533,10,-168.03,6.068413384073307,4
ds_AGTCCC,ds,6,nsp,-196.33,5.7850356092249,14,-161.77,6.250934650114335,7
ds_AGTCG,ds,5,nsp,-161.08,3.599176572495427,12,-147.38,5.495975436626342,5
ds_AGTCCG,ds,6,nsp,-160.16,2.723875914941798,17,-160.16,6.7880097966929975,6
ds_AGTCGA,ds,6,nsp,-182.18,3.1715707464914136,15,-158.54,5.558925435729462,6
ds_AGTCGG,ds,6,nsp,-155.51,5.287215807965502,17,-151.26,5.837547173256941,5
ds_AGTCGC,ds,6,nsp,-171.13,6.500619893517859,17,-147.1,4.78697545429263,5
ds_AGTG,ds,4,nsp,-172.26,6.59966256713175,20,-145.53,6.595368981338342,7
ds_AGTCTA,ds,6,nsp,-177.05,5.412249624693972,15,-159.74,5.171655344278092,5
ds_AGTCTC,ds,6,nsp,-167.88,6.181482103832385,16,-159.1,5.331458805992972,4
ds_AGTGA,ds,5,nsp,-225.48,3.121996316461666,22,-189.89,6.736778607019815,7
ds_AGTCTG,ds,6,nsp,-156.47,3.0857927668591314,12,-152.1,5.448806474816283,3
ds_AGTGAA,ds,6,nsp,-172.81,2.929364094816485,12,-172.81,6.16531751007197,6
ds_AGTGC,ds,5,nsp,-186.64,3.229205629872459,15,-176.96,5.690693982283706,7
ds_AGTGAC,ds,6,nsp,-218.79,3.472185046912117,17,-163.8,6.946399930899451,10
ds_AGTGAT,ds,6,nsp,-162.75,3.2647649226246216,14,-155.71,2.8616430595027054,3
ds_AGTGAG,ds,6,nsp,-181.32,3.7580081160104126,22,-156.25,6.612215211258632,8
ds_AGTGCA,ds,6,nsp,-168.11,3.60850287515474,12,-164.07,2.3798447428351355,4
ds_AGTGCG,ds,6,nsp,-179.7,3.178334469498165,12,-148.08,6.646597701079853,5
ds_AGTGCC,ds,6,nsp,-190.31,5.407172551343281,13,-147.03,5.4154879743195865,5
ds_AGTGG,ds,5,nsp,-171.95,3.0289214251941377,18,-159.76,6.831549604591913,7
ds_AGTGGA,ds,6,rebuild-ds,-208.35,3.1262061672257264,8,-158.25,6.851012844828132,2
ds_AGTGGC,ds,6,nsp,-205.01,3.118913272279333,13,-173.41,5.977786965090018,6
ds_AGTGGG,ds,6,nsp,-172.89,5.360613024645618,15,-171.07,5.325115585599992,8
ds_AGTGTA,ds,6,rebuild-ds,-185.96,5.864524703673776,11,-155.12,6.936849284797819,2
ds_AGTTA,ds,5,nsp,-197.34,3.5280955202488595,15,-171.34,5.703040943216179,6
ds_AGTGTC,ds,6,nsp,-210.71,3.9671618318390074,17,-166.15,6.738771772363262,8
ds_AGTGTG,ds,6,nsp,-183.46,3.095826545528695,18,-159.06,5.146302167576266,7
ds_AGTTAA,ds,6,nsp,-184.97,6.289836722841059,15,-151.09,2.5569939382016535,4
ds_AGTTAC,ds,6,nsp,-151.73,3.4452536916749863,10,-149.88,6.574551315489132,3
ds_AGTTC,ds,5,nsp,-163.32,2.2765616618049127,16,-163.32,5.953433715092484,4
ds_AGTTAG,ds,6,nsp,-161.13,4.933109161573455,12,-157.35,6.360405804663709,7
ds_AGTTAT,ds,6,nsp,-164.53,4.021446630256357,8,-141.15,4.843255310222665,3
ds_AGTTCC,ds,6,nsp,-204.92,3.566225175167724,15,-161.73,5.2041554550186175,6
ds_AGTTCA,ds,6,nsp,-156.48,2.495484121368063,10,-156.48,5.904214596370979,5
ds_AGTTG,ds,5,nsp,-175.87,3.3330135013228164,13,-157.61,5.671850932455816,6
ds_AGTTCG,ds,6,nsp,-161.57,2.683864750690695,13,-161.57,6.02628061079138,5
ds_ATA,ds,3,nsp,-152.07,6.130076345364709,18,-140.44,4.96193913707132,6
ds_AGTTGA,ds,6,nsp,-164.48,6.233073158563127,18,-159.45,4.884316533559223,10
ds_AGTTGC,ds,6,nsp,-180.97,3.705666606698452,12,-170.92,6.011245544810158,4
ds_AGTTTA,ds,6,nsp,-163.25,5.296518573553781,15,-157.46,2.701789777166245,7
ds_AGTTGG,ds,6,nsp,-157.34,3.539864545431083,17,-144.65,6.947042536216401,9
ds_ATAA,ds,4,nsp,-162.43,5.582455194625382,19,-150.76,6.715145419125333,6
ds_AGTTTG,ds,6,nsp,-169.74,3.2684921600028565,10,-156.27,6.074030046023804,3
ds_AGTTTC,ds,6,nsp,-155.47,2.579880811200391,12,-153.0,6.754533958756883,3
ds_ATAAA,ds,5,nsp,-188.41,6.414243291301026,18,-153.46,6.035096105282836,7
ds_ATAAAA,ds,6,nsp,-196.11,3.193941295640858,21,-196.11,6.396729633179761,6
ds_ATAAC,ds,5,nsp,-181.98,3.724963087065446,10,-151.17,4.491087173502653,4
ds_ATAAAG,ds,6,nsp,-172.36,6.9116135597992105,13,-155.58,6.815317307359934,5
ds_ATAAAC,ds,6,nsp,-166.84,2.8702823902884735,14,-159.65,6.473837270120398,5
ds_ATAAAT,ds,6,rebuild-ds,-179.46,2.6425432825216086,17,-157.28,5.317847496873146,6
ds_ATAACA,ds,6,nsp,-194.86,5.563472656533861,15,-164.61,4.258650607880396,6
ds_ATAACC,ds,6,rebuild-ds,-195.16,3.2585292694711336,16,-152.67,5.515957033915323,4
ds_ATAAG,ds,5,nsp,-180.07,2.822923484616629,17,-180.07,6.35192734530238,8
ds_ATAACG,ds,6,nsp,-168.19,3.1087108260499487,6,,,0
ds_ATAAT,ds,5,nsp,-181.22,3.142300272093692,10,-156.87,6.885176177847594,4
ds_ATAAGA,ds,6,nsp,-177.42,2.887104085411538,11,-177.42,6.162005517686601,5
ds_ATAAGG,ds,6,rebuild-ds,-165.22,6.978799753539298,20,-162.67,5.148918430117154,6
ds_ATAAGC,ds,6,nsp,-179.06,3.864688473861781,15,-162.61,6.639426631871162,5
ds_ATAATA,ds,6,nsp,-165.02,5.780866890008797,14,-142.45,4.66130604015655,2
ds_ATAATC,ds,6,nsp,-213.72,4.324953756978228,19,-159.95,6.799926176069842,6
ds_ATAC,ds,4,nsp,-180.0,5.331084880209674,11,-154.97,5.514214087247609,5
ds_ATAATG,ds,6,nsp,-192.01,2.9316742656714014,16,-163.89,4.655735602458542,6
ds_ATACA,ds,5,nsp,-195.15,2.6530972466157414,16,-172.88,6.528670768234534,4
ds_ATACAA,ds,6,nsp,-198.7,6.266422105156973,21,-178.6,6.659871545307768,7
ds_ATACAC,ds,6,nsp,-193.63,3.6093823571353796,17,-176.77,5.6849475811127705,8
ds_ATACAG,ds,6,nsp,-216.26,6.499489518416037,17,-166.96,6.167201066934662,6
ds_ATACC,ds,5,nsp,-152.17,3.078618846171136,14,-150.04,6.264406516183331,8
ds_ATACAT,ds,6,nsp,-196.38,3.145489628022958,16,-196.38,6.720316063995799,6
ds_ATACCA,ds,6,nsp,-193.63,4.919673668039388,20,-183.25,6.847922969777044,9
ds_ATACG,ds,5,nsp,-161.52,5.186634168707125,17,-160.28,2.4071447816863856,3
ds_ATACCC,ds,6,nsp,-176.24,2.9267762128321575,14,-149.08,6.315293659047066,5
ds_ATACCG,ds,6,nsp,-175.96,3.3677961636655094,8,-155.77,5.42819546442463,1
ds_ATACGC,ds,6,nsp,-192.89,4.126761078618452,23,-175.17,4.838065832540942,8
ds_ATACGA,ds,6,nsp,-194.01,3.5945888499242895,18,-154.93,6.694549051280461,7
ds_ATACGG,ds,6,nsp,-176.72,5.999624154895054,20,-154.1,5.523341470523067,10
ds_ATAG,ds,4,nsp,-167.86,6.510422182931,16,-161.71,5.2356728316425745,5
ds_ATACTA,ds,6,nsp,-158.62,4.111946497706418,12,-150.05,5.444292240502888,5
ds_ATACTC,ds,6,nsp,-187.86,5.632716573732439,19,-165.49,5.725347238377767,9
ds_ATAGA,ds,5,nsp,-153.44,6.760903268055263,14,-147.09,6.846357352636505,5
ds_ATACTG,ds,6,nsp,-173.86,2.776246026561776,15,-155.42,6.319714866985686,3
ds_ATAGAA,ds,6,nsp,-191.09,6.960167885906232,22,-165.99,6.049842725228496,8
ds_ATAGAC,ds,6,nsp,-217.57,3.71744172785534,21,-151.83,6.734534950536663,7
ds_ATAGAT,ds,6,nsp,-174.37,3.422853487954181,16,-165.71,6.129962316360524,9
ds_ATAGC,ds,5,nsp,-223.61,3.627356475451533,16,-146.42,6.491577158133448,7
ds_ATAGAG,ds,6,nsp,-161.64,2.1449135180701218,17,-161.64,4.91209537773851,5
ds_ATAGCA,ds,6,nsp,-168.68,3.3903983541760963,11,-151.17,6.823728379705622,4
ds_ATAGCC,ds,6,nsp,-176.15,5.241637244220579,11,-160.72,5.225997321086193,5
ds_ATAGCG,ds,6,nsp,-165.85,2.6538764100839414,13,-165.85,5.208507943739765,8
ds_ATAGG,ds,5,nsp,-155.62,6.10291872795305,9,-136.34,4.912466895562771,2
ds_ATAGGA,ds,6,nsp,-170.76,6.250541256563313,15,-138.48,6.483934685050434,2
ds_ATAGGC,ds,6,nsp,-158.59,5.249341387259942,9,-155.11,6.214723887671923,4
ds_ATAT,ds,4,nsp,-172.24,3.0312555154588905,23,-172.24,5.823050489219536,6
ds_ATAGGG,ds,6,nsp,-159.07,3.2389030550481044,15,-148.59,5.2457798276328695,4
ds_ATAGTA,ds,6,nsp,-157.32,2.5271323669329466,8,,,0
ds_ATAGTC,ds,6,nsp,-168.8,5.7186994150768315,14,-156.99,6.925652821214765,4
ds_ATAGTG,ds,6,nsp,-174.09,3.0953505455763755,19,-145.33,6.222700860558865,5
ds_ATATA,ds,5,nsp,-187.31,2.3230086095406683,16,-187.31,6.632901778256646,4
ds_ATATAA,ds,6,nsp,-193.03,3.7576818651929584,16,-183.17,6.2845067427762356,5
ds_ATATAC,ds,6,nsp,-185.61,4.628001836646137,22,-151.42,5.949767138300455,7
ds_ATATC,ds,5,nsp,-207.23,2.8013605622982567,16,-207.23,6.830562934341499,5
ds_ATATAG,ds,6,nsp,-177.27,6.227902134748116,17,-166.18,5.290851916279639,7
ds_ATATAT,ds,6,nsp,-191.12,6.4405660465521315,24,-159.92,3.386516056362353,11
ds_ATATCA,ds,6,nsp,-162.82,2.7912242833566787,8,-162.82,5.708352476853546,5
ds_ATATCC,ds,6,nsp,-184.86,3.5694943619510093,13,-168.68,6.122955903809873,4
ds_ATATCG,ds,6,nsp,-175.98,3.0768431874244166,12,-159.53,4.894462483255962,7
ds_ATATG,ds,5,nsp,-161.92,3.168123892779474,13,-130.76,5.578438311929251,7
ds_ATATGA,ds,6,nsp,-189.39,2.1461938402669936,15,-153.66,5.337676367109582,6
ds_ATATGC,ds,6,nsp,-165.66,2.566371368294155,13,-156.35,6.203485794293393,5
ds_ATATGG,ds,6,rebuild-ds,-169.3,6.384843146076492,13,-158.12,4.983163453068747,7
ds_ATATTA,ds,6,nsp,-159.7,4.038261259502674,13,-142.78,3.003161833801161,4
ds_ATATTC,ds,6,nsp,-169.48,2.817786897549216,9,-169.48,5.991916972054931,3
ds_ATATTG,ds,6,nsp,-210.61,2.885870925734542,20,-147.23,5.267981302168792,3
ds_ATC,ds,3,nsp,-146.11,6.1485814624187975,12,-144.57,6.6675099549981995,4
ds_ATCA,ds,4,nsp,-165.48,3.746296437816963,11,-164.39,4.734729031317437,6
ds_ATCAA,ds,5,nsp,-194.39,6.430117028484002,13,-158.21,6.2659098301842775,4
ds_ATCAAC,ds,6,nsp,-175.57,4.094458450149419,16,-151.13,2.3655466598653234,6
ds_ATCAAA,ds,6,nsp,-157.29,2.9679117237545998,17,-157.29,6.781689612478598,5
ds_ATCAC,ds,5,nsp,-159.34,3.1848557267166915,10,-150.87,5.381743490728636,4
ds_ATCAAT,ds,6,nsp,-195.62,3.2153859799408484,18,-185.93,5.620283444809525,7
ds_ATCAAG,ds,6,nsp,-170.37,4.677159501235776,12,-148.72,6.466061011156635,4
ds_ATCACC,ds,6,nsp,-174.05,6.793724604368363,10,-161.75,5.212631197389671,6
ds_ATCACA,ds,6,nsp,-163.82,2.783791120037587,9,-136.69,5.676462454733588,3
ds_ATCACG,ds,6,nsp,-186.78,3.731150090789726,10,-143.28,5.0126229660727555,2
ds_ATCAG,ds,5,nsp,-184.6,3.203647140369862,13,-184.6,6.827647105701932,6
ds_ATCAGA,ds,6,nsp,-203.91,2.96597825346039,10,-148.94,6.085362273521601,3
ds_ATCAT,ds,5,nsp,-194.94,6.886969580301618,14,-149.85,5.945580711755589,2
ds_ATCAGC,ds,6,nsp,-186.57,3.367257192434243,12,-150.41,6.729998959881061,5
ds_ATCAGG,ds,6,nsp,-168.6,3.1358797808589562,13,-147.03,6.421031848542733,4
ds_ATCATC,ds,6,nsp,-182.33,4.818858474784271,17,-153.79,2.562026346468751,7
ds_ATCATA,ds,6,nsp,-206.6,3.5750883905156914,9,-146.8,2.578177263106629,3
ds_ATCATG,ds,6,nsp,-169.42,4.385724569555194,11,-165.94,6.28771055313457,7
ds_ATCC,ds,4,nsp,-168.41,3.564411452119414,19,-149.04,6.488807209341323,7
ds_ATCCA,ds,5,rebuild-ds,-175.42,3.4620375503451832,14,-140.23,6.482096574411707,6
ds_ATCCAA,ds,6,nsp,-188.87,5.578556444099153,12,-161.77,5.935399144118276,7
ds_ATCCAG,ds,6,nsp,-173.69,6.111092373708661,14,-150.57,6.643275773291359,4
ds_ATCCC,ds,5,nsp,-182.62,2.6720495878632216,15,-182.62,6.748791151013636,7
ds_ATCCAC,ds,6,nsp,-149.22,3.944676032325109,9,-147.45,6.880520111154389,4
ds_ATCCAT,ds,6,nsp,-172.59,2.4525350150405725,11,-172.59,5.366942239301632,9
ds_ATCCCA,ds,6,nsp,-148.62,2.5507320517843493,9,-148.62,6.213879142693388,3
ds_ATCCCC,ds,6,nsp,-205.93,4.174058696281124,17,-154.7,6.6136970750103075,7
ds_ATCCCG,ds,6,nsp,-163.91,2.492527030946709,20,-163.91,6.9040002896871515,9
ds_ATCCG,ds,5,rebuild-ds,-154.99,2.488464586848681,6,-154.99,4.137264917792902,2
ds_ATCCGA,ds,6,nsp,-193.33,4.22548967576543,13,-142.4,5.791025988544686,3
ds_ATCCGC,ds,6,nsp,-167.86,3.165584622151207,14,-167.86,5.86827478906706,5
ds_ATCCGG,ds,6,nsp,-156.37,3.1445649937630638,15,-147.33,5.702879448138472,3
ds_ATCCTA,ds,6,nsp,-191.46,4.470724773456774,8,-155.28,5.051452959297953,5
ds_ATCG,ds,4,nsp,-156.69,3.2911256433020064,9,-146.64,6.527032250571451,2
ds_ATCCTC,ds,6,nsp,-173.64,3.1059460716503344,13,-145.14,2.975913641220137,5
ds_ATCGA,ds,5,nsp,-161.51,2.769543283648048,11,-161.51,5.869120802982326,3
ds_ATCCTG,ds,6,nsp,-162.53,3.3241180785284934,13,-159.36,6.477924513298992,3
ds_ATCGAC,ds,6,nsp,-158.16,4.059828321493424,8,-152.16,5.568690420556705,2
ds_ATCGAA,ds,6,nsp,-169.1,5.1329736995235145,18,-152.72,5.657949716991127,5
ds_ATCGAG,ds,6,nsp,-210.18,4.087819589952567,18,-156.8,5.332425901969949,8
ds_ATCGAT,ds,6,nsp,-191.97,2.9983748931712846,16,-178.29,6.338982331573418,5
ds_ATCGC,ds,5,nsp,-157.6,3.762010100996543,16,-151.9,5.876082538562586,9
ds_ATCGCA,ds,6,nsp,-198.22,4.434057622539433,17,-160.8,6.6748417209698685,8
ds_ATCGCC,ds,6,nsp,-176.34,3.2110239799789726,10,-176.34,6.608313249233866,4
ds_ATCGCG,ds,6,nsp,-181.07,4.969442322836647,16,-149.56,5.3264499434426416,4
ds_ATCGG,ds,5,nsp,-154.36,6.569373866663402,17,-153.42,4.81492793300169,8
ds_ATCGGA,ds,6,nsp,-180.26,6.964460424182192,11,-156.69,6.821502107307458,5
ds_ATCGGC,ds,6,nsp,-161.11,2.8705590047933005,10,-161.11,5.542766547492332,6
ds_ATCGGG,ds,6,nsp,-156.0,2.639595612968032,9,-156.0,5.603852335670528,3
ds_ATCGTA,ds,6,nsp,-176.14,6.295825045218479,11,-154.17,2.462504619285016,5
ds_ATCGTC,ds,6,nsp,-175.97,4.777072429846564,17,-153.87,5.61379524029868,5
ds_ATCTA,ds,5,nsp,-155.91,6.786655582833118,10,-147.54,4.740876079376049,5
ds_ATCGTG,ds,6,nsp,-172.63,2.5381333692302146,10,-172.63,6.3500199212286095,4
ds_ATCTAA,ds,6,nsp,-202.25,3.433322297716916,8,,,0
ds_ATCTC,ds,5,nsp,-166.17,2.536570322305294,18,-166.17,5.795692883512729,6
ds_ATCTAC,ds,6,nsp,-167.98,5.171153256286239,11,-152.2,5.863804396464828,2
ds_ATCTAG,ds,6,nsp,-156.2,6.632953565343269,8,-134.96,3.888853944287454,1
ds_ATCTCA,ds,6,nsp,-165.15,6.018164753477612,9,-156.64,5.870413017837845,4
ds_ATCTCG,ds,6,nsp,-201.36,5.580262449025126,15,-144.26,4.60609530947852,4
ds_ATCTCC,ds,6,nsp,-203.68,5.322122227081974,14,-161.5,5.71103466982996,7
ds_ATCTG,ds,5,nsp,-177.05,3.087262055608514,16,-155.1,6.993395884690079,7
ds_ATCTGC,ds,6,nsp,-201.36,6.082934900194142,12,-155.36,3.6999852702409557,3
ds_ATCTGA,ds,6,nsp,-175.3,2.756285906795599,10,-157.38,5.89004066199887,5
ds_ATCTGG,ds,6,rebuild-ds,-159.44,2.4588692523190603,14,-159.44,5.618176305528342,5
ds_ATCTTA,ds,6,nsp,-166.18,2.247172000537574,12,-150.32,6.94075867611027,6
ds_ATG,ds,3,nsp,-158.08,2.3854678786351498,13,-158.08,6.8984661338590305,5
ds_ATGA,ds,4,nsp,-171.3,6.584730062804401,18,-150.34,5.580346225817898,5
ds_ATCTTC,ds,6,nsp,-165.9,3.2437518400765617,15,-147.71,2.866136423829128,4
ds_ATCTTG,ds,6,nsp,-181.11,4.104420178295603,12,-169.23,5.922101822832837,6
ds_ATGAA,ds,5,nsp,-182.44,4.953861826898301,17,-153.64,6.303224968220642,4
ds_ATGAAA,ds,6,nsp,-163.37,2.819368901013132,18,-163.37,5.600442303961354,9
ds_ATGAAG,ds,6,nsp,-176.14,2.7273846446733647,13,-176.14,6.197687471952743,6
ds_ATGAAC,ds,6,nsp,-186.55,3.4474658809044163,17,-159.38,2.610835881475502,8
ds_ATGAAT,ds,6,nsp,-170.63,3.00864238486399,14,-165.81,6.781053384246432,5
ds_ATGAC,ds,5,nsp,-172.14,4.135377370930006,11,-140.61,2.6862553862207417,5
ds_ATGACA,ds,6,nsp,-166.08,3.7116107015688025,10,-161.31,6.390206412941611,3
ds_ATGACC,ds,6,nsp,-171.94,4.769349746034581,15,-170.97,5.756788948710904,5
ds_ATGACG,ds,6,nsp,-167.93,2.9281289247572664,17,-148.55,2.827702601052667,7
ds_ATGAG,ds,5,nsp,-176.47,3.371232712228591,11,-163.03,6.715283314946576,4
ds_ATGAGC,ds,6,rebuild-ds,-163.39,5.070534981636578,17,-158.98,6.112362309287613,6
ds_ATGAGA,ds,6,nsp,-143.67,2.835852958106273,11,-143.67,6.383587862636501,8
ds_ATGAGG,ds,6,nsp,-166.48,3.044915926589781,9,-148.0,6.402597363570508,5
ds_ATGATA,ds,6,nsp,-167.38,6.200944847359968,14,-163.63,6.468082018651274,4
ds_ATGATC,ds,6,nsp,-176.26,3.0347279944008316,17,-161.14,4.939653530360198,7
ds_ATGC,ds,4,nsp,-159.99,2.7052192147772263,15,-159.99,5.701350892551703,5
ds_ATGATG,ds,6,nsp,-157.94,2.9090952201672455,16,-143.55,4.454721876840349,3
ds_ATGCA,ds,5,nsp,-192.44,4.607353904357684,23,-170.55,5.7139591353106525,5
ds_ATGCAA,ds,6,nsp,-185.05,6.86630919781511,23,-155.08,6.953339197824307,8
ds_ATGCAG,ds,6,nsp,-170.75,3.566257001395169,14,-161.4,5.331128773533798,4
ds_ATGCAC,ds,6,nsp,-208.17,3.502883098249206,10,-153.91,6.610182070109721,3
ds_ATGCC,ds,5,nsp,-188.35,3.1626677030633568,19,-145.83,5.6531114441517945,9
ds_ATGCAT,ds,6,nsp,-164.53,4.068054326087611,15,-145.68,6.097449056777745,4
ds_ATGCCA,ds,6,nsp,-155.76,5.8324006206707075,10,-147.8,4.515090475283971,3
ds_ATGCCC,ds,6,nsp,-172.64,3.0383990850446394,21,-158.15,6.496435099344862,6
ds_ATGCCG,ds,6,nsp,-165.27,3.0596414822655413,15,-165.27,6.148975605741169,4
ds_ATGCG,ds,5,nsp,-186.15,5.0483734014036825,13,-149.98,6.089412943790231,4
ds_ATGCGC,ds,6,nsp,-152.46,6.810950741269535,10,-145.51,2.4338399700884166,6
ds_ATGCGA,ds,6,nsp,-183.97,3.168979330951861,14,-151.1,5.821567658285869,5
ds_ATGCTA,ds,6,nsp,-159.69,6.905261037788511,7,-136.34,6.158661786459791,1
ds_ATGCGG,ds,6,nsp,-181.43,3.2666983331798694,10,-148.0,4.82680194331609,5
ds_ATGCTG,ds,6,nsp,-179.12,3.438967723023869,18,-151.91,6.531395027097966,8
ds_ATGG,ds,4,nsp,-177.46,6.861858203140035,16,-151.34,6.350223696847211,5
ds_ATGCTC,ds,6,rebuild-ds,-193.26,3.7901659594271155,20,-149.57,5.536786613189988,5
ds_ATGGA,ds,5,nsp,-181.05,6.073034990842731,15,-171.96,4.878196593004443,5
ds_ATGGAA,ds,6,nsp,-173.23,6.5128882225937215,17,-151.48,6.212628590218467,5
ds_ATGGC,ds,5,nsp,-194.3,3.696378903738109,13,-149.89,5.411737706134707,7
ds_ATGGAC,ds,6,nsp,-183.1,4.144099540310318,14,-147.13,1.9738477651531383,4
ds_ATGGAG,ds,6,nsp,-177.92,5.82216162606295,15,-152.35,6.945408483307519,5
ds_ATGGCG,ds,6,nsp,-174.51,2.807334322805189,16,-174.51,6.705359721894127,6
ds_ATGGCC,ds,6,nsp,-148.23,2.1393889314474817,7,-148.23,4.919344366884668,3
ds_ATGGCA,ds,6,nsp,-179.8,2.667086425296337,13,-154.68,6.414538720749913,6
ds_ATGGG,ds,5,rebuild-ds,-150.57,3.09374368686225,12,-139.94,6.178905890204199,2
ds_ATGGGA,ds,6,nsp,-162.13,6.488093479597847,15,-144.63,3.625491690791742,4
ds_ATGGGC,ds,6,nsp,-152.81,2.4452574506583304,12,-152.81,5.481705573997941,4
ds_ATGGGG,ds,6,nsp,-176.89,3.1221210738855225,15,-143.69,2.3141808485941566,2
ds_ATGTA,ds,5,nsp,-169.25,3.2441086603256664,15,-147.5,4.570643061977163,7
ds_ATGGTC,ds,6,nsp,-172.62,3.957978650776189,19,-157.97,5.702065327580868,8
ds_ATGGTA,ds,6,nsp,-192.2,4.286983205005604,15,-155.79,5.928279851693906,5
ds_ATGGTG,ds,6,nsp,-167.26,6.940718334581808,20,-159.62,6.237923612869918,10
ds_ATGTAA,ds,6,nsp,-172.76,2.726240818416465,6,-172.76,6.551817534089304,2
ds_ATGTC,ds,5,nsp,-191.31,3.175806196857741,17,-140.05,6.811877421093255,4
ds_ATGTAC,ds,6,nsp,-162.59,5.944297183015015,13,-145.25,5.891958927215971,4
ds_ATGTG,ds,5,nsp,-209.01,3.3929964633049736,14,-152.28,6.425178908014948,9
ds_ATGTAG,ds,6,nsp,-167.7,2.74382105830538,17,-167.7,5.4741769244334995,5
ds_ATGTCA,ds,6,nsp,-180.03,3.070340372010903,17,-167.38,2.6174569719481426,7
ds_ATGTCC,ds,6,nsp,-190.75,2.851670738356713,14,-157.67,5.6571475144280905,3
ds_ATGTCG,ds,6,nsp,-164.0,3.296103457114169,10,-164.0,6.227571436764098,3
ds_ATGTGA,ds,6,nsp,-162.92,5.515143515811728,16,-149.69,6.779366415823831,4
ds_ATGTGC,ds,6,nsp,-168.42,2.814747057907685,21,-152.67,6.289236042636643,11
ds_ATGTGG,ds,6,rebuild-ds,-161.37,2.388402604252454,12,-146.35,6.770635789938781,3
ds_ATTA,ds,4,nsp,-168.24,2.1188803647209538,12,-168.24,5.735220832714293,6
ds_ATGTTA,ds,6,rebuild-ds,-164.3,2.718704470883136,15,-164.3,5.537506117378108,5
ds_ATGTTG,ds,6,nsp,-178.62,2.918572767638324,14,-178.62,5.638037779227801,6
ds_ATTAA,ds,5,nsp,-166.19,2.902723376417424,14,-160.59,6.08613095488424,4
ds_ATGTTC,ds,6,nsp,-155.9,4.767717902728741,11,-147.02,6.011309674272307,5
ds_ATTAAA,ds,6,nsp,-167.97,6.281937121621022,9,-147.45,5.10639853517132,3
ds_ATTAC,ds,5,nsp,-176.53,6.19886287959334,16,-139.26,6.605096592783499,4
ds_ATTAAG,ds,6,nsp,-201.41,5.476583697890496,14,-173.74,6.14702871312636,4
ds_ATTAAT,ds,6,rebuild-ds,-185.3,3.567222308743876,22,-183.92,6.523334576732992,6
ds_ATTAAC,ds,6,nsp,-211.32,3.7408413492154646,18,-173.42,5.778578544936472,5
ds_ATTACC,ds,6,nsp,-202.92,5.947939979522348,17,-163.4,4.999360059047545,4
ds_ATTACA,ds,6,nsp,-195.35,4.325049132668918,17,-157.88,6.4997969968299945,7
ds_ATTACG,ds,6,nsp,-189.89,3.8889867574986976,11,-168.73,5.719715552367969,5
ds_ATTAG,ds,5,rebuild-ds,-196.12,3.0922000258715574,12,-135.56,6.646127368626033,1
ds_ATTAGA,ds,6,nsp,-173.03,4.7674779496081525,12,-170.82,5.816413757634523,7
ds_ATTC,ds,4,nsp,-162.17,2.8840840833789785,13,-162.17,5.679314131125337,6
ds_ATTAGC,ds,6,nsp,-199.17,3.3574542439175734,13,-151.72,5.74945849624118,4
ds_ATTATA,ds,6,nsp,-186.43,4.111477714885515,17,-167.47,5.9068402720913245,5
ds_ATTAGG,ds,6,nsp,-182.37,5.715024584374087,12,-160.17,4.949351068574552,5
ds_ATTATG,ds,6,nsp,-180.04,2.038188656626274,16,-180.04,6.3899799686696985,4
ds_ATTCA,ds,5,nsp,-183.51,3.5012694840586094,15,-146.01,6.833017122765024,7
ds_ATTATC,ds,6,nsp,-185.82,4.4479331155043385,11,-165.02,5.9621349364133,4
ds_ATTCAA,ds,6,nsp,-201.22,3.4643921544767453,17,-173.65,6.662366696602653,6
ds_ATTCC,ds,5,nsp,-162.59,3.645887683404428,15,-155.07,5.30395578790021,5
ds_ATTCAC,ds,6,nsp,-187.81,4.12858886303783,10,-141.14,2.745883282297358,1
ds_ATTCAG,ds,6,nsp,-151.35,3.430411637107143,11,-151.35,5.416411081149588,3
ds_ATTCG,ds,5,rebuild-ds,-158.45,2.7283819380724657,11,-158.45,6.362517504887518,5
ds_ATTCCA,ds,6,nsp,-168.66,4.16168091040149,16,-154.8,6.292710147464275,6
ds_ATTCCG,ds,6,nsp,-190.1,2.6083140148379385,13,-190.1,6.82530123877328,5
ds_ATTCCC,ds,6,nsp,-171.57,3.7490216056992702,15,-142.5,6.5425345241733215,4
ds_ATTCGC,ds,6,nsp,-177.2,5.996227480674838,19,-151.95,6.5618146118280265,8
ds_ATTG,ds,4,nsp,-167.51,4.773740881112022,9,-144.22,6.346067995223499,6
ds_ATTCGA,ds,6,nsp,-174.51,6.487355316305704,17,-173.04,5.156695647408338,7
ds_ATTCGG,ds,6,nsp,-159.9,6.9915058463824655,14,-145.63,2.6792590393614373,2
ds_ATTCTA,ds,6,nsp,-167.17,2.7198352891305677,14,-167.17,6.125919849296107,4
ds_ATTGA,ds,5,nsp,-202.93,2.790663541167239,23,-202.93,6.7530591586332305,3
ds_ATTCTC,ds,6,nsp,-164.0,4.866916991278989,18,-163.47,6.795920099589181,8
ds_ATTCTG,ds,6,rebuild-ds,-171.63,3.052312074477323,14,-171.63,6.898880488890919,5
ds_ATTGAA,ds,6,nsp,-197.39,3.1445446411205693,16,-166.47,6.401189498835361,4
ds_ATTGC,ds,5,nsp,-181.8,3.6918242103328933,14,-153.05,5.13020321234939,3
ds_ATTGAG,ds,6,nsp,-158.31,6.5832406913313015,12,-151.84,6.271852517398675,4
ds_ATTGG,ds,5,rebuild-ds,-180.61,3.615549889021035,16,-161.3,4.528861335920988,4
ds_ATTGAC,ds,6,nsp,-224.1,3.3009188114826706,15,-158.69,5.438193909746151,2
ds_ATTGCC,ds,6,nsp,-224.4,3.032889711150102,13,-167.58,5.920148731239784,6
ds_ATTGCG,ds,6,nsp,-158.35,3.2151886414330444,14,-158.35,6.312345443652451,5
ds_ATTGCA,ds,6,nsp,-160.79,4.553553996605307,13,-147.01,5.965207288938081,5
ds_ATTGGC,ds,6,nsp,-156.34,2.5613053312715497,8,-156.34,6.027195284707476,5
ds_ATTGGA,ds,6,nsp,-169.71,4.800445291845346,9,-168.65,6.695960200001206,3
ds_ATTTA,ds,5,nsp,-193.17,3.7254845322454417,9,-161.35,5.618112583421578,3
ds_ATTGGG,ds,6,nsp,-169.52,5.226581483149404,19,-160.85,6.218152860777868,5
ds_ATTGTC,ds,6,nsp,-181.13,3.357201364231833,12,-148.16,5.253077098234899,3
ds_ATTGTG,ds,6,nsp,-199.71,3.6012404807233005,16,-158.29,6.799727200410324,7
ds_ATTGTA,ds,6,nsp,-162.34,5.366945779491365,13,-155.75,2.671995134726112,5
ds_ATTTAA,ds,6,nsp,-152.14,5.964264330158426,11,-149.03,5.068602766049036,5
ds_ATTTC,ds,5,nsp,-147.87,2.796309174608562,10,-147.87,4.979688042438001,5
ds_ATTTG,ds,5,nsp,-156.98,3.000632766601073,14,-156.24,6.052753753458015,8
ds_ATTTAG,ds,6,nsp,-158.73,4.619351036671717,12,-144.66,2.5349546347025633,3
ds_ATTTAC,ds,6,nsp,-170.08,6.929440164977262,18,-144.69,6.686075754880434,4
ds_ATTTCC,ds,6,nsp,-175.58,4.732785860357534,15,-155.73,5.762348219259236,6
ds_ATTTCA,ds,6,nsp,-187.27,6.84333464036357,21,-157.37,5.930435481480261,10
ds_ATTTCG,ds,6,nsp,-161.55,2.7486471217673616,14,-161.55,5.88583681391185,7
ds_ATTTGA,ds,6,nsp,-173.73,2.6180849871614242,11,-157.74,5.6169589637098,6
ds_CAA,ds,3,nsp,-138.77,5.4761354073835795,12,-133.57,4.16084378461869,3
ds_CAAA,ds,4,nsp,-168.75,3.230726698437984,13,-168.75,6.0337818157437635,6
ds_ATTTGC,ds,6,nsp,-168.68,2.614362828683138,15,-168.68,5.877592194087645,6
ds_ATTTTA,ds,6,nsp,-173.6,4.949864038536836,15,-145.11,2.3091543906807046,4
ds_ATTTGG,ds,6,nsp,-160.5,6.843594377226052,13,-138.57,6.445677156048089,4
ds_ATTTTG,ds,6,nsp,-168.31,2.3540615964753417,15,-168.31,5.758693428200541,4
ds_CAAAA,ds,5,rebuild-ds,-155.91,2.915537857754571,17,-150.01,6.836301997425229,9
ds_ATTTTC,ds,6,nsp,-170.37,3.117857758141002,13,-170.37,6.254708466427511,7
ds_CAAAAA,ds,6,nsp,-160.32,5.312466846955393,12,-138.64,4.397738054955068,1
ds_CAAAAC,ds,6,nsp,-153.66,3.267767433585201,11,-151.78,6.670439640683377,6
ds_CAAAC,ds,5,rebuild-ds,-162.44,2.41908949813768,13,-162.44,5.568893067746954,4
ds_CAAACA,ds,6,nsp,-158.9,2.450105507932258,7,-158.9,6.1040266218292345,2
ds_CAAAAG,ds,6,nsp,-178.03,3.007046557670835,15,-167.83,5.21509673927531,4
ds_CAAAG,ds,5,nsp,-159.89,3.2052982700522703,15,-155.84,6.88558683047421,3
ds_CAAACC,ds,6,nsp,-167.83,3.9703346206585928,8,-141.43,3.179370535184594,3
ds_CAAACG,ds,6,nsp,-164.16,4.657295781888873,14,-158.51,6.060652440125567,4
ds_CAAAGA,ds,6,nsp,-163.6,3.4981889600191653,14,-152.53,6.323065237683385,5
ds_CAAC,ds,4,nsp,-155.47,2.7584832789052784,15,-154.23,6.392968481073551,9
ds_CAAAGC,ds,6,rebuild-ds,-170.21,2.5398003858571188,14,-170.21,6.625804403995032,7
ds_CAAAGG,ds,6,nsp,-164.29,4.967568721215666,13,-137.73,5.978060220506322,4
ds_CAAATG,ds,6,nsp,-170.45,2.211306853424003,23,-170.45,3.4009972067027556,8
ds_CAAATA,ds,6,nsp,-159.66,2.753493235873288,11,-159.66,6.583553295903369,5
ds_CAACA,ds,5,nsp,-152.18,3.606374079321233,11,-147.98,5.860071415947072,3
ds_CAAATC,ds,6,nsp,-166.5,4.810151452917076,12,-164.79,2.713137851271098,4
ds_CAACAA,ds,6,nsp,-171.13,5.61391886296908,14,-160.1,5.798394346713584,1
ds_CAACAC,ds,6,nsp,-156.13,2.7072918202513834,10,-156.13,5.983542094779646,6
ds_CAACAG,ds,6,nsp,-175.62,4.955678561004562,18,-156.54,6.738982564156107,6
ds_CAACC,ds,5,nsp,-174.98,4.396772566326373,15,-153.5,6.142890280641516,6
ds_CAACCA,ds,6,nsp,-164.66,5.519971739058102,14,-160.13,5.744743858519732,5
ds_CAACCC,ds,6,nsp,-161.43,3.0400411181429874,9,-161.43,6.22474272560723,2
ds_CAACG,ds,5,nsp,-160.38,2.8455407219015596,16,-149.94,5.727683214005459,5
ds_CAACCG,ds,6,nsp,-160.6,2.6358091736694336,18,-160.6,6.7013015153774305,6
ds_CAAG,ds,4,nsp,-142.83,5.165345099797309,8,-131.45,5.933333211610488,4
ds_CAACGA,ds,6,rebuild-ds,-157.3,2.26469843467072,8,-157.3,5.038044164157365,2
ds_CAACGC,ds,6,nsp,-159.04,6.57604463184369,15,-154.35,5.05024217241115,7
ds_CAACTA,ds,6,nsp,-170.42,2.19615687053543,10,-170.42,5.788079733383091,3
ds_CAACGG,ds,6,nsp,-161.76,5.250987526170696,18,-149.64,6.144054117600205,8
ds_CAAGA,ds,5,nsp,-172.07,4.654753484342637,16,-158.44,6.056794614315399,5
ds_CAACTC,ds,6,nsp,-176.06,6.04377307648129,7,-147.32,6.94237178491615,2
ds_CAACTG,ds,6,nsp,-169.18,2.339473017583219,8,-169.18,5.5877956297631375,1
ds_CAAGC,ds,5,nsp,-183.28,3.578911286969838,15,-158.45,5.912228767563029,5
ds_CAAGAA,ds,6,rebuild-ds,-172.67,6.204210264006225,19,-156.47,5.28935364671337,8
ds_CAAGAC,ds,6,nsp,-160.53,2.8357963608129726,9,-160.53,5.966869698594064,6
ds_CAAGCG,ds,6,nsp,-149.08,2.3530546105009877,10,-149.08,2.3530546105009877,7
ds_CAAGG,ds,5,nsp,-176.63,3.5434454983814905,14,-171.42,6.199748704584719,5
ds_CAAGAG,ds,6,nsp,-152.6,5.038247413535799,12,-143.64,5.71021654580629,2
ds_CAAGCC,ds,6,nsp,-160.69,2.404860494914418,9,-158.54,6.947966896869914,1
ds_CAAGCA,ds,6,nsp,-140.96,2.310987234927995,5,-140.96,6.868519636719402,4
ds_CAAGGA,ds,6,nsp,-176.75,6.801527034423987,13,-160.57,6.553732524294827,5
ds_CAATA,ds,5,nsp,-173.9,3.741396263428953,11,-157.85,4.9720860813143615,3
ds_CAAGGC,ds,6,nsp,-148.41,2.639391217686383,10,-148.41,4.471180381062718,5
ds_CAAGGG,ds,6,rebuild-ds,-174.31,2.441370926344454,12,-139.64,5.650239640935591,3
ds_CAAGTC,ds,6,rebuild-ds,-236.27,3.5435439887209306,18,-164.96,5.337196361386762,11
ds_CAAGTA,ds,6,nsp,-173.21,3.1136616707664593,13,-158.15,5.928573099827642,6
ds_CAATAA,ds,6,nsp,-181.5,3.1031823987642118,16,-177.3,5.859966552805572,5
ds_CAAGTG,ds,6,nsp,-148.1,3.0914079316712857,6,-141.13,4.63653415818326,2
ds_CAATC,ds,5,nsp,-211.5,4.163994476461297,18,-146.25,5.900999322148745,9
ds_CAATAC,ds,6,nsp,-164.95,2.5160457070569957,14,-158.48,6.911959128930087,4
ds_CAATAG,ds,6,nsp,-201.51,2.5447691447359126,19,-170.26,5.186801808436489,6
ds_CAATG,ds,5,nsp,-161.67,2.241114901115051,12,-161.67,5.467059355814599,7
ds_CAATCA,ds,6,nsp,-156.42,2.1744969533204723,11,-156.42,6.763210184520373,3
ds_CAATCC,ds,6,nsp,-161.76,3.3537963563699047,13,-148.96,5.618646990156982,5
ds_CAATCG,ds,6,nsp,-162.34,6.959263610469141,15,-145.22,6.574146712692081,1
ds_CAATGA,ds,6,nsp,-184.09,3.1107121371158857,13,-184.09,6.508910892000285,6
ds_CAC,ds,3,nsp,-163.56,3.7809867759620586,13,-141.79,5.4943160629872825,5
ds_CACA,ds,4,nsp,-167.92,2.386246843895264,16,-167.92,5.701641254937039,6
ds_CAATGG,ds,6,nsp,-165.5,2.9849154091866468,9,-165.5,5.40961052202466,3
ds_CAATGC,ds,6,nsp,-147.46,2.143556390674152,9,-147.46,2.143556390674152,2
ds_CAATTA,ds,6,nsp,-152.61,3.3679983669829934,16,-152.43,2.6794443453820853,7
ds_CAATTC,ds,6,nsp,-158.92,2.9344910972773506,10,-135.27,6.007072498313973,2
ds_CACAA,ds,5,nsp,-169.94,6.941803368001726,7,-161.51,6.432558278010399,1
ds_CAATTG,ds,6,nsp,-162.4,2.4687091768776477,14,-162.4,5.04076244232954,5
ds_CACAAA,ds,6,nsp,-165.47,3.0678927621414913,9,-141.8,6.102280966982767,5
ds_CACAC,ds,5,nsp,-146.83,3.3627399542634886,13,-139.83,2.1612075328389992,4
ds_CACAAC,ds,6,nsp,-161.45,4.80922758870904,11,-154.39,5.266953863477439,6
ds_CACAAG,ds,6,nsp,-186.23,3.7692690272783875,23,-152.79,4.368525723856953,6
ds_CACAG,ds,5,nsp,-160.01,6.872515478338352,12,-149.56,5.981835922189789,4
ds_CACACA,ds,6,nsp,-168.26,3.579281911221883,11,-149.98,6.246605318090769,2
ds_CACACC,ds,6,nsp,-199.5,3.1308134725658765,13,-159.2,6.186552270853291,5
ds_CACACG,ds,6,nsp,-173.34,3.370757184966022,16,-170.3,6.932400738560928,8
ds_CACAGA,ds,6,nsp,-166.17,5.0599760869000265,15,-148.44,6.898321897389252,6
ds_CACC,ds,4,nsp,-185.54,3.2935108926493784,17,-148.41,4.830345950343502,4
ds_CACAGC,ds,6,nsp,-174.68,6.747050170259608,14,-170.13,6.593401929201637,4
ds_CACAGG,ds,6,nsp,-176.72,2.8127881185756003,16,-163.3,5.550189636399829,8
ds_CACCA,ds,5,rebuild-ds,-157.13,2.6946931179635123,17,-157.13,6.136470157997997,6
ds_CACATA,ds,6,nsp,-157.01,6.827546777576873,16,-149.59,6.762869213580858,4
ds_CACATG,ds,6,nsp,-183.18,3.9188643763213005,18,-164.91,6.575276724214724,9
ds_CACATC,ds,6,nsp,-210.14,3.889143993220125,19,-173.3,4.962032849548657,10
ds_CACCAA,ds,6,nsp,-167.76,4.951028277035011,8,-134.62,6.174245378991674,1
ds_CACCAG,ds,6,nsp,-170.58,6.420633769340848,14,-159.09,6.148533483685348,4
ds_CACCAC,ds,6,nsp,-164.23,2.8849545923636373,12,-151.28,6.1967905402716355,5
ds_CACCC,ds,5,nsp,-183.8,4.738979848026357,15,-151.1,4.4522818868530605,4
ds_CACCG,ds,5,nsp,-165.72,3.3388897855425075,11,-150.19,5.141257530993755,3
ds_CACCCC,ds,6,nsp,-179.0,6.710805689334186,10,-156.63,4.584199384843563,5
ds_CACCCA,ds,6,nsp,-151.84,2.622811659269499,14,-142.24,2.5056807458253623,6
ds_CACCCG,ds,6,rebuild-ds,-160.07,3.1874260775741976,17,-140.33,6.93910030191235,4
ds_CACG,ds,4,nsp,-150.5,4.562516191752119,9,-146.33,5.773936698648505,5
ds_CACCGC,ds,6,nsp,-148.0,5.177638940675577,9,-136.44,5.4922496301606625,4
ds_CACCGG,ds,6,nsp,-146.45,3.7442171411391354,15,-137.13,6.265811519667654,4
ds_CACCGA,ds,6,nsp,-162.92,3.1567383483589513,15,-162.92,3.6835625418879436,10
ds_CACCTA,ds,6,nsp,-157.78,3.0764385253081357,12,-152.73,6.48826394345976,4
ds_CACCTC,ds,6,nsp,-192.25,3.618777417858149,16,-157.92,4.47749863204894,5
ds_CACGA,ds,5,nsp,-182.74,3.2446207790742116,21,-142.5,6.903821115874884,5
ds_CACCTG,ds,6,nsp,-172.96,3.9820241084152284,14,-165.04,5.477962212355989,5
ds_CACGC,ds,5,nsp,-198.53,4.082564512656225,15,-198.53,6.805702976181071,5
ds_CACGAA,ds,6,nsp,-168.81,4.52301779788671,10,-141.32,5.514016866133077,3
ds_CACGAC,ds,6,nsp,-224.92,3.276323091515854,26,-167.47,5.636130143990642,12
ds_CACGG,ds,5,nsp,-160.65,2.8139561119534275,19,-154.65,6.662013659547696,6
ds_CACGCA,ds,6,nsp,-154.14,3.300407702087745,10,-141.18,6.6059522402148785,4
ds_CACGAG,ds,6,nsp,-194.28,4.1567884237714035,11,-142.24,6.989113391554057,5
ds_CACGCC,ds,6,nsp,-208.45,3.727469919395757,22,-164.4,3.5791575824486928,12
ds_CACGCG,ds,6,nsp,-171.41,4.156154953800457,10,-161.69,3.10671627285146,6
ds_CACGGC,ds,6,nsp,-214.96,4.173483077718188,25,-160.03,6.996947977511357,16
ds_CACGGA,ds,6,nsp,-168.47,5.369817315328345,19,-164.69,4.566065593046177,7
ds_CACTA,ds,5,nsp,-181.76,3.058922849631866,14,-146.75,4.540689264858369,6
ds_CACGGG,ds,6,nsp,-161.0,4.068673248124025,16,-148.77,6.206423527282035,5
ds_CACGTC,ds,6,nsp,-200.15,4.298527887544769,20,-175.33,4.28627367301715,12
ds_CACGTG,ds,6,nsp,-184.03,3.0920963762470413,15,-163.27,5.431560549234453,5
ds_CACGTA,ds,6,nsp,-187.65,6.336354630227071,16,-160.3,5.10157985333956,6
ds_CACTAA,ds,6,nsp,-158.19,5.430249073477215,13,-147.38,6.612230637235831,5
ds_CACTC,ds,5,nsp,-188.2,5.399597114600328,10,-139.71,4.532326775509465,4
ds_CACTAG,ds,6,nsp,-182.75,1.9838923861943616,17,-170.94,6.57630488952573,4
ds_CACTAC,ds,6,nsp,-149.51,2.2391375571857863,9,-149.51,6.708690632306721,5
ds_CACTG,ds,5,nsp,-164.73,5.526087223343484,11,-143.78,6.453553052389056,4
ds_CACTCA,ds,6,nsp,-159.79,3.4893838997737237,16,-148.61,2.4552384812885335,5
ds_CACTCC,ds,6,nsp,-189.01,6.943240309826526,9,-159.47,5.934211826350666,5
ds_CACTCG,ds,6,nsp,-163.43,3.059858166647604,8,-163.43,6.82264061782534,3
ds_CACTGA,ds,6,nsp,-162.35,3.3313306650646424,15,-158.36,3.2885432945302755,3
ds_CAG,ds,3,nsp,-144.66,6.789264245851705,14,-143.67,6.865335315918646,4
ds_CACTGC,ds,6,rebuild-ds,-183.08,4.0230006214267355,14,-175.62,6.388039292302454,7
ds_CAGA,ds,4,nsp,-151.46,4.66298723995681,12,-139.26,6.326700403844002,4
ds_CACTTA,ds,6,nsp,-154.69,3.088216475572914,14,-148.36,2.036385768954408,4
ds_CACTTC,ds,6,nsp,-170.92,3.352568865810223,19,-168.84,4.7564174543452244,9
ds_CACTGG,ds,6,nsp,-141.0,6.540685973198853,10,-137.08,3.458393557708553,3
ds_CAGAA,ds,5,nsp,-188.8,3.928912572201119,8,-173.76,6.051243260686192,3
ds_CAGAAA,ds,6,rebuild-ds,-151.44,3.942370099318439,14,-147.37,2.735877555739657,8
ds_CAGAAC,ds,6,nsp,-195.51,3.846892512145368,19,-188.34,5.328274110816744,9
ds_CAGAC,ds,5,nsp,-166.39,4.229349240722503,9,-150.79,5.836724509517311,6
ds_CAGAAG,ds,6,nsp,-176.07,2.9610552173169675,20,-166.92,4.561773668212849,11
ds_CAGACA,ds,6,nsp,-161.12,2.552402397742184,13,-138.7,4.87631756554062,2
ds_CAGAG,ds,5,nsp,-163.18,6.414724156189406,11,-160.31,6.15867599407534,2
ds_CAGACC,ds,6,nsp,-160.0,2.2374856424120484,14,-160.0,4.916461837541296,7
ds_CAGACG,ds,6,nsp,-162.62,1.9030535988247796,17,-162.62,5.526418460449756,8
ds_CAGAGA,ds,6,nsp,-150.16,2.4512382585134564,15,-150.16,6.0936914099747534,4
ds_CAGC,ds,4,nsp,-174.67,4.611271950340819,19,-149.22,5.5233450915183715,6
ds_CAGAGG,ds,6,nsp,-155.92,4.148755235007243,7,-138.78,6.470866711654634,2
ds_CAGAGC,ds,6,nsp,-168.18,3.0583044321977035,12,-168.18,5.118264256561974,7
ds_CAGCA,ds,5,nsp,-153.92,2.2954594311379224,6,-153.92,5.992174563545364,3
ds_CAGATA,ds,6,nsp,-144.22,2.2830142356104677,12,-144.22,6.510238474894762,3
ds_CAGATC,ds,6,nsp,-165.55,2.8860155924734836,14,-157.39,6.971076961273625,5
ds_CAGATG,ds,6,nsp,-181.85,3.383984781289668,19,-168.49,6.524687042303258,7
ds_CAGCAA,ds,6,nsp,-177.82,2.615689010566834,14,-174.3,5.719568165517383,7
ds_CAGCC,ds,5,nsp,-161.28,2.6778937618957026,13,-161.28,6.582636933630782,5
ds_CAGCAC,ds,6,nsp,-193.73,6.524520595415426,18,-158.04,2.92313273732138,6
ds_CAGCAG,ds,6,nsp,-158.97,2.529087977908255,15,-158.97,2.5807254793952663,8
ds_CAGCG,ds,5,nsp,-166.21,6.228124838183642,13,-141.07,5.897468779061067,4
ds_CAGCCA,ds,6,nsp,-157.68,2.8806001110879738,11,-157.68,5.830242276269487,3
ds_CAGCCC,ds,6,nsp,-182.79,6.591539653222142,14,-160.34,6.040434173136914,4
ds_CAGCCG,ds,6,nsp,-159.23,2.748797919091198,12,-146.85,6.7913657683856306,4
ds_CAGCGA,ds,6,nsp,-158.4,6.862605554743776,9,-146.53,6.216556040123811,2
ds_CAGG,ds,4,nsp,-156.6,2.545147147023136,20,-156.6,5.357160815207998,11
ds_CAGCGG,ds,6,nsp,-158.96,1.5749352367637393,14,-158.96,3.2048380614314995,7
ds_CAGCGC,ds,6,nsp,-160.53,2.875505868538603,12,-159.89,6.766100797357366,6
ds_CAGCTA,ds,6,nsp,-175.79,4.360787199577623,15,-168.52,6.528420559369617,5
ds_CAGGA,ds,5,nsp,-154.68,3.0674733902676468,9,-154.68,6.942249275270945,1
ds_CAGCTC,ds,6,nsp,-162.35,3.1771164599366064,10,-154.41,6.8189310745893135,2
ds_CAGCTG,ds,6,nsp,-168.23,4.12495151486657,14,-165.37,2.658599255247005,10
ds_CAGGAA,ds,6,nsp,-155.63,2.3983579799521206,11,-144.92,5.164561743265361,3
ds_CAGGC,ds,5,nsp,-195.02,4.143230744238143,18,-170.04,5.417643306826318,7
ds_CAGGAC,ds,6,nsp,-186.78,3.6739572670351066,18,-163.16,5.295893597873729,7
ds_CAGGAG,ds,6,nsp,-160.32,2.9179249476297424,17,-149.1,5.634500421510316,3
ds_CAGGG,ds,5,nsp,-175.9,3.3542829338026916,12,-175.9,6.550999160433473,6
ds_CAGGCA,ds,6,nsp,-165.08,3.070902961671054,10,-164.29,6.388062773642732,4
ds_CAGGCC,ds,6,nsp,-166.0,3.8270163312951957,10,-147.87,6.70790734879365,3
ds_CAGGCG,ds,6,nsp,-157.52,2.569671768923044,9,-138.38,6.53786769520462,1
ds_CAGGGA,ds,6,nsp,-158.83,6.276963836123318,6,-136.74,2.8387028727924393,1
ds_CAGGGC,ds,6,nsp,-164.24,2.8545884116628915,12,-141.45,6.041393630612045,6
ds_CAGGGG,ds,6,nsp,-160.95,2.8645940375557366,10,-160.95,6.093218115249107,3
ds_CAGTA,ds,5,nsp,-166.8,4.158913079159039,10,-145.02,4.7525190162691535,1
ds_CAGGTC,ds,6,nsp,-172.2,5.283156916087204,13,-155.59,6.1297838461074665,4
ds_CAGGTA,ds,6,nsp,-135.78,5.448396277805066,8,,,0
ds_CAGTAA,ds,6,nsp,-177.14,2.725998349229124,12,-148.04,6.815765327532939,4
ds_CAGTAC,ds,6,nsp,-170.12,3.2235786014924726,18,-146.38,5.226425355823987,7
ds_CAGTC,ds,5,nsp,-168.85,3.270999235707669,20,-161.33,5.760328723258783,7
ds_CAGTAG,ds,6,nsp,-189.95,3.219895339914017,17,-171.93,5.866167658701897,10
ds_CAGTCC,ds,6,nsp,-173.83,2.459771127564509,13,-173.83,4.45650199147268,8
ds_CAGTCA,ds,6,nsp,-149.19,2.949189380151791,9,-146.7,2.8337969228581112,5
ds_CAGTGA,ds,6,nsp,-155.24,5.903815545899129,12,-146.18,5.8842200842592645,6
ds_CAGTCG,ds,6,nsp,-166.17,2.6958644253745443,18,-149.79,6.0465006408665944,9
ds_CAGTGC,ds,6,nsp,-154.15,2.6134907690673,12,-154.15,2.7442020698191905,6
ds_CAGTGG,ds,6,nsp,-161.94,2.5462963299663453,21,-152.35,5.486984326567738,10
ds_CATA,ds,4,nsp,-160.98,5.543284766273519,12,-159.37,5.6992056464037315,4
ds_CAGTTA,ds,6,nsp,-150.6,4.873513927342372,14,-147.54,4.8004044621260915,8
ds_CATAA,ds,5,nsp,-191.85,3.428166127829862,13,-155.75,6.781054269064666,3
ds_CAGTTC,ds,6,nsp,-159.33,2.3343660809736035,15,-159.33,2.5563247055098426,9
ds_CATAAA,ds,6,nsp,-166.41,4.944329883816426,12,-157.89,5.976543064347495,6
ds_CATAAC,ds,6,nsp,-170.1,3.879637225308568,19,-146.37,6.042140514751382,7
ds_CATAC,ds,5,nsp,-164.19,2.8556438853610673,12,-164.19,4.6850958367999285,3
ds_CATAAG,ds,6,nsp,-173.64,2.9725335994736914,13,-173.64,5.873210110322981,6
ds_CATAG,ds,5,nsp,-174.94,3.0796826135172055,14,-148.85,6.24064315595757,3
ds_CATACA,ds,6,nsp,-166.29,3.0050605651134714,8,-149.99,6.453385545587679,4
ds_CATACC,ds,6,nsp,-192.63,3.1281753467476943,14,-149.33,6.047935928893417,5
ds_CATACG,ds,6,nsp,-171.19,5.425414546373404,19,-157.52,5.164804062111178,7
ds_CATAGC,ds,6,nsp,-177.06,3.6697742437376264,12,-149.11,6.469842656510285,7
ds_CATAGA,ds,6,nsp,-165.23,5.316655527679036,11,-132.8,4.5281638662928225,2
ds_CATATA,ds,6,nsp,-172.41,5.586782347648804,16,-166.65,6.399102280789095,9
ds_CATAGG,ds,6,nsp,-161.96,2.9817318792943133,19,-161.96,4.496706461400403,11
ds_CATC,ds,4,nsp,-167.67,2.9184668920513777,10,-167.67,6.779571446632889,6
ds_CATCA,ds,5,nsp,-163.17,2.6300709115915413,13,-153.58,5.947665256216067,7
ds_CATATC,ds,6,nsp,-197.85,5.13373859872122,10,-156.52,5.848642064616358,4
ds_CATATG,ds,6,nsp,-194.0,5.2417201375121305,17,-168.14,6.914913014637285,7
ds_CATCAA,ds,6,nsp,-148.85,2.9000375859633274,11,-141.3,6.354379513374995,4
ds_CATCC,ds,5,nsp,-186.62,2.8347830604827604,16,-155.4,2.865948534080831,6
ds_CATCAC,ds,6,nsp,-170.09,3.1379566599938937,17,-143.94,4.573496364926942,5
ds_CATCAG,ds,6,nsp,-172.06,2.521845752618535,9,-170.97,6.400973754047114,3
ds_CATCCA,ds,6,nsp,-139.42,2.888662147084709,10,,,0
ds_CATCG,ds,5,nsp,-157.9,3.076967663138492,11,-144.17,5.925642412430907,2
ds_CATCCC,ds,6,nsp,-161.57,2.1330956377996793,13,-161.57,2.1330956377996793,6
ds_CATCCG,ds,6,nsp,-170.04,3.9637369993479856,11,-159.28,4.523291942822186,4
ds_CATCGA,ds,6,nsp,-165.62,6.358771107690545,7,,,0
ds_CATCGC,ds,6,nsp,-172.87,3.30018075262554,17,-172.87,6.907826648085485,9
ds_CATCGG,ds,6,nsp,-155.13,6.920857389081236,18,-149.82,5.724449842561297,7
ds_CATG,ds,4,nsp,-167.72,2.741999452954009,16,-167.72,6.329400208550583,6
ds_CATCTA,ds,6,nsp,-162.96,2.722571394839815,9,-147.29,6.128273492591527,3
ds_CATCTC,ds,6,nsp,-160.78,2.558394809250526,17,-160.78,6.220830651930665,4
ds_CATGA,ds,5,nsp,-169.93,4.942697239362341,16,-130.62,3.857444231612443,1
ds_CATGAA,ds,6,nsp,-141.7,2.6690794293164166,5,-141.7,6.475726754581299,4
ds_CATGC,ds,5,nsp,-176.57,2.537005124157211,11,-162.4,6.073458158248883,3
ds_CATGAC,ds,6,nsp,-182.45,4.27228053854146,12,-148.01,2.7703909471408554,6
ds_CATGAG,ds,6,nsp,-167.84,5.594521427253628,18,-167.17,6.030230841352598,7
ds_CATGCA,ds,6,nsp,-149.01,3.576312066920327,9,-137.81,5.980534424280173,1
ds_CATGG,ds,5,nsp,-187.58,5.1444984206431625,8,-141.2,5.543226587466921,2
ds_CATGCC,ds,6,nsp,-170.83,4.7610555552314295,8,-142.57,6.312999366386801,1
ds_CATGCG,ds,6,nsp,-183.71,6.352913740953833,10,-161.62,5.9379593296013855,3
ds_CATGGA,ds,6,nsp,-163.34,6.046533304299252,5,-135.65,5.7396475501549675,1
ds_CATGGC,ds,6,nsp,-142.19,6.672472480272958,11,-140.29,4.569454453214297,5
ds_CATGGG,ds,6,nsp,-174.96,3.912674149478867,9,-140.84,6.129161361883029,3
ds_CATTA,ds,5,nsp,-157.42,2.6151485617455927,15,-145.72,6.611623854999625,7
ds_CATGTA,ds,6,nsp,-156.24,6.046738128941911,10,-141.22,6.981124980975496,3
ds_CATGTC,ds,6,rebuild-ds,-205.28,4.812584856394774,20,-158.66,6.23714878770739,9
ds_CATTAA,ds,6,nsp,-191.14,2.326156271620623,21,-174.57,6.129140314921819,5
ds_CATTAC,ds,6,nsp,-166.2,3.1131509761012226,21,-153.47,6.083753446680762,9
ds_CATTAG,ds,6,nsp,-193.14,2.418292165971672,19,-171.94,6.643185832113982,10
ds_CATTC,ds,5,nsp,-168.75,3.2971360299508476,14,-168.75,5.898403258509886,6
ds_CATTCC,ds,6,nsp,-169.77,3.170201728597088,10,-150.11,2.4421785356521424,5
ds_CATTCA,ds,6,nsp,-147.24,2.8958214723977753,5,-139.52,5.667899610967005,1
ds_CATTCG,ds,6,nsp,-161.02,3.1799536160139112,11,-139.98,6.371132866296244,2
ds_CATTGA,ds,6,nsp,-165.6,2.9453118680370567,16,-163.14,5.3729275074208855,3
ds_CATTGC,ds,6,rebuild-ds,-161.99,6.845372232391755,16,-149.33,5.171244917812341,6
ds_CATTGG,ds,6,rebuild-ds,-155.15,2.5320554891234224,13,-155.15,5.754357044883489,6
ds_CCA,ds,3,nsp,-149.04,3.7365011708816835,9,-149.04,6.997421953834149,3
ds_CATTTA,ds,6,nsp,-178.28,4.516462553813555,11,-170.3,5.998849306325337,5
ds_CCAA,ds,4,nsp,-171.82,5.919581995377724,20,-145.01,6.195732321525854,8
ds_CATTTC,ds,6,nsp,-176.88,3.0416615525071222,16,-176.88,6.712375287482072,7
ds_CCAAA,ds,5,nsp,-165.93,2.6152112725361207,18,-165.93,6.827706496328023,7
ds_CCAAAA,ds,6,nsp,-170.25,6.079354982232916,21,-146.39,4.574984808717951,7
ds_CCAAAC,ds,6,nsp,-181.44,5.224988612427792,15,-153.95,5.810485435830646,6
ds_CCAAAG,ds,6,nsp,-193.49,3.867952429903981,20,-164.61,6.92398801269903,10
ds_CCAAC,ds,5,nsp,-174.02,3.5056926562378665,13,-155.62,5.7061447580656495,7
ds_CCAACA,ds,6,nsp,-156.69,3.0178409500833383,10,-156.69,5.48079501532397,4
ds_CCAACC,ds,6,nsp,-159.24,4.60666842739956,19,-157.72,6.834380732736519,7
ds_CCAAG,ds,5,nsp,-163.97,2.788500134480908,13,-153.68,6.527223682393626,4
ds_CCAACG,ds,6,nsp,-184.07,2.3984824368754567,22,-184.07,3.229620565948879,9
ds_CCAAGA,ds,6,nsp,-160.71,5.2324545865205545,13,-137.54,6.856183340605761,3
ds_CCAAGC,ds,6,nsp,-159.63,3.7960412273841335,14,-154.72,3.799094628987282,6
ds_CCAAGG,ds,6,nsp,-162.51,5.413284954627824,12,-143.86,5.365805065411891,3
ds_CCAC,ds,4,nsp,-175.6,6.439993944096535,12,-158.6,5.000217295278286,4
ds_CCAATA,ds,6,nsp,-150.35,5.809650850094188,13,-137.43,6.796889435616849,4
ds_CCAATC,ds,6,rebuild-ds,-223.17,3.6500682185405946,15,-167.83,4.023572914711499,8
ds_CCACA,ds,5,nsp,-156.34,2.2582984745156955,10,-141.88,4.950323827791481,2
ds_CCACAA,ds,6,nsp,-157.86,5.70757207576041,9,-141.62,6.447331696135996,3
ds_CCACC,ds,5,nsp,-185.13,3.1667808575902496,13,-149.03,4.128590679638775,5
ds_CCACAG,ds,6,nsp,-197.41,6.898164828416325,34,-184.26,3.7836207526653736,20
ds_CCACAC,ds,6,nsp,-155.86,3.36327964938986,13,-143.93,6.115891594853526,4
ds_CCACCA,ds,6,nsp,-175.87,2.9176572793938718,22,-169.36,6.010876891103328,9
ds_CCACCC,ds,6,nsp,-173.88,3.0012647334082505,14,-148.62,6.37691022361143,6
ds_CCACG,ds,5,nsp,-161.24,2.983677428945696,12,-161.24,5.065913639216526,5
ds_CCACCG,ds,6,nsp,-158.37,6.538220323604891,11,-143.26,2.1757541221378878,4
ds_CCACGA,ds,6,nsp,-173.59,2.6188064075070567,10,-173.59,3.3329557452807523,4
ds_CCACGC,ds,6,nsp,-170.11,6.0746319230057235,16,-160.42,2.5225600091970097,7
ds_CCAG,ds,4,nsp,-165.88,2.442013103977938,17,-165.88,5.133788659459981,8
ds_CCACGG,ds,6,nsp,-158.79,2.7260497060765383,9,-158.79,5.104298678564968,3
ds_CCACTA,ds,6,nsp,-154.59,3.7927305467169807,10,-147.62,2.571463007705923,2
ds_CCAGA,ds,5,nsp,-170.76,2.943214059493474,7,-141.12,5.191000770564398,3
ds_CCACTC,ds,6,nsp,-156.07,5.332906712103646,17,-153.3,5.867395418752682,5
ds_CCAGAA,ds,6,nsp,-162.31,2.346487374779593,11,-162.31,5.945659004685688,3
ds_CCAGAC,ds,6,nsp,-177.6,2.9654797251035436,16,-157.87,4.440307759604062,5
ds_CCAGC,ds,5,nsp,-166.85,6.853214574198008,18,-159.43,6.302936696493155,6
ds_CCAGAG,ds,6,nsp,-189.77,5.751615512184385,24,-162.89,2.388050669479198,8
ds_CCAGCA,ds,6,nsp,-144.72,5.2676641882337,10,-136.66,6.234706328288454,2
ds_CCAGG,ds,5,nsp,-186.43,5.982032848455464,20,-151.3,6.607885213894079,5
ds_CCAGCC,ds,6,nsp,-156.37,2.578000775795051,9,-156.37,5.7143617316372195,4
ds_CCAGCG,ds,6,nsp,-155.47,6.9119191980230825,7,-138.2,5.98223010256209,1
ds_CCAGGA,ds,6,nsp,-179.15,2.657734561614461,10,-179.15,3.5063111670243976,6
ds_CCAGGC,ds,6,nsp,-158.06,4.532738134946698,15,-156.09,6.949378389467648,4
ds_CCAGGG,ds,6,nsp,-153.9,2.569142658553623,10,-153.9,5.011593259633108,4
ds_CCAGTA,ds,6,nsp,-153.31,4.095248222025123,11,-152.82,4.420127599968141,3
ds_CCATA,ds,5,nsp,-159.74,5.195178245257817,15,-151.33,4.575913569987956,5
ds_CCAGTC,ds,6,nsp,-166.13,4.095920653528364,15,-162.87,5.715726637970011,3
ds_CCATAA,ds,6,rebuild-ds,-145.29,2.507099519364968,13,-145.29,6.278391195202793,5
ds_CCATAC,ds,6,nsp,-195.36,5.451770446377969,22,-179.09,3.0079730716879873,10
ds_CCATC,ds,5,nsp,-183.16,3.243555148290227,15,-151.01,5.8167008690493995,9
ds_CCATAG,ds,6,nsp,-167.88,3.008691742269393,17,-167.88,5.804808523973895,5
ds_CCATCA,ds,6,nsp,-163.9,2.846189909334954,12,-163.9,5.770917171472844,5
ds_CCATCC,ds,6,nsp,-166.97,2.5965012998263584,14,-152.05,5.062116948471268,5
ds_CCATCG,ds,6,nsp,-162.64,6.60119390716559,15,-154.62,5.33193754652097,7
ds_CCATGA,ds,6,nsp,-164.81,3.0934235080247396,17,-138.43,2.311023366389867,5
ds_CCATGC,ds,6,nsp,-167.88,6.615146408054778,19,-144.17,2.677087596624367,6
ds_CCATGG,ds,6,nsp,-160.63,2.565885032498528,13,-160.63,4.988460083031639,5
ds_CCC,ds,3,nsp,-147.32,3.4951094403466225,16,-142.92,4.614160487022523,7
ds_CCATTA,ds,6,nsp,-148.47,3.2148539624685926,5,-141.44,5.056973897500376,1
ds_CCATTC,ds,6,nsp,-170.32,2.9988629511866893,16,-156.84,5.719647017080678,7
ds_CCCA,ds,4,nsp,-158.39,2.6646939786774855,13,-153.9,5.63790005232444,7
ds_CCCAA,ds,5,nsp,-160.62,2.948267626929426,10,-133.25,6.622755166847121,1
ds_CCCAAA,ds,6,nsp,-185.61,4.087386818004866,16,-139.84,6.9397925761509605,3
ds_CCCAAC,ds,6,nsp,-208.93,2.8886524539999776,26,-185.28,2.592940801483897,11
ds_CCCAAG,ds,6,rebuild-ds,-174.15,6.728297853097764,18,-151.53,5.316351944707948,6
ds_CCCAC,ds,5,nsp,-165.58,1.6797836170173779,16,-160.82,6.358839674028601,8
ds_CCCACA,ds,6,nsp,-195.54,3.0350439865016825,22,-195.54,5.992033210855899,15
ds_CCCACC,ds,6,nsp,-189.95,2.8221883353171364,26,-181.2,2.965347197209788,13
ds_CCCACG,ds,6,nsp,-202.99,2.926886741915395,21,-202.99,5.4321142292849505,9
ds_CCCAG,ds,5,nsp,-176.14,6.046110237169044,22,-175.65,6.409476265655419,9
ds_CCCAGA,ds,6,nsp,-193.6,5.549935945576329,16,-170.91,5.724503908636983,6
ds_CCCAGC,ds,6,nsp,-220.17,3.8079797793580967,18,-155.22,6.646550157788622,10
ds_CCCAGG,ds,6,rebuild-ds,-170.92,4.117120595756245,7,-154.44,6.491217528322395,4
ds_CCCC,ds,4,nsp,-189.19,5.965841851742309,19,-154.3,2.457785995565925,8
ds_CCCATA,ds,6,rebuild-ds,-165.65,2.9563447025000165,9,-165.65,6.769046978711256,5
ds_CCCATC,ds,6,nsp,-200.22,4.011346532026387,11,-166.97,6.338691426469649,4
ds_CCCCA,ds,5,nsp,-169.1,6.835004754936177,25,-167.58,6.461472045904088,12
ds_CCCCAA,ds,6,nsp,-151.63,3.029408027981713,5,-151.63,5.9541593865129245,1
ds_CCCCAC,ds,6,nsp,-191.35,5.0301874716554975,18,-170.29,5.8200073024009304,7
ds_CCCCC,ds,5,nsp,-190.21,6.893535595033941,19,-171.47,5.562700243586746,10
ds_CCCCAG,ds,6,nsp,-157.14,4.387677403820855,9,-131.65,1.9629602644984943,2
ds_CCCCCC,ds,6,nsp,-217.64,2.758632632301755,24,-217.64,6.712601656585931,16
ds_CCCCCA,ds,6,nsp,-158.56,3.077955977592943,14,-153.75,2.8822062729790794,6
ds_CCCCG,ds,5,nsp,-142.99,3.2967515829980245,11,-137.06,4.7098997866196814,3
ds_CCCCCG,ds,6,nsp,-145.21,3.0462938138006455,9,-131.4,5.528643685389751,2
ds_CCCCGA,ds,6,nsp,-218.66,6.775509501137187,23,-163.89,5.920384193614454,12
ds_CCCCGG,ds,6,nsp,-142.1,2.8118497470526496,11,-142.1,6.249769915764915,4
ds_CCCCGC,ds,6,nsp,-154.4,2.963774957718627,13,-143.98,1.841828710819768,4
ds_CCCG,ds,4,nsp,-178.2,6.2988803767019075,21,-160.69,2.626480154122604,7
ds_CCCCTA,ds,6,nsp,-157.88,6.575623012308425,14,-150.9,6.039849418652744,6
ds_CCCGA,ds,5,nsp,-160.35,6.652795577800359,22,-154.55,3.0460848642150387,11
ds_CCCCTC,ds,6,nsp,-182.43,4.236526525350688,12,-164.83,5.782287696059423,8
ds_CCCGAA,ds,6,nsp,-161.49,5.4448212091858625,6,-128.91,2.909750161096306,1
ds_CCCGAC,ds,6,nsp,-176.92,4.296398142630663,15,-156.31,5.8336007748216705,6
ds_CCCGC,ds,5,nsp,-171.61,5.487488587687468,17,-162.61,5.332923119640868,7
ds_CCCGAG,ds,6,nsp,-154.02,3.5893956315792366,7,-146.99,5.296806585103898,2
ds_CCCGCA,ds,6,nsp,-151.0,4.9540852838844,13,-141.8,6.651593042271908,2
ds_CCCGG,ds,5,nsp,-149.93,2.4428557059310703,11,-138.97,4.816264216174183,4
ds_CCCGCC,ds,6,nsp,-200.29,2.784871451252293,24,-200.29,5.868899215355454,10
ds_CCCGCG,ds,6,nsp,-162.26,2.3041801144875933,14,-162.26,4.91292631737949,7
ds_CCCGGA,ds,6,nsp,-171.3,4.664807498707761,12,-145.38,2.998201794409443,5
ds_CCCGGC,ds,6,nsp,-162.36,5.422822327902701,10,-144.84,4.649108839336847,4
ds_CCCGGG,ds,6,nsp,-173.83,6.053574894225737,18,-141.52,6.973933538541942,4
ds_CCCTA,ds,5,nsp,-173.47,3.3071211045258178,21,-153.91,5.196138854957607,8
ds_CCCGTA,ds,6,nsp,-152.44,3.2161448972333377,10,-143.23,2.544148973625565,5
ds_CCCGTC,ds,6,nsp,-227.14,3.608916042248717,19,-165.56,5.622759198116175,9
ds_CCCTAC,ds,6,nsp,-179.27,3.113468965639453,17,-179.27,5.824094607748063,6
ds_CCCTAA,ds,6,nsp,-158.45,5.11071452930021,11,-140.1,5.857183196725187,4
ds_CCCTAG,ds,6,nsp,-160.72,5.888363864436396,11,-140.98,3.588412044344965,4
ds_CCCTC,ds,5,nsp,-155.27,6.800891926799017,12,-142.57,5.8435836607342155,6
ds_CCCTCA,ds,6,nsp,-154.84,3.111496906635123,10,-145.21,5.0316039192289415,3
ds_CCCTCG,ds,6,nsp,-169.1,6.417162690784767,12,-153.0,5.5474048887745635,2
ds_CCCTCC,ds,6,nsp,-208.47,3.10878143329507,17,-198.25,3.1125940949632285,9
ds_CCCTGA,ds,6,nsp,-150.36,5.497368279458824,7,-132.92,5.886071525219501,2
ds_CCG,ds,3,nsp,-141.44,3.019414015997144,6,-141.44,5.8863808915156,2
ds_CCCTGC,ds,6,nsp,-169.41,6.363076064294705,14,-157.53,5.982288776045502,3
ds_CCCTTA,ds,6,nsp,-155.02,6.191382801927236,10,-153.53,6.274734735429066,5
ds_CCCTTC,ds,6,nsp,-154.21,2.4424106943755373,10,-154.21,4.34502773293796,4
ds_CCGA,ds,4,nsp,-177.2,5.2742397556425225,16,-174.19,5.247678534361653,6
ds_CCGAA,ds,5,nsp,-161.07,4.269093112125828,12,-149.7,4.007321050277861,5
ds_CCGAAA,ds,6,nsp,-157.57,3.082067487904845,12,-157.57,6.567581366073818,3
ds_CCGAAC,ds,6,nsp,-196.04,2.9989421468244584,16,-148.0,6.9001655777234845,7
ds_CCGAC,ds,5,nsp,-157.1,2.8430297219691507,11,-157.1,5.2863047585246035,5
ds_CCGAAG,ds,6,nsp,-167.33,2.8167933896542747,13,-167.33,6.367203310716571,7
ds_CCGACA,ds,6,nsp,-152.95,5.823432922254725,9,-151.45,6.582120099177783,4
ds_CCGACC,ds,6,nsp,-183.15,3.3546047457189427,16,-161.63,6.417581475914432,5
ds_CCGACG,ds,6,nsp,-163.88,2.5174788976275333,21,-163.88,5.007044837027133,4
ds_CCGAG,ds,5,nsp,-144.84,2.517817705871492,11,-138.63,6.2517500749790065,3
ds_CCGAGA,ds,6,nsp,-153.43,2.1869718791059216,13,-139.95,6.752888048827694,6
ds_CCGAGC,ds,6,nsp,-165.4,2.674780551746277,8,-165.4,5.187226040958694,4
ds_CCGATA,ds,6,nsp,-140.6,6.026053185958465,5,-136.3,4.943887539174021,2
ds_CCGAGG,ds,6,rebuild-ds,-159.09,4.237396842402193,9,-145.32,6.618294795489225,4
ds_CCGC,ds,4,nsp,-190.83,2.6097243149421137,18,-190.83,3.6917455221073947,8
ds_CCGATC,ds,6,nsp,-173.28,6.855346161938144,11,-128.63,1.9225061768431346,3
ds_CCGCA,ds,5,nsp,-153.8,2.5351366827056814,14,-153.8,5.594928417772657,6
ds_CCGCAA,ds,6,rebuild-ds,-156.48,4.32225901583885,10,-142.47,5.405178535441742,2
ds_CCGCC,ds,5,nsp,-157.98,2.8702740287296775,16,-140.02,6.122997550219991,8
ds_CCGCAG,ds,6,nsp,-189.92,2.630527323560812,19,-189.92,3.968109373492619,10
ds_CCGCAC,ds,6,nsp,-168.68,2.718460961647242,20,-168.68,2.718460961647242,9
ds_CCGCCA,ds,6,nsp,-161.46,2.214036585063589,13,-161.46,5.488443677400724,4
ds_CCGCCC,ds,6,nsp,-161.88,2.630886922693566,14,-161.88,6.192390007097417,5
ds_CCGCCG,ds,6,nsp,-146.72,4.600085325295617,4,-141.23,2.4673388498542317,1
ds_CCGCG,ds,5,nsp,-158.98,5.630932959998718,13,-152.44,5.2543614264722995,7
ds_CCGCGA,ds,6,rebuild-ds,-147.31,1.0150477821265476,10,-147.31,6.438447716647238,7
ds_CCGG,ds,4,nsp,-168.39,6.443882447717387,15,-137.86,6.846485886934992,3
ds_CCGCGC,ds,6,nsp,-159.74,6.226590238645878,10,-140.02,3.933825873116386,2
ds_CCGCTA,ds,6,nsp,-179.28,2.805031194122465,7,-179.28,6.5894300967534445,4
ds_CCGCGG,ds,6,nsp,-183.55,3.044001478317656,15,-155.12,6.839798388841607,7
ds_CCGCTC,ds,6,nsp,-175.27,6.859122392842999,9,-136.94,6.175508643018799,1
ds_CCGGA,ds,5,nsp,-185.36,2.9356770939597707,13,-145.52,6.2536892311658745,6
ds_CCGGAA,ds,6,nsp,-141.69,2.3024007036135177,7,-141.69,5.311633552872421,3
ds_CCGGAC,ds,6,nsp,-154.41,2.635172859605228,16,-154.41,4.531768087623196,6
ds_CCGGC,ds,5,nsp,-158.25,2.880905760346898,14,-158.25,6.1870243251501895,6
ds_CCGGAG,ds,6,nsp,-143.02,3.3992065250584615,4,,,0
ds_CCGGCA,ds,6,nsp,-167.98,2.399772072510211,16,-167.98,6.833146639726089,5
ds_CCGGCC,ds,6,nsp,-137.87,6.224911324669607,3,-130.61,4.00609360849194,1
ds_CCGGCG,ds,6,nsp,-144.55,3.5167784974320115,2,,,0
ds_CCGGGA,ds,6,nsp,-159.59,4.503239167532646,11,-132.31,5.618188053100394,2
ds_CCGGGC,ds,6,nsp,-143.46,2.283605263612775,10,-143.46,5.619835139930704,1
ds_CCGGTA,ds,6,nsp,-164.89,5.655872876930691,9,-131.19,6.040587388656837,1
ds_CCGTA,ds,5,nsp,-156.49,2.0861680181615108,14,-156.49,5.285264326407896,5
ds_CCGGTC,ds,6,nsp,-157.43,2.9240331735464236,9,-157.43,5.0077792483295545,4
ds_CCGTAA,ds,6,nsp,-163.49,3.5458678768392033,12,-140.83,2.5354265913253933,4
ds_CCGTC,ds,5,nsp,-162.21,2.302073413251638,9,-162.21,6.474854592961914,3
ds_CCGTAC,ds,6,nsp,-176.44,2.5986615785823344,12,-151.3,6.842505827545916,4
ds_CCGTAG,ds,6,nsp,-158.62,3.1902568862083993,11,-154.83,6.300531802951247,7
ds_CCGTCA,ds,6,nsp,-172.1,2.7542394594515636,15,-152.29,6.852013499694817,5
ds_CCGTCC,ds,6,nsp,-162.41,3.536293681243149,14,-152.07,2.701129023204934,7
ds_CCTA,ds,4,nsp,-162.47,2.48053240252976,11,-139.23,6.433501457215956,3
ds_CCGTCG,ds,6,nsp,-164.27,3.025427242556011,13,-145.96,6.5834761334723515,3
ds_CCGTGA,ds,6,nsp,-181.05,5.307897794795992,10,-169.89,6.028450713077126,2
ds_CCGTGC,ds,6,nsp,-191.71,2.5438197656280583,16,-159.79,5.86045373669992,6
ds_CCGTTA,ds,6,nsp,-137.08,2.797858288048204,8,-134.27,6.227949742892941,3
ds_CCGTTC,ds,6,nsp,-161.52,3.3280015024035148,11,-146.45,3.979950502204769,5
ds_CCTAA,ds,5,nsp,-178.81,3.5849846582656264,19,-147.43,5.9291778519454095,9
ds_CCTAC,ds,5,nsp,-172.92,2.9504179364964696,22,-149.22,4.901967870151738,13
ds_CCTAAA,ds,6,nsp,-197.21,5.813189571999203,9,-143.7,6.743007711696626,2
ds_CCTAAC,ds,6,nsp,-209.84,4.6306235001347416,17,-154.52,6.063931892757377,6
ds_CCTAAG,ds,6,nsp,-172.45,6.346154583682946,18,-149.61,2.293833690571302,6
ds_CCTACA,ds,6,nsp,-189.5,2.198898815316431,10,-189.5,6.968284867885357,3
ds_CCTACC,ds,6,nsp,-181.87,3.4762820656558073,13,-159.81,5.992463516785071,4
ds_CCTACG,ds,6,nsp,-174.01,3.160830745231396,10,-174.01,6.47681279643006,5
ds_CCTAG,ds,5,nsp,-162.86,6.480724496535854,8,-153.79,6.734948106704315,2
ds_CCTAGA,ds,6,rebuild-ds,-182.33,4.4331882432398375,12,-171.18,3.3816436831812986,6
ds_CCTAGC,ds,6,nsp,-163.37,6.829204712116932,8,-151.84,6.290431543225004,3
ds_CCTC,ds,4,nsp,-179.09,3.3205162249265,9,-147.35,4.526220719319803,4
ds_CCTAGG,ds,6,rebuild-ds,-169.22,4.282982255391702,12,-140.72,6.9005032425179085,5
ds_CCTATA,ds,6,rebuild-ds,-162.78,3.9497404978048882,11,-133.45,5.584824079592835,3
ds_CCTCA,ds,5,nsp,-153.87,3.7559223900395216,9,-144.15,6.674942246941167,4
ds_CCTATC,ds,6,nsp,-208.58,4.809593226043161,18,-158.06,2.609782749578969,5
ds_CCTCAA,ds,6,nsp,-178.28,6.219724431194699,15,-159.77,6.732184563720749,6
ds_CCTCC,ds,5,nsp,-169.13,2.1304311770155917,8,-169.13,2.1304311770155917,6
ds_CCTCAC,ds,6,nsp,-170.02,2.7251754071986,21,-154.63,3.000790895747332,7
ds_CCTCCA,ds,6,nsp,-151.48,2.8007507921984227,13,-143.33,6.38016159669957,3
ds_CCTCAG,ds,6,rebuild-ds,-166.45,3.3259591097907557,20,-159.37,5.10114006865132,9
ds_CCTCCC,ds,6,nsp,-165.35,6.53474085178595,11,-159.54,5.232500549450534,4
ds_CCTCG,ds,5,nsp,-150.52,2.9227043983269856,10,-150.52,6.728805540361531,4
ds_CCTCCG,ds,6,nsp,-166.36,2.349377364324451,17,-148.26,5.730310550048742,6
ds_CCTCGA,ds,6,nsp,-174.33,2.4526210469617897,15,-174.33,5.329279594842075,6
ds_CCTCGC,ds,6,nsp,-163.61,3.684995658070724,10,-142.37,2.5928912433806355,4
ds_CCTGA,ds,5,nsp,-163.91,3.951309782844193,17,-149.52,3.155540682672299,9
ds_CCTCTA,ds,6,nsp,-160.82,3.462811863211757,17,-160.82,6.072393761936083,3
ds_CCTCTC,ds,6,nsp,-157.45,4.8376364063455695,18,-154.47,2.565587846868617,9
ds_CCTGAC,ds,6,nsp,-183.5,6.342800879737608,20,-170.91,5.958309323960964,7
ds_CCTGAA,ds,6,nsp,-151.75,4.679256992301228,13,-151.46,5.650998318881377,5
ds_CCTGAG,ds,6,nsp,-177.53,3.5493865667182374,13,-163.96,6.368386687380089,5
ds_CCTGC,ds,5,nsp,-146.24,3.0339713248480256,11,-146.01,6.136991608271923,5
ds_CCTGCA,ds,6,nsp,-164.31,4.986956787460671,13,-150.67,6.719179563012153,4
ds_CCTGCC,ds,6,nsp,-183.85,3.6179297947859856,8,-143.67,4.315833870760082,1
ds_CCTGCG,ds,6,nsp,-178.26,6.473460280251982,9,-155.76,6.344429525181922,4
ds_CCTGGC,ds,6,nsp,-153.48,3.4019817753774095,15,-139.85,4.605045602380068,3
ds_CCTGGA,ds,6,nsp,-190.37,2.586400007732759,12,-190.37,2.945175376781489,5
ds_CCTGTA,ds,6,nsp,-153.39,5.652568531207742,8,-133.51,5.780104237814406,2
ds_CCTTA,ds,5,nsp,-174.23,4.717607974387028,12,-135.44,4.026143315879339,4
ds_CCTGTC,ds,6,nsp,-202.49,3.84035388994296,15,-158.19,6.661701359262523,5
ds_CCTTAC,ds,6,nsp,-158.08,6.4706186721209376,10,-151.06,6.5300416537722015,5
ds_CCTTC,ds,5,nsp,-166.81,2.607118907913474,12,-166.81,5.8446112787763775,5
ds_CCTTAA,ds,6,rebuild-ds,-153.61,6.613711439124015,2,-144.99,3.7389748595036028,1
ds_CCTTAG,ds,6,rebuild-ds,-178.9,3.3480134408332263,16,-155.87,5.386900129016704,11
ds_CCTTCA,ds,6,nsp,-160.69,5.891429877372732,13,-148.83,5.675085550015979,6
ds_CCTTCC,ds,6,nsp,-152.18,2.3516983224895154,11,-138.51,3.027317294239235,3
ds_CCTTCG,ds,6,nsp,-159.42,2.9820377261195046,16,-159.42,6.5586075503874985,6
ds_CCTTGA,ds,6,nsp,-157.61,6.555021662816984,10,-147.64,5.4411136727695775,4
ds_CGA,ds,3,nsp,-145.89,2.443989770846039,14,-145.89,5.471320681517408,5
ds_CGAA,ds,4,nsp,-152.57,6.11822278116776,9,-152.35,4.995189385799099,5
ds_CCTTGC,ds,6,nsp,-158.18,5.065287849668584,15,-155.83,6.355689891742674,4
ds_CCTTTA,ds,6,nsp,-188.58,3.8713668128969676,13,-188.58,5.859906739872231,8
ds_CCTTTC,ds,6,nsp,-153.48,6.692610701363122,10,-147.62,6.9271721503078005,3
ds_CGAAA,ds,5,nsp,-189.89,4.017683536566829,20,-139.81,6.006680530875603,6
ds_CGAAAA,ds,6,rebuild-ds,-173.49,6.531525472659526,14,-166.33,5.155484264353829,4
ds_CGAAAC,ds,6,nsp,-218.2,5.276700673716504,24,-188.12,4.194607132974441,12
ds_CGAAAG,ds,6,nsp,-159.76,2.5649072107973003,22,-159.76,6.587185817934701,9
ds_CGAAC,ds,5,nsp,-162.63,2.771094188222412,12,-162.63,5.339729674805662,8
ds_CGAAG,ds,5,nsp,-166.21,4.011729801469703,7,-148.9,6.269780299181154,3
ds_CGAACA,ds,6,nsp,-151.57,2.5390512007441006,9,-145.33,6.957510258706043,2
ds_CGAACC,ds,6,rebuild-ds,-199.21,4.238426358921439,11,-165.0,4.940440162576614,6
ds_CGAACG,ds,6,nsp,-159.05,3.174251880364909,21,-147.24,6.388662849141436,8
ds_CGAAGA,ds,6,nsp,-165.65,2.9123176337755377,19,-157.74,5.822261588077267,7
ds_CGAAGC,ds,6,nsp,-174.74,5.931129403410458,14,-168.49,4.7432934760564684,8
ds_CGAC,ds,4,nsp,-175.15,6.608818426920215,14,-164.7,6.161992372601566,4
ds_CGAATA,ds,6,rebuild-ds,-179.37,3.7883085935546483,16,-165.81,5.8316664856625655,7
ds_CGAATC,ds,6,rebuild-ds,-154.24,2.6839167274712556,14,-147.64,6.5373942821280115,7
ds_CGACA,ds,5,rebuild-ds,-156.6,3.4444141737021243,17,-144.09,5.659425765923617,6
ds_CGACAA,ds,6,nsp,-191.93,3.6028528973578924,15,-148.76,6.704438753542307,2
ds_CGACAC,ds,6,nsp,-175.84,3.409403026924226,15,-144.84,3.123265438607483,6
ds_CGACAG,ds,6,nsp,-168.52,3.7277285308884736,13,-163.74,5.727605258744712,3
ds_CGACC,ds,5,nsp,-152.1,2.7744603078797176,15,-147.9,6.4247466097893575,5
ds_CGACCA,ds,6,nsp,-172.55,2.6251838030888495,14,-172.55,6.456571303718399,7
ds_CGACCC,ds,6,nsp,-162.36,3.048113022838893,14,-145.25,5.313737855784751,7
ds_CGACG,ds,5,nsp,-154.86,4.956454680515106,17,-148.88,6.231105359404548,7
ds_CGACCG,ds,6,nsp,-175.48,2.905073148820874,11,-175.48,6.523443032632391,3
ds_CGACGA,ds,6,nsp,-182.94,2.9981729436441764,13,-157.58,6.165673118159946,4
ds_CGACGC,ds,6,nsp,-175.54,1.9960533560002882,16,-175.54,4.567784692824302,5
ds_CGACTA,ds,6,nsp,-177.43,2.5752069819725283,9,-177.43,5.821778851863063,2
ds_CGAG,ds,4,nsp,-177.72,6.350807035330241,16,-160.78,6.4772597601146105,4
ds_CGACTC,ds,6,nsp,-173.54,3.7880348467246145,16,-160.29,6.6549561982029735,5
ds_CGAGA,ds,5,nsp,-181.0,5.925130293926036,17,-157.21,5.60717620554232,6
ds_CGAGAA,ds,6,rebuild-ds,-170.75,5.735637453675058,17,-165.01,5.088688829158253,8
ds_CGAGAC,ds,6,nsp,-159.68,2.4839619562304267,10,-159.68,4.51942098061245,5
ds_CGAGC,ds,5,nsp,-182.69,5.931348919090839,16,-169.23,4.4003323738099605,9
ds_CGAGAG,ds,6,nsp,-154.34,3.978948227861229,14,-147.98,2.8239543197438572,4
ds_CGAGCA,ds,6,rebuild-ds,-162.03,6.1558288637680745,6,-156.65,6.4221044837342784,4
ds_CGAGCC,ds,6,nsp,-208.28,3.5666098749372837,12,-142.57,3.0325660751251595,5
ds_CGAGCG,ds,6,nsp,-154.74,2.932416239212981,10,-154.74,4.551805356119696,6
ds_CGAGGA,ds,6,nsp,-182.6,4.622977828196893,13,-149.22,6.84169226142187,8
ds_CGAGGC,ds,6,nsp,-183.69,5.582480989667602,19,-158.01,2.267789231829097,4
ds_CGAGTA,ds,6,nsp,-164.82,5.880176272868017,10,-152.29,2.619752850938428,3
ds_CGATA,ds,5,nsp,-164.61,5.3006759946256015,20,-163.86,6.8948889766261,7
ds_CGAGTC,ds,6,nsp,-164.2,3.1387158202041894,10,-146.37,5.254401297959641,4
ds_CGATAC,ds,6,nsp,-185.51,6.687950433428772,11,-152.61,6.173769755991886,5
ds_CGATAA,ds,6,nsp,-152.58,5.076993303127347,11,-140.73,6.742830414595922,3
ds_CGATC,ds,5,nsp,-212.27,3.9029579808140515,25,-169.49,2.2331891993290602,12
ds_CGATAG,ds,6,nsp,-174.47,5.423889840326769,14,-161.92,6.931946624145351,3
ds_CGATCA,ds,6,nsp,-150.15,2.3190043121995427,9,-150.15,6.0667181408072794,4
ds_CGATCC,ds,6,nsp,-179.4,3.501170804173961,10,-164.5,5.721829952034574,4
ds_CGATCG,ds,6,nsp,-152.64,4.808061355681745,10,-151.7,4.972577299550008,2
ds_CGC,ds,3,nsp,-155.78,1.9107414791122277,10,-155.78,4.272426593869116,4
ds_CGATGA,ds,6,nsp,-155.66,2.4206402045739797,15,-155.66,5.477447306912228,7
ds_CGATGC,ds,6,nsp,-159.69,3.5084793002097237,18,-158.16,2.691463728159835,6
ds_CGATTA,ds,6,nsp,-158.91,3.066104042592164,18,-147.55,2.1849441640462977,6
ds_CGATTC,ds,6,nsp,-162.49,2.796777788813418,17,-162.49,5.86435887373889,7
ds_CGCA,ds,4,nsp,-152.99,2.1893396264627523,18,-152.99,4.203010587662141,8
ds_CGCAA,ds,5,nsp,-188.76,3.7009758172676683,22,-188.76,5.651895788140464,7
ds_CGCAAA,ds,6,nsp,-180.24,4.571101399006569,17,-159.58,5.143199587805234,5
ds_CGCAAC,ds,6,nsp,-228.21,3.324229384383706,14,-170.1,5.493058619749107,7
ds_CGCAAG,ds,6,nsp,-197.52,3.3746024951096194,19,-194.2,4.138645793010073,6
ds_CGCAC,ds,5,nsp,-160.23,6.9775338766644595,10,-159.2,6.886000726110909,3
ds_CGCACA,ds,6,nsp,-159.21,6.151659450912421,13,-152.68,5.136731451029919,4
ds_CGCACC,ds,6,nsp,-172.15,4.426212489250844,10,-141.66,5.781195983531446,3
ds_CGCACG,ds,6,nsp,-166.37,4.180385628144866,14,-152.93,6.619500434322816,4
ds_CGCAG,ds,5,nsp,-173.19,5.269710048949564,21,-159.86,5.716355569766466,6
ds_CGCAGA,ds,6,nsp,-166.0,3.321973810854051,13,-154.19,5.415344587373917,5
ds_CGCAGC,ds,6,nsp,-188.48,3.5655762507622932,14,-158.71,6.7350648846169285,8
ds_CGCC,ds,4,nsp,-164.7,2.6475562316974464,15,-153.88,6.894625515573708,5
ds_CGCATA,ds,6,nsp,-180.88,3.5543170933387764,14,-158.81,6.782937269354643,8
ds_CGCATC,ds,6,nsp,-167.77,2.6495844957275847,19,-167.77,2.6495844957275847,7
ds_CGCCA,ds,5,nsp,-165.9,2.584200843587806,12,-165.9,4.812190041966344,2
ds_CGCCAA,ds,6,nsp,-179.45,5.996557429058778,15,-157.7,6.535024560015061,3
ds_CGCCAC,ds,6,nsp,-178.84,2.9284936400818995,13,-169.85,5.8555756335308375,5
ds_CGCCC,ds,5,nsp,-148.05,4.124711626283729,19,-147.86,6.734075363403644,8
ds_CGCCAG,ds,6,nsp,-143.84,6.650200222549722,7,-136.32,6.717738384307619,2
ds_CGCCCA,ds,6,rebuild-ds,-154.68,3.82957895858017,13,-153.52,4.618282797750703,2
ds_CGCCCC,ds,6,nsp,-159.55,2.9126094829207747,12,-143.8,5.462015928208191,3
ds_CGCCG,ds,5,nsp,-168.34,4.12577047349949,12,-144.9,5.041567811703036,2
ds_CGCCCG,ds,6,nsp,-160.67,3.1166501247332743,8,-160.67,3.7975763323467344,6
ds_CGCCGA,ds,6,nsp,-152.8,4.229018207574925,6,-134.63,6.438586024897071,1
ds_CGCCGC,ds,6,nsp,-143.57,3.54718395350454,9,-139.29,2.378982555631713,3
ds_CGCG,ds,4,nsp,-168.83,4.224753838982812,14,-142.33,5.75090479837739,8
ds_CGCCTA,ds,6,rebuild-ds,-180.92,4.616272197347122,12,-137.71,6.285519071643971,1
ds_CGCCTC,ds,6,rebuild-ds,-182.58,3.1755656189095003,13,-182.58,6.844341750672603,6
ds_CGCGA,ds,5,nsp,-175.17,6.641465275072988,15,-150.2,6.975402569027824,5
ds_CGCGAA,ds,6,nsp,-170.53,4.3740483536422206,18,-163.2,6.408389657316418,8
ds_CGCGAC,ds,6,nsp,-224.46,3.347447236328029,19,-149.14,4.178466943748633,8
ds_CGCGC,ds,5,nsp,-175.54,3.3248959382212324,7,-150.54,6.253902621563595,2
ds_CGCGAG,ds,6,nsp,-166.23,6.200659400418652,14,-163.71,5.007193325606675,8
ds_CGCGCA,ds,6,nsp,-163.31,6.489204342598571,15,-157.88,6.613436776744766,7
ds_CGCGCC,ds,6,nsp,-156.45,2.655740009865412,16,-143.5,3.596158784036083,4
ds_CGCGCG,ds,6,nsp,-170.55,5.6835625271479016,16,-155.12,5.231363684547277,12
ds_CGCGGA,ds,6,nsp,-170.42,5.446677152172695,10,-153.87,6.920973414195444,3
ds_CGCGGC,ds,6,nsp,-193.58,3.109619590882474,14,-152.64,2.5198859101157693,7
ds_CGCGTA,ds,6,nsp,-169.04,4.265118521213711,9,-157.88,6.248099230966173,3
ds_CGCTA,ds,5,nsp,-149.58,2.798587679526939,15,-149.58,4.0449619281273925,8
ds_CGCGTC,ds,6,nsp,-220.76,3.5195709965846804,11,-155.26,5.236887338868401,5
ds_CGCTAA,ds,6,nsp,-145.47,6.005265106554422,9,-131.68,2.149981395268349,2
ds_CGCTC,ds,5,nsp,-192.22,2.889781652651311,16,-148.15,6.39918705774414,8
ds_CGCTAC,ds,6,nsp,-164.17,6.377458271129673,10,-145.01,5.724144128164508,4
ds_CGCTAG,ds,6,nsp,-167.86,3.0455111229479983,5,,,0
ds_CGCTCA,ds,6,nsp,-168.66,2.1724209997143773,11,-142.92,6.283624272663049,4
ds_CGCTCC,ds,6,nsp,-154.43,3.205179558152702,10,-151.25,6.975094623014104,4
ds_CGCTGA,ds,6,nsp,-152.17,4.791652950705009,6,-137.41,5.344388271823082,1
ds_CGCTGC,ds,6,nsp,-174.35,2.595191129762904,16,-156.64,4.581856174084914,5
ds_CGGA,ds,4,nsp,-152.03,5.894711697784721,12,-141.23,4.978058758190793,4
ds_CGCTTA,ds,6,nsp,-167.95,2.6070776743319506,9,-167.95,6.399925468316022,6
ds_CGCTTC,ds,6,nsp,-145.71,4.615505714436939,11,-144.34,4.764839661520629,4
ds_CGGAA,ds,5,nsp,-174.22,6.619578385365637,13,-147.23,4.834212552215723,4
ds_CGGAAA,ds,6,nsp,-158.29,4.676443734292113,17,-141.59,5.8590690386784186,4
ds_CGGAAC,ds,6,nsp,-193.99,3.53052871394639,14,-147.01,2.603295795717414,10
ds_CGGAAG,ds,6,nsp,-156.22,2.855989320708334,15,-156.22,5.09587382104385,6
ds_CGGAC,ds,5,nsp,-156.29,5.11533869846368,16,-149.78,6.089713457955135,7
ds_CGGACA,ds,6,nsp,-166.76,4.325259992185447,18,-160.39,6.8691893262597,4
ds_CGGAG,ds,5,nsp,-151.56,2.7401923290163444,16,-151.38,6.210370439836905,7
ds_CGGACC,ds,6,nsp,-189.2,4.988765077651996,12,-165.39,5.41561076887916,5
ds_CGGACG,ds,6,nsp,-164.49,2.8234154848339204,16,-164.49,6.518995014570877,8
ds_CGGAGC,ds,6,nsp,-174.12,4.053671668993445,13,-167.5,5.048468480638464,5
ds_CGGAGA,ds,6,nsp,-191.96,4.987729543589951,19,-159.25,5.049081797713329,6
ds_CGGC,ds,4,nsp,-171.69,4.46747299935882,12,-168.36,6.4010910007591635,6
ds_CGGATA,ds,6,nsp,-158.96,6.7613026851339875,8,-136.81,3.5327220383154936,4
ds_CGGATC,ds,6,nsp,-153.72,2.608145126330197,13,-153.72,3.37609908029961,8
ds_CGGCA,ds,5,nsp,-187.41,2.1870390943007965,21,-165.63,2.7926958301970597,9
ds_CGGCAA,ds,6,nsp,-155.22,3.213367859427233,12,-155.22,6.0627196042700175,4
ds_CGGCAC,ds,6,nsp,-173.0,2.823033120599204,16,-151.9,5.030205363600984,10
ds_CGGCC,ds,5,nsp,-177.96,4.3244434323968255,10,-144.38,4.515299547095403,5
ds_CGGCAG,ds,6,nsp,-160.09,6.189762030966946,17,-154.11,5.185704773702418,8
ds_CGGCCA,ds,6,nsp,-162.5,5.6632890620204215,12,-151.71,6.579472091285134,5
ds_CGGCCG,ds,6,nsp,-170.37,2.764858405054407,20,-170.37,6.311394378423841,8
ds_CGGCCC,ds,6,nsp,-169.24,4.885572228511223,12,-142.88,2.5030591283467567,6
ds_CGGCGA,ds,6,nsp,-157.5,2.680179285047941,7,-157.5,6.5073719733852675,4
ds_CGGCGC,ds,6,nsp,-157.31,2.2789622638385167,13,-157.31,2.2789622638385167,4
ds_CGGCTA,ds,6,nsp,-153.87,4.28635206206861,10,,,0
ds_CGGGA,ds,5,nsp,-184.36,5.66525295110465,15,-168.56,2.288879857047991,6
ds_CGGCTC,ds,6,nsp,-162.72,3.3384562300560283,9,-135.61,4.908811363252824,3
ds_CGGGAA,ds,6,nsp,-162.31,5.7573918574299,11,-129.35,5.286377303976707,3
ds_CGGGAG,ds,6,nsp,-142.74,5.621529774002819,9,-137.68,4.965514072077535,4
ds_CGGGAC,ds,6,nsp,-204.22,3.4706229988289063,15,-158.63,2.779500674581686,6
ds_CGGGC,ds,5,nsp,-163.07,5.469748897344409,12,-141.31,6.619814574442401,5
ds_CGGGCA,ds,6,nsp,-144.72,2.61104481003295,6,-141.01,6.169241525503776,3
ds_CGGGCC,ds,6,nsp,-171.23,3.1465466785032636,9,-171.23,6.828575986250724,6
ds_CGGGGA,ds,6,nsp,-165.14,6.2977635713005355,17,-143.97,3.9970225168242504,2
ds_CGGGGC,ds,6,nsp,-147.78,6.731197293201273,6,-145.45,4.364958762691813,2
ds_CGGTA,ds,5,nsp,-180.79,4.374545233507137,14,-148.34,6.349396349260307,5
ds_CGGGTA,ds,6,nsp,-153.52,2.5204414295912696,4,-153.52,5.923921927237072,2
ds_CGGGTC,ds,6,nsp,-166.19,5.850022734998553,12,-145.31,5.412630044627105,4
ds_CGGTAA,ds,6,nsp,-160.68,2.715851431871775,18,-160.68,6.766400594112057,4
ds_CGGTAC,ds,6,nsp,-183.96,6.4189048131281865,12,-140.77,2.378907732552899,5
ds_CGGTAG,ds,6,nsp,-177.92,3.529820533681591,15,-169.16,6.267038056370816,9
ds_CGGTC,ds,5,nsp,-156.35,2.2280258077500124,14,-156.35,2.7819662111535464,8
ds_CGGTCA,ds,6,nsp,-157.8,3.219442653628126,15,-147.72,5.825789045271034,5
ds_CGGTCC,ds,6,rebuild-ds,-159.15,2.33514945988476,14,-159.15,5.922006923332665,5
ds_CGGTGA,ds,6,nsp,-162.21,2.1401310707524606,12,-162.21,2.1401310707524606,6
ds_CGGTGC,ds,6,nsp,-169.16,5.072215393691411,19,-155.83,3.1309488976985844,6
ds_CGTA,ds,4,nsp,-172.25,3.7589994679435725,15,-151.6,5.105625916574775,5
ds_CGGTTA,ds,6,nsp,-155.6,2.571476035276234,11,-155.6,3.6448829885196625,3
ds_CGGTTC,ds,6,nsp,-173.32,5.220438774662551,16,-146.54,6.095526966555059,6
ds_CGTAA,ds,5,nsp,-176.5,3.4658768010418304,23,-161.71,4.8539384009276585,5
ds_CGTAAA,ds,6,nsp,-161.36,4.098302697459042,10,-139.22,4.252384507543996,2
ds_CGTAC,ds,5,nsp,-161.84,5.043378332031037,15,-145.14,6.931026330926744,4
ds_CGTAAC,ds,6,nsp,-172.1,2.960274649420234,16,-166.42,6.049858262802526,7
ds_CGTAAG,ds,6,nsp,-180.93,3.571696235684112,10,-141.72,5.026641125045614,2
ds_CGTACA,ds,6,nsp,-174.07,6.105511198908724,12,-151.5,5.429671629113507,4
ds_CGTACC,ds,6,nsp,-164.43,6.914991250898311,13,-156.96,5.109278031189936,6
ds_CGTAG,ds,5,nsp,-155.06,6.845455499818844,11,-142.97,5.543602709430029,2
ds_CGTACG,ds,6,nsp,-165.29,3.1979352713899853,10,-165.29,6.791081357191967,6
ds_CGTAGA,ds,6,nsp,-165.39,6.045587233677147,14,-146.98,6.244527364020425,3
ds_CGTC,ds,4,nsp,-164.8,2.2760641467234604,11,-164.8,5.87149844588245,3
ds_CGTAGC,ds,6,nsp,-179.61,3.1523118500554483,14,-138.01,6.493609011943975,5
ds_CGTATA,ds,6,nsp,-183.48,4.476525996797088,10,-155.11,5.398351044532023,1
ds_CGTATC,ds,6,nsp,-203.92,4.898842618415113,12,-178.76,5.5207058425531095,3
ds_CGTCA,ds,5,nsp,-163.69,6.706750703582186,16,-161.89,6.696716284866784,5
ds_CGTCAA,ds,6,nsp,-173.71,2.5447656080668764,14,-173.71,5.454210300309304,8
ds_CGTCAC,ds,6,nsp,-162.88,4.693777370093311,12,-157.86,5.899568543546221,5
ds_CGTCC,ds,5,nsp,-148.08,3.011187639453909,15,-148.08,5.065292390375912,5
ds_CGTCAG,ds,6,nsp,-159.42,4.312203381103462,11,-144.75,2.739900910617026,2
ds_CGTCCA,ds,6,nsp,-154.94,5.636507872787915,9,-146.0,6.433594485200307,1
ds_CGTCCC,ds,6,nsp,-160.91,2.303641899254319,12,-135.74,5.468820256691564,3
ds_CGTCGA,ds,6,nsp,-178.95,6.297369371412159,10,-170.09,5.308472944265618,3
ds_CGTCGC,ds,6,nsp,-183.94,3.0582403437271024,24,-156.52,5.736329226953407,12
ds_CGTCTA,ds,6,nsp,-165.37,2.4767690647292993,12,-165.37,6.149179864014388,4
ds_CGTGA,ds,5,nsp,-180.77,6.361624320879076,12,-172.44,6.149201655499679,3
ds_CGTCTC,ds,6,nsp,-173.3,3.179016829147043,10,-147.62,6.193672496992403,2
ds_CGTGC,ds,5,nsp,-165.12,2.405552950986528,18,-152.0,5.91016319571634,7
ds_CGTGAA,ds,6,rebuild-ds,-201.83,4.191797347200851,24,-168.29,3.4216903717314895,9
ds_CGTGAC,ds,6,nsp,-206.85,3.2220567965198885,13,-173.89,4.7587922837627605,4
ds_CGTGAG,ds,6,nsp,-183.54,3.3174740390845856,17,-146.66,6.918074153982441,5
ds_CGTGCA,ds,6,nsp,-157.72,2.6339441907527203,15,-143.64,6.685380093906416,8
ds_CGTGCC,ds,6,nsp,-185.73,2.9872318289680977,14,-157.41,2.5693697670829607,6
ds_CGTGGA,ds,6,nsp,-150.27,4.307854802567058,13,-148.06,6.658181733776872,5
ds_CGTGGC,ds,6,rebuild-ds,-162.36,5.086307993033872,16,-154.98,6.004241417531444,9
ds_CGTTA,ds,5,nsp,-156.45,3.011029059972704,15,-150.98,6.765940437219361,5
ds_CGTGTA,ds,6,rebuild-ds,-150.79,2.5104250636097523,6,-130.44,6.000638299381158,1
ds_CGTGTC,ds,6,nsp,-188.62,2.667494329890912,12,-149.54,6.004305205433852,4
ds_CGTTAA,ds,6,nsp,-153.52,2.705124211565885,16,-149.22,6.516207025563266,5
ds_CGTTAC,ds,6,nsp,-178.93,3.3459714583361384,15,-178.93,6.147559271776089,10
ds_CGTTC,ds,5,nsp,-149.53,6.979725352762829,13,-137.98,5.645277141115394,4
ds_CGTTAG,ds,6,nsp,-195.54,5.2718662729625665,17,-190.53,5.487876547445286,9
ds_CGTTCA,ds,6,nsp,-144.4,2.50222321146616,8,-144.4,4.584967720715163,2
ds_CGTTGA,ds,6,nsp,-177.75,6.991274132802978,15,-170.1,5.450985690680177,7
ds_CTA,ds,3,nsp,-149.76,3.910648411708726,15,-145.01,4.481548169996613,7
ds_CGTTCC,ds,6,rebuild-ds,-146.94,2.41452314132625,10,-141.89,6.791990871607536,5
ds_CGTTGC,ds,6,rebuild-ds,-162.27,3.4775584826139503,15,-138.91,4.97124793185775,3
ds_CGTTTA,ds,6,nsp,-181.33,5.394800645065588,11,-151.57,5.974718905521835,3
ds_CTAA,ds,4,nsp,-154.15,2.6374673457694393,13,-154.15,5.6765729978570745,5
ds_CGTTTC,ds,6,nsp,-173.64,3.311795132552767,16,-173.64,6.085682295355233,6
ds_CTAAA,ds,5,nsp,-182.41,5.203863276451478,13,-163.96,6.748066612000791,6
ds_CTAAC,ds,5,nsp,-230.6,3.505928407711727,11,-230.6,6.926100851128299,5
ds_CTAAAC,ds,6,nsp,-156.06,5.750894017455028,11,-141.52,5.1806848968065955,2
ds_CTAAAA,ds,6,nsp,-152.04,2.8474500873588706,6,-145.98,6.305596006722919,1
ds_CTAAAG,ds,6,nsp,-172.07,2.5346942616418424,14,-172.07,5.513287313391164,6
ds_CTAACA,ds,6,nsp,-156.21,2.5809536997009364,13,-156.21,6.237021564817614,5
ds_CTAAG,ds,5,nsp,-150.21,2.701344294976092,14,-142.49,6.859908016876032,5
ds_CTAACC,ds,6,rebuild-ds,-206.24,2.8803015467134907,21,-206.24,6.195087812129862,12
ds_CTAAGA,ds,6,nsp,-158.23,4.5221727078916505,12,-143.83,4.614278491812122,3
ds_CTAC,ds,4,nsp,-152.31,5.840899245835359,16,-138.22,5.884252288948874,8
ds_CTAAGC,ds,6,nsp,-174.66,3.2585510583693535,17,-174.66,6.988230462713721,8
ds_CTACA,ds,5,nsp,-173.04,2.412063224710349,18,-173.04,5.002515966990989,5
ds_CTAATA,ds,6,nsp,-166.57,6.819942668380732,17,-158.85,5.00881562846947,5
ds_CTAATC,ds,6,nsp,-179.06,3.169766710658708,19,-155.4,5.7860343068460915,5
ds_CTACAA,ds,6,nsp,-187.66,4.493798949663873,16,-170.74,5.730085252419905,5
ds_CTACAC,ds,6,nsp,-172.9,2.831274271419147,15,-172.9,6.2115571316699585,7
ds_CTACAG,ds,6,nsp,-164.19,3.222166972706427,19,-147.24,5.1716779675459295,6
ds_CTACC,ds,5,nsp,-183.05,3.6262859787943,13,-153.48,6.02131829419438,4
ds_CTACCA,ds,6,nsp,-171.75,4.6013940279007,17,-145.26,2.3034274462200726,7
ds_CTACGC,ds,6,nsp,-185.52,5.298254523897477,18,-172.09,2.949062562917241,4
ds_CTACGA,ds,6,nsp,-184.58,2.805471439883141,18,-161.7,5.45398157312618,3
ds_CTACCC,ds,6,nsp,-152.65,2.4417651402213147,14,-152.65,5.309673624621398,7
ds_CTACTA,ds,6,nsp,-165.13,3.1242173419914323,12,-165.13,4.8076311214568035,7
ds_CTAG,ds,4,nsp,-167.41,2.3096798479443,13,-167.41,5.225772861500974,6
ds_CTACTC,ds,6,nsp,-185.51,3.3033917418314247,21,-164.18,5.794219964757978,7
ds_CTAGA,ds,5,nsp,-211.52,6.558528950915751,26,-181.96,5.27862709423578,11
ds_CTAGC,ds,5,nsp,-195.26,4.216302289921845,14,-160.11,5.203401003190116,7
ds_CTAGAA,ds,6,nsp,-161.11,6.914156347668184,11,-149.83,4.647696418657317,4
ds_CTAGAG,ds,6,nsp,-169.97,6.991852186652697,17,-152.57,6.952792604414424,4
ds_CTAGAC,ds,6,nsp,-181.79,4.303168483803529,14,-146.6,2.5361242083147224,5
ds_CTAGCC,ds,6,nsp,-184.36,3.7775988405335084,11,-155.53,3.4382578437342377,3
ds_CTAGCA,ds,6,nsp,-158.31,4.935317821579507,12,-148.87,4.963118576056799,4
ds_CTAGGA,ds,6,nsp,-161.88,2.9565692956533223,10,-161.88,6.467741336819202,5
ds_CTAGGC,ds,6,rebuild-ds,-203.19,4.436023106341991,16,-168.04,5.569587866260841,6
ds_CTATA,ds,5,nsp,-164.77,3.31370049944169,17,-164.77,6.918339757485185,6
ds_CTAGTA,ds,6,nsp,-165.93,3.7500566662385375,7,-141.32,4.082440814022912,5
ds_CTAGTC,ds,6,nsp,-183.54,3.5339697225641458,10,-159.69,5.6958681515639125,2
ds_CTATAA,ds,6,nsp,-197.33,6.165209728792702,18,-183.17,5.951843159895928,10
ds_CTATAC,ds,6,rebuild-ds,-165.37,2.5131961722078144,6,-145.74,5.188126829598525,3
ds_CTATAG,ds,6,nsp,-157.73,2.9789454509943756,14,-147.31,6.215853038803279,7
ds_CTATC,ds,5,nsp,-210.61,3.564636306834126,18,-210.61,6.967156234791922,9
ds_CTATCA,ds,6,nsp,-168.67,3.365470249459974,8,-157.41,6.792532002132927,5
ds_CTC,ds,3,nsp,-153.62,2.281710542553549,11,-153.62,4.729451236665848,4
ds_CTATGA,ds,6,nsp,-158.78,1.8053525971399482,14,-158.78,6.080555402263838,4
ds_CTATCC,ds,6,nsp,-176.54,6.37296861752828,12,-169.07,6.016290385278962,3
ds_CTATGC,ds,6,nsp,-188.53,4.162428257640003,9,-166.75,2.6219973302808737,4
ds_CTCA,ds,4,nsp,-164.52,2.54696309356849,16,-164.52,5.355580827510681,9
ds_CTATTA,ds,6,nsp,-166.3,4.1980272748042236,13,-147.84,4.77486439598028,5
ds_CTATTC,ds,6,nsp,-168.82,2.7891964792749864,12,-168.82,5.654191100413911,5
ds_CTCAA,ds,5,nsp,-171.21,3.046334682860723,21,-154.02,6.973162912194148,9
ds_CTCAAA,ds,6,nsp,-161.71,3.6859268847876048,10,-145.55,6.218981106258492,3
ds_CTCAC,ds,5,nsp,-178.26,3.71383615685993,20,-157.42,6.781164059363269,11
ds_CTCAAG,ds,6,nsp,-179.79,6.05196042617596,13,-176.86,6.846806920017523,5
ds_CTCAAC,ds,6,nsp,-185.54,4.034659589110359,7,-154.83,4.987320422832275,2
ds_CTCACA,ds,6,nsp,-151.2,5.836247510172944,11,-140.34,4.704821569411519,3
ds_CTCAG,ds,5,nsp,-160.42,3.3822556083181934,15,-160.42,6.99924174464634,4
ds_CTCACC,ds,6,nsp,-190.04,2.751510675974203,27,-188.68,5.205565675313303,12
ds_CTCAGA,ds,6,nsp,-161.71,6.610629697691442,10,-145.09,3.6761814427473354,3
ds_CTCC,ds,4,nsp,-154.35,4.2906292079367585,14,-144.06,5.290777069580615,5
ds_CTCAGC,ds,6,nsp,-157.38,2.401395635875128,10,-157.38,6.8650585576526595,4
ds_CTCCA,ds,5,rebuild-ds,-166.42,2.211151057707268,14,-166.42,5.413483721227949,6
ds_CTCATA,ds,6,rebuild-ds,-174.8,6.086750446666923,8,-136.84,5.488429374602545,2
ds_CTCATC,ds,6,nsp,-211.2,4.068976284030183,13,-161.98,2.6525810072455904,6
ds_CTCCAC,ds,6,nsp,-165.63,3.297148768254159,8,-165.63,6.624568967110248,3
ds_CTCCAA,ds,6,nsp,-160.38,3.467184015883783,11,-160.38,6.361515621296553,2
ds_CTCCC,ds,5,nsp,-163.14,3.908375365800997,21,-163.14,6.76125705767796,11
ds_CTCCAG,ds,6,nsp,-160.38,6.7445506151262675,8,-142.76,2.148161074035189,1
ds_CTCCCC,ds,6,rebuild-ds,-161.26,3.0612080948540488,12,-158.49,6.653772012926196,7
ds_CTCCCA,ds,6,rebuild-ds,-175.08,4.919880587981779,14,-160.42,6.133915796618013,5
ds_CTCCGA,ds,6,nsp,-146.11,2.4257670951680512,9,-145.95,4.7427381331884595,2
ds_CTCCGC,ds,6,rebuild-ds,-160.13,2.977485012556727,9,-160.13,6.879060182902899,3
ds_CTCCTA,ds,6,nsp,-156.94,2.6154276896905455,10,-135.68,6.64597231411628,2
ds_CTCCTC,ds,6,nsp,-191.93,6.312089115340524,10,-150.97,4.8931079080682345,3
ds_CTCGA,ds,5,rebuild-ds,-151.85,3.3984930483966154,12,-146.64,5.83341486609687,4
ds_CTCGAA,ds,6,nsp,-165.0,6.540574133820366,24,-161.02,4.895394570410029,7
ds_CTCGC,ds,5,nsp,-166.84,2.5408724879458298,16,-166.84,6.173771375747566,10
ds_CTCGAC,ds,6,nsp,-186.61,2.99823364666599,8,-151.04,5.857162965122272,1
ds_CTCGAG,ds,6,nsp,-176.59,5.277812615089728,12,-149.39,5.8701586861004165,4
ds_CTCGCA,ds,6,nsp,-161.33,3.4789626327398375,17,-133.12,6.612151238439712,2
ds_CTCGCC,ds,6,nsp,-193.92,5.635012511077521,22,-166.44,6.937553531325002,8
ds_CTCGGA,ds,6,nsp,-176.27,6.109412901416982,25,-171.76,4.820761765530423,9
ds_CTCGGC,ds,6,nsp,-213.62,4.018378030997088,19,-165.36,5.966393047729913,9
ds_CTCGTA,ds,6,rebuild-ds,-169.68,4.293331224119578,13,-155.13,6.560838742112179,5
ds_CTCTA,ds,5,nsp,-157.65,2.9417039279981885,18,-150.72,2.509202462935197,8
ds_CTCGTC,ds,6,nsp,-231.38,4.0773973316320475,19,-152.88,6.370389391552132,9
ds_CTCTAA,ds,6,nsp,-149.85,6.408628714475507,8,-144.28,6.181803458538626,2
ds_CTCTC,ds,5,nsp,-200.62,3.9868767224483084,16,-174.02,6.056077608485546,8
ds_CTCTAC,ds,6,nsp,-163.19,2.7508329647581395,12,-163.19,5.1846428999498215,5
ds_CTCTCA,ds,6,nsp,-154.65,2.4146480074743875,11,-135.23,5.836851462903621,1
ds_CTCTCC,ds,6,nsp,-166.66,3.9902384640519912,13,-166.66,6.827336816065249,7
ds_CTCTGA,ds,6,nsp,-184.18,6.90590508188466,16,-156.34,5.55710950045075,7
ds_CTGA,ds,4,nsp,-156.57,6.746816582655869,16,-151.05,6.3116836105749154,8
ds_CTCTGC,ds,6,nsp,-190.13,6.9542956508909155,22,-160.2,6.068844123883883,9
ds_CTGAA,ds,5,nsp,-162.49,3.972489647563617,19,-154.3,6.242024351122011,8
ds_CTCTTA,ds,6,nsp,-146.92,1.9294781677956374,8,-146.92,1.9294781677956374,5
ds_CTCTTC,ds,6,nsp,-163.09,6.10168214511377,12,-160.5,6.966887540358323,3
ds_CTGAAA,ds,6,nsp,-161.45,6.061783071011359,8,-150.94,4.892192351083503,1
ds_CTGAAC,ds,6,nsp,-176.1,2.986739024421137,6,-176.1,6.738385711726506,2
ds_CTGAAG,ds,6,rebuild-ds,-201.81,3.403466174358151,25,-176.16,6.88110863160871,9
ds_CTGAC,ds,5,nsp,-201.5,4.464872898526908,17,-135.7,4.499638874398705,9
ds_CTGAGA,ds,6,nsp,-181.46,4.983834969177866,23,-169.0,5.668708847700689,11
ds_CTGACA,ds,6,nsp,-171.71,3.92489044433093,18,-163.62,4.866416546083993,6
ds_CTGACC,ds,6,nsp,-178.41,3.288227942220545,12,-151.4,5.352742101017015,4
ds_CTGAGC,ds,6,nsp,-163.56,2.7930236304048703,17,-147.55,6.0810191580030475,8
ds_CTGATA,ds,6,nsp,-161.85,2.6105152748068687,10,-161.85,5.027222493584296,5
ds_CTGC,ds,4,nsp,-161.45,3.1021009010024136,16,-161.45,5.092422409816378,9
ds_CTGCA,ds,5,nsp,-185.66,3.4788446357950695,19,-146.18,1.9919251993988178,5
ds_CTGATC,ds,6,nsp,-169.43,6.4338493143685005,11,-158.95,6.739292321898493,4
ds_CTGCAC,ds,6,nsp,-166.94,2.1527886566033563,14,-166.94,5.790647027750886,6
ds_CTGCAG,ds,6,nsp,-156.71,2.7768971893104264,7,-156.71,6.946011589394324,4
ds_CTGCC,ds,5,nsp,-180.17,4.514058595100435,11,-151.44,1.6495250831678847,3
ds_CTGCAA,ds,6,nsp,-172.98,2.8174126428338613,13,-172.98,6.315486442072377,5
ds_CTGCCA,ds,6,nsp,-170.2,5.904415381729162,8,-143.28,4.431607608983447,2
ds_CTGCCC,ds,6,nsp,-167.41,2.819853010353583,12,-167.41,6.378609487968365,5
ds_CTGCGA,ds,6,nsp,-160.57,2.4488368667593976,9,-160.57,6.416127414570258,4
ds_CTGCGC,ds,6,nsp,-158.73,2.5201414642832805,10,-158.73,6.953019056496241,3
ds_CTGGA,ds,5,nsp,-195.66,6.383951597560857,16,-158.74,5.459482026712784,3
ds_CTGCTC,ds,6,nsp,-186.31,5.772665415559795,12,-150.71,5.958166496498732,4
ds_CTGCTA,ds,6,nsp,-154.38,2.8196888126174713,6,-150.52,6.504121462580475,2
ds_CTGGAA,ds,6,nsp,-175.28,5.526049855004941,9,-149.14,5.551628049500445,4
ds_CTGGC,ds,5,nsp,-152.03,4.4902941997156685,7,-137.42,4.397821392462413,3
ds_CTGGAC,ds,6,nsp,-164.44,4.882306524584458,12,-161.97,5.871079713306577,7
ds_CTGGCA,ds,6,nsp,-165.74,3.0575244888634963,13,-148.19,6.281574404558147,5
ds_CTGGCC,ds,6,nsp,-171.56,4.018581341717512,9,-149.05,6.036795590377388,1
ds_CTGGGA,ds,6,nsp,-159.23,2.621894162623659,15,-159.23,4.25964094731,4
ds_CTGGGC,ds,6,rebuild-ds,-199.94,4.558538910659878,23,-174.54,6.266207545238186,8
ds_CTGGTA,ds,6,nsp,-157.21,2.9972043640699733,7,-157.21,6.7398015549421135,5
ds_CTGGTC,ds,6,nsp,-154.96,4.440401558417892,9,-133.95,6.9661126892981065,3
ds_CTGTA,ds,5,rebuild-ds,-154.61,5.2884898600640255,11,-142.76,5.705999386610549,3
ds_CTGTAA,ds,6,nsp,-175.74,2.672521281486809,12,-175.74,6.259848001349561,4
ds_CTGTC,ds,5,nsp,-194.3,4.513148014413019,13,-155.64,5.319403162009812,4
ds_CTGTAC,ds,6,nsp,-158.89,4.295522436211945,7,-156.31,6.32828894725897,3
ds_CTGTCA,ds,6,nsp,-143.79,2.980812976353949,5,,,0
ds_CTGTGA,ds,6,nsp,-169.03,6.925810999442595,14,-156.99,6.76427120982004,8
ds_CTGTCC,ds,6,nsp,-167.26,1.9285758994657216,12,-167.26,5.638422740447901,5
ds_CTGTGC,ds,6,nsp,-184.69,3.175719760936093,18,-150.71,4.127773370716952,8
ds_CTGTTA,ds,6,nsp,-156.82,2.155984461910615,6,-146.18,6.74108693016194,2
ds_CTTA,ds,4,nsp,-171.08,6.936177693802267,14,-158.77,6.215975707803247,6
ds_CTGTTC,ds,6,nsp,-171.07,2.707864472236377,11,-171.07,6.040988412503388,6
ds_CTTAA,ds,5,nsp,-194.13,6.636757265412076,21,-149.64,6.348891241783883,9
ds_CTTAC,ds,5,nsp,-169.94,6.023703926987123,19,-161.07,6.468087043322775,11
ds_CTTAAA,ds,6,nsp,-160.09,6.311791980095659,16,-135.2,6.262979243139809,6
ds_CTTAAC,ds,6,nsp,-164.55,4.696261811270763,12,-158.19,6.336658583196678,6
ds_CTTAAG,ds,6,nsp,-150.17,6.676328781598464,8,-147.35,6.806651232434338,4
ds_CTTACC,ds,6,nsp,-205.07,4.339074670940806,16,-173.63,5.892039884454292,4
ds_CTTACA,ds,6,nsp,-157.4,6.227474126802928,10,-144.82,6.958216869284827,3
ds_CTTAGA,ds,6,nsp,-169.93,2.8275733412238844,11,-169.93,5.66355948145688,3
ds_CTTAGC,ds,6,nsp,-187.35,4.29832467363742,13,-148.56,4.949891715987319,5
ds_CTTC,ds,4,nsp,-155.99,5.1527484898838365,11,-137.63,4.267688015776206,3
ds_CTTATA,ds,6,nsp,-158.28,6.019178349243354,8,-140.32,6.654909541083181,1
ds_CTTCA,ds,5,nsp,-179.12,3.7366484983203945,18,-162.75,4.825644102086262,8
ds_CTTATC,ds,6,nsp,-174.16,2.615639309996709,17,-152.0,4.781492340263663,6
ds_CTTCAC,ds,6,rebuild-ds,-151.02,3.5751086696770686,11,-140.62,2.5310363490080356,3
ds_CTTCAA,ds,6,nsp,-158.0,6.041403562087211,12,-140.99,5.3567495741354385,3
ds_CTTCC,ds,5,nsp,-161.11,3.3943024320175335,11,-144.48,6.548906549951676,3
ds_CTTCCA,ds,6,nsp,-152.7,3.252649689099636,10,-143.8,5.63564397385074,2
ds_CTTCCC,ds,6,rebuild-ds,-159.93,6.6393120878596985,13,-144.5,2.1947275457331847,4
ds_CTTCGC,ds,6,rebuild-ds,-160.56,4.749258784273619,14,-154.75,2.117208067243279,4
ds_CTTCGA,ds,6,nsp,-162.53,1.9906802857314827,13,-162.53,4.68802997004073,1
ds_CTTCTA,ds,6,nsp,-165.2,2.6769878595167422,14,-165.2,5.93133585290868,3
ds_CTTGA,ds,5,nsp,-166.42,2.912296173125243,15,-166.42,5.745487359658897,8
ds_CTTCTC,ds,6,nsp,-186.34,5.1568076365131255,15,-177.99,6.892042077642886,4
ds_CTTGAA,ds,6,nsp,-176.11,6.370389783992826,12,-150.64,6.845728449186408,6
ds_CTTGAC,ds,6,nsp,-171.87,5.235458146141572,15,-150.7,4.325782472570724,7
ds_CTTGC,ds,5,nsp,-176.76,3.746732443076234,18,-147.92,4.8771754120597315,6
ds_CTTGCA,ds,6,nsp,-160.28,5.670152114361669,10,-132.65,5.592409945631682,1
ds_CTTGCC,ds,6,nsp,-178.74,5.691752893441535,11,-154.52,5.28102348034925,3
ds_CTTGGA,ds,6,nsp,-155.79,6.322765059687114,12,-150.32,3.989076459532968,4
ds_CTTGGC,ds,6,rebuild-ds,-211.52,6.735037119422586,21,-164.0,5.815441943653131,8
ds_CTTGTA,ds,6,rebuild-ds,-179.41,3.2688843662631966,8,-172.32,5.255089533014647,5
ds_CTTGTC,ds,6,rebuild-ds,-181.14,4.019093056897299,12,-152.97,5.5673075180018525,5
ds_CTTTA,ds,5,rebuild-ds,-161.87,2.693010582972168,11,-146.15,6.904864806786595,4
ds_CTTTAA,ds,6,nsp,-158.23,2.456617593358824,11,-158.23,6.659846094317791,4
ds_CTTTC,ds,5,nsp,-161.32,6.290215417614903,18,-152.33,4.827162831311987,10
ds_CTTTCA,ds,6,nsp,-151.25,4.011452854016874,12,-148.97,4.489525364668298,3
ds_CTTTAC,ds,6,nsp,-167.16,6.007860268015557,11,-162.76,5.787791720509665,4
ds_CTTTCC,ds,6,nsp,-151.52,3.090470190763867,17,-148.36,5.572687053836774,9
ds_CTTTGA,ds,6,nsp,-164.05,2.6159644492997076,10,-150.52,5.02495611921141,3
ds_CTTTGC,ds,6,nsp,-171.29,2.566287201386465,14,-171.29,5.89246731004933,7
ds_CTTTTA,ds,6,nsp,-156.37,5.92202988847574,11,-144.85,6.597580920307066,7
ds_GAA,ds,3,nsp,-179.81,6.600002499999539,12,-158.2,6.943483347715326,4
ds_CTTTTC,ds,6,nsp,-154.86,6.511955927369296,9,-138.66,6.579424062940462,2
ds_GAAA,ds,4,nsp,-154.68,6.204136845686112,18,-149.39,6.909983646869228,5
ds_GAAAA,ds,5,nsp,-173.42,2.5147868696969082,17,-173.42,2.5147868696969082,8
ds_GAAAAA,ds,6,nsp,-184.4,5.190142676266237,11,-168.66,5.818086798940007,5
ds_GAAAC,ds,5,nsp,-166.1,6.51753312227872,11,-162.08,6.833002707448603,5
ds_GAAAAC,ds,6,nsp,-177.27,2.6007422017570336,14,-152.4,2.1037136211946708,5
ds_GAAACA,ds,6,nsp,-156.86,3.1159478493710404,8,-156.86,5.908021750129225,5
ds_GAAACC,ds,6,nsp,-154.02,2.8171143036802855,18,-153.9,6.599862574326827,6
ds_GAAAGA,ds,6,nsp,-170.4,5.506549554848304,18,-165.84,5.809406596202404,6
ds_GAAAGC,ds,6,nsp,-152.2,2.6322357417222184,10,-149.19,6.196323910190623,5
ds_GAAATA,ds,6,nsp,-166.22,3.6389488866979405,13,-159.5,6.743145927532617,6
ds_GAAC,ds,4,nsp,-187.44,5.5347471486961375,13,-161.93,5.495489150203116,2
ds_GAACA,ds,5,nsp,-169.95,2.3258892922923033,21,-169.95,2.7189648765660674,10
ds_GAAATC,ds,6,nsp,-164.58,3.821009945027639,17,-163.1,6.017938683635779,6
ds_GAACAA,ds,6,nsp,-194.55,5.207116380493142,21,-191.08,6.890492652924026,8
ds_GAACAC,ds,6,nsp,-188.16,6.422260194043855,18,-158.27,2.771926947089335,7
ds_GAACC,ds,5,nsp,-172.83,3.1244813969681484,18,-172.83,6.9981492553388716,10
ds_GAACCA,ds,6,nsp,-178.45,4.087775189513261,16,-153.89,6.8109307733965405,5
ds_GAACCC,ds,6,nsp,-180.44,3.239010960154349,13,-167.92,5.345967265144814,4
ds_GAACGA,ds,6,nsp,-178.2,2.6334870419274985,16,-178.2,2.6334870419274985,7
ds_GAACGC,ds,6,nsp,-156.83,2.7252686106143864,22,-156.83,6.299406400606312,9
ds_GAACTA,ds,6,nsp,-169.7,3.055469031098172,19,-167.76,6.02375547312472,9
ds_GAAGA,ds,5,nsp,-161.59,2.57340591434775,14,-145.58,4.679907157198746,4
ds_GAACTC,ds,6,nsp,-160.72,2.713684027295734,14,-160.72,5.44718597075592,5
ds_GAAGAA,ds,6,nsp,-161.03,3.1633871087807233,11,-161.03,6.0128583884871265,5
ds_GAAGC,ds,5,nsp,-162.5,2.6146791390149557,17,-157.71,6.879623100141471,7
ds_GAAGAC,ds,6,nsp,-177.95,4.020900147976827,11,-148.78,6.519648303397964,7
ds_GAAGCA,ds,6,nsp,-175.75,3.0635453318010497,14,-150.57,6.806621335141253,6
ds_GAAGCC,ds,6,nsp,-177.68,6.400878767794313,19,-150.46,5.003555635745445,10
ds_GAAGGA,ds,6,nsp,-149.31,2.9221616998379925,12,-149.31,6.311584032554758,5
ds_GAAGGC,ds,6,nsp,-171.12,3.3182893183084663,14,-163.07,5.46311650983209,7
ds_GAAGTA,ds,6,nsp,-158.74,5.432291413390845,14,-151.08,4.975557054240239,2
ds_GAAGTC,ds,6,nsp,-181.37,2.6840815933946636,12,-181.37,2.6840815933946636,4
ds_GAATA,ds,5,nsp,-178.87,2.467078028761954,13,-178.87,6.832003878804503,5
ds_GAATAA,ds,6,nsp,-162.9,6.7681430983690145,18,-162.19,5.662570617661194,7
ds_GAATC,ds,5,nsp,-178.23,3.7362819754403116,13,-165.95,2.633086781706977,6
ds_GAATAC,ds,6,nsp,-188.72,6.709795078838095,15,-177.65,6.420556206435711,6
ds_GAATCA,ds,6,nsp,-162.77,3.2173591655269203,7,-149.23,6.918203451764056,4
ds_GAATCC,ds,6,nsp,-181.46,2.587686611628245,19,-160.16,2.8955116991647545,7
ds_GAC,ds,3,nsp,-160.97,3.212601593724312,9,-160.97,6.815314666249827,5
ds_GAATGA,ds,6,nsp,-158.07,2.784151217157603,7,-158.07,5.594613927698674,3
ds_GAATGC,ds,6,nsp,-157.86,3.9472807095518365,18,-148.87,4.5587008017635915,11
ds_GAATTA,ds,6,nsp,-158.3,2.6332400194437358,13,-155.81,5.794343707444347,4
ds_GACA,ds,4,nsp,-199.28,2.9801444595858317,10,-158.76,5.606583094898354,4
ds_GAATTC,ds,6,nsp,-165.19,2.6947866334832584,15,-165.19,5.993804968465352,10
ds_GACAA,ds,5,nsp,-221.42,3.610779555719235,17,-160.39,5.849790850962108,4
ds_GACAAA,ds,6,nsp,-162.79,5.0463666137132845,13,-152.57,6.333812990608418,4
ds_GACAC,ds,5,nsp,-177.47,2.915998113853994,16,-177.47,6.8648169676984265,10
ds_GACAAC,ds,6,nsp,-199.05,3.3878856238072954,16,-152.21,5.082598252862399,9
ds_GACACA,ds,6,nsp,-220.95,2.909231341780865,21,-220.95,6.86752531848264,10
ds_GACACC,ds,6,nsp,-203.97,3.7040843672897323,11,-162.62,5.6599138686025965,5
ds_GACAGC,ds,6,nsp,-193.22,4.8265268050638745,19,-149.53,6.699850968491773,8
ds_GACAGA,ds,6,nsp,-196.08,3.0210743122273715,16,-166.23,6.228664222768793,4
ds_GACC,ds,4,nsp,-169.05,4.834324461597518,14,-145.65,3.8760696588167676,6
ds_GACATA,ds,6,nsp,-164.74,5.2930456261022405,8,-151.68,6.580789618275294,3
ds_GACCA,ds,5,nsp,-206.29,4.505959942121116,23,-163.41,6.377973502610376,8
ds_GACATC,ds,6,nsp,-183.03,6.245855025534934,11,-163.79,6.062853701022318,4
ds_GACCAA,ds,6,nsp,-190.9,3.533680376038563,14,-145.88,5.9990564258056525,3
ds_GACCC,ds,5,nsp,-191.28,3.048253762402356,14,-191.28,6.406349662639409,8
ds_GACCAC,ds,6,nsp,-188.43,4.19477019632783,11,-163.74,6.367501629367687,4
ds_GACCCA,ds,6,rebuild-ds,-166.65,6.382625478594224,10,-165.3,5.741067148187706,2
ds_GACCCC,ds,6,nsp,-163.44,5.3847058415479045,14,-152.24,6.034114019472936,4
ds_GACCGA,ds,6,nsp,-177.88,3.257130178546763,3,-142.38,6.873665761440544,1
ds_GACCTA,ds,6,nsp,-152.45,3.129328682001954,14,-140.4,4.888589980761332,6
ds_GACCGC,ds,6,nsp,-166.31,6.425640901886752,14,-156.45,4.346593723825583,5
ds_GACGA,ds,5,nsp,-168.87,5.384960631239586,9,-149.69,6.525713907305468,4
ds_GACCTC,ds,6,nsp,-181.8,5.266191223265648,16,-176.82,2.555190012503958,7
ds_GACGAA,ds,6,nsp,-199.68,3.5308814763455443,9,-149.84,6.5551736819095785,1
ds_GACGAC,ds,6,nsp,-195.62,4.414764659639312,16,-162.59,4.572755077630994,9
ds_GACGC,ds,5,nsp,-188.22,2.58232162985173,16,-153.21,2.8412521887365094,5
ds_GACGCA,ds,6,nsp,-144.55,5.821304063523917,10,-141.4,4.8896302518697565,4
ds_GACGCC,ds,6,nsp,-191.35,3.6783644463266816,17,-156.96,5.6623353839206665,7
ds_GACGGA,ds,6,nsp,-184.77,4.122295113162101,9,-152.41,6.242520804931294,2
ds_GACGGC,ds,6,nsp,-202.45,4.647591849549641,11,-156.32,6.990885065569318,6
ds_GACGTA,ds,6,nsp,-195.45,4.514630106664364,10,-150.5,6.184876231582981,4
ds_GACTA,ds,5,nsp,-171.81,3.247787246726631,13,-141.59,6.78799720094226,5
ds_GACGTC,ds,6,nsp,-229.97,3.697432217093376,22,-170.05,3.227206377038821,9
ds_GACTAA,ds,6,nsp,-178.7,4.288476302837643,11,-145.33,5.508460855810824,5
ds_GACTC,ds,5,nsp,-204.41,3.1865555071268,12,-148.67,4.9230876490267725,5
ds_GACTAC,ds,6,nsp,-163.44,2.5363337714110155,9,-163.44,5.546435431878749,5
ds_GACTCA,ds,6,rebuild-ds,-188.33,6.271687571937903,16,-157.56,5.231482485873405,6
ds_GACTCC,ds,6,nsp,-223.25,3.7931542283434925,17,-154.69,5.539666686724046,8
ds_GAGA,ds,4,nsp,-173.18,4.412190952350099,17,-171.07,5.824978712407466,11
ds_GACTGA,ds,6,rebuild-ds,-192.93,3.0492061261908994,16,-192.93,6.910443762885281,9
ds_GACTGC,ds,6,nsp,-171.49,5.969635248488807,16,-162.39,5.3956524165294475,6
ds_GACTTA,ds,6,nsp,-201.37,2.8857059794788738,11,-150.35,5.797726882149594,4
ds_GAGAA,ds,5,nsp,-202.26,4.152471312363299,9,-156.38,6.381136419165481,2
ds_GAGAAA,ds,6,nsp,-186.15,3.209264713294948,18,-149.93,5.924648934747115,7
ds_GAGAAC,ds,6,nsp,-185.95,2.8619868972446527,17,-163.34,4.9285537432394975,5
ds_GAGAC,ds,5,rebuild-ds,-157.84,4.85575946685997,17,-148.84,6.613122862914313,9
ds_GAGACA,ds,6,nsp,-217.36,4.296749236341374,20,-169.04,4.400826399666322,8
ds_GAGACC,ds,6,nsp,-205.84,5.571019655323444,20,-156.41,4.1400929941246485,6
ds_GAGAGA,ds,6,nsp,-178.16,4.906193025146911,17,-157.16,5.012188045155522,5
ds_GAGAGC,ds,6,rebuild-ds,-174.26,3.1498828549646136,10,-161.37,6.014612040688908,6
ds_GAGATA,ds,6,nsp,-184.29,5.948438534607232,18,-155.77,5.992729595101057,7
ds_GAGC,ds,4,nsp,-147.87,5.180994595635104,15,-143.56,5.000443780305893,7
ds_GAGATC,ds,6,nsp,-193.27,5.747232464412749,20,-156.72,2.723060777874797,5
ds_GAGCA,ds,5,nsp,-180.0,5.558472452032132,13,-152.66,5.433720456556451,8
ds_GAGCAA,ds,6,nsp,-200.57,6.489783740618801,21,-162.41,4.971963495441219,8
ds_GAGCC,ds,5,nsp,-161.12,3.8702058084810043,11,-145.66,6.127451427796062,2
ds_GAGCAC,ds,6,nsp,-172.18,3.1005504350034534,12,-158.97,6.175234003663344,6
ds_GAGCCA,ds,6,nsp,-150.88,2.5943450040424527,10,-143.52,4.520709900004642,5
ds_GAGCCC,ds,6,nsp,-164.31,2.7417636659639504,13,-151.69,6.465943782619832,4
ds_GAGCGA,ds,6,nsp,-199.17,4.079775851685988,15,-162.66,5.585790991435319,4
ds_GAGCGC,ds,6,nsp,-163.06,3.468096596117251,16,-148.91,5.1998904796159024,4
ds_GAGCTA,ds,6,nsp,-182.74,5.1002390140071014,17,-145.55,5.622168531803377,6
ds_GAGGA,ds,5,nsp,-184.64,4.887912847013552,10,-146.29,5.508528841714461,4
ds_GAGCTC,ds,6,nsp,-182.21,5.632213596801891,16,-142.94,6.815535268781173,5
ds_GAGGC,ds,5,nsp,-179.45,5.045520488512557,16,-152.53,6.655603503815413,5
ds_GAGGAA,ds,6,nsp,-186.15,4.757495769835234,15,-153.67,6.221535662519348,6
ds_GAGGAC,ds,6,nsp,-168.06,2.7524856039587116,15,-168.06,5.475074702686718,5
ds_GAGGCA,ds,6,nsp,-173.99,3.391103950043425,11,-154.22,6.500550515148694,5
ds_GAGGCC,ds,6,nsp,-170.26,3.3090596851673633,13,-170.26,4.958977112268232,6
ds_GAGGGA,ds,6,nsp,-179.18,4.95612530107949,17,-166.95,5.637284275251681,5
ds_GAGTA,ds,5,nsp,-195.21,3.353991800824825,18,-162.04,4.16797288858745,7
ds_GAGGGC,ds,6,nsp,-183.15,4.521549844909385,19,-147.18,6.572760379018862,11
ds_GAGGTA,ds,6,nsp,-168.79,3.477538209711025,17,-160.59,5.065949960273983,7
ds_GAGTAA,ds,6,nsp,-174.1,2.7622651936409146,16,-155.04,4.8759977440519675,3
ds_GAGTAC,ds,6,nsp,-191.99,5.600151962223893,17,-147.55,6.819454083722538,4
ds_GAGTCA,ds,6,rebuild-ds,-157.53,2.4257405054951913,14,-156.69,6.420409722128341,8
ds_GAGTCC,ds,6,nsp,-166.86,3.891172188428578,13,-166.86,6.967555238388872,4
ds_GAGTGA,ds,6,nsp,-191.01,3.7608411293220185,16,-163.7,5.513629113388025,9
ds_GATA,ds,4,nsp,-157.74,4.472873349425422,18,-142.02,4.541914794445179,3
ds_GAGTGC,ds,6,rebuild-ds,-177.04,2.333866534315963,16,-168.09,2.5077007397215643,10
ds_GAGTTA,ds,6,nsp,-178.06,3.3929389914939674,14,-149.66,5.222421086048125,5
ds_GATAA,ds,5,rebuild-ds,-180.02,3.210388605761011,17,-157.93,5.391183358039296,6
ds_GATAAA,ds,6,nsp,-160.32,6.751357048771774,11,-145.69,5.076940023281723,3
ds_GATAC,ds,5,nsp,-210.64,3.044795066995496,12,-160.81,6.0996686795267765,3
ds_GATAAC,ds,6,nsp,-187.66,4.7799277191187866,13,-154.36,6.248758676729324,5
ds_GATACA,ds,6,nsp,-189.09,4.200241659714358,13,-162.29,6.704136484290879,5
ds_GATACC,ds,6,nsp,-205.04,2.8720454383592373,12,-153.38,6.593168889085129,4
ds_GATAGA,ds,6,nsp,-183.98,2.992993985961232,15,-183.98,6.634420321324253,3
ds_GATAGC,ds,6,nsp,-183.05,3.68603526841512,15,-149.62,6.49445563538623,3
ds_GATATA,ds,6,nsp,-244.32,3.962194972486842,9,-144.55,6.0642897358223316,4
ds_GATC,ds,4,nsp,-174.58,3.417953188678853,11,,,0
ds_GATCA,ds,5,rebuild-ds,-165.72,2.482571650526937,13,-165.72,2.504722539524081,4
ds_GATATC,ds,6,nsp,-218.01,3.6183236450047156,10,-147.52,6.248360905069418,3
ds_GATCAA,ds,6,nsp,-164.24,4.806105908113157,12,-150.79,5.189383007641643,3
ds_GATCAC,ds,6,nsp,-182.93,4.397994997723423,15,-143.79,6.827161782175663,5
ds_GATCC,ds,5,nsp,-167.5,6.722742148855638,15,-164.34,4.815523647538246,4
ds_GATCCA,ds,6,nsp,-169.82,4.709588729390307,13,-166.66,4.705242395456368,4
ds_GATCCC,ds,6,nsp,-195.47,4.368465520065397,14,-165.2,5.625660227919922,3
ds_GATCGA,ds,6,nsp,-198.71,2.9370512423177213,13,-158.67,5.200011346141466,3
ds_GATCGC,ds,6,nsp,-174.53,4.830714439914683,9,-148.64,5.278857925725969,1
ds_GATCTA,ds,6,nsp,-194.65,3.157861776582386,12,-162.51,5.178633989769889,5
ds_GATGA,ds,5,nsp,-225.28,5.212813251978269,8,-135.69,4.3281263844763185,2
ds_GATGAA,ds,6,nsp,-150.82,4.809337896218157,11,-143.83,5.392722039934941,6
ds_GATGC,ds,5,nsp,-197.4,3.497654642757071,14,-150.89,5.651656836716124,8
ds_GATGAC,ds,6,nsp,-199.03,3.440928653721261,12,-154.95,6.51594398379851,5
ds_GATGCA,ds,6,nsp,-203.14,4.057261884571916,11,-150.1,4.827238755230566,5
ds_GATGCC,ds,6,nsp,-181.91,3.6967316645924,14,-152.28,5.443117580945693,9
ds_GATGGA,ds,6,nsp,-197.47,3.905465529229528,13,-150.83,5.053300406664933,4
ds_GATGGC,ds,6,nsp,-189.17,3.7947354321480913,16,-163.8,6.692657245070904,10
ds_GATGTA,ds,6,nsp,-204.43,3.210174605843126,15,-146.74,6.533034976180674,3
ds_GATTA,ds,5,nsp,-196.42,3.6256810394738537,8,-157.93,5.166206925782211,5
ds_GATTAC,ds,6,nsp,-181.39,5.373673324644894,13,-158.02,6.131021040577168,4
ds_GATTAA,ds,6,nsp,-169.38,4.607243644523273,15,-144.17,4.648624097515305,5
ds_GATTCA,ds,6,rebuild-ds,-199.58,4.10817660282516,13,-155.55,5.35699215978518,8
ds_GATTCC,ds,6,nsp,-222.23,3.4677546049281043,16,-155.8,6.317897593345431,9
ds_GCA,ds,3,nsp,-193.58,4.188499134534949,12,-166.88,5.821849963714275,4
ds_GATTGA,ds,6,nsp,-178.28,4.463701826959329,16,-152.49,6.7376789772146415,6
ds_GATTGC,ds,6,nsp,-179.58,3.941424108111169,17,-156.15,5.067306483724868,6
ds_GCAA,ds,4,nsp,-156.73,6.546935924537523,19,-145.57,6.690871766817826,6
ds_GATTTA,ds,6,nsp,-177.07,3.7012404677351167,13,-141.96,5.910913719553015,5
ds_GCAAA,ds,5,nsp,-162.9,6.39061835818726,16,-155.29,6.92819644640652,5
ds_GCAAC,ds,5,nsp,-167.92,3.2559029469565277,10,-159.8,6.212595351380936,2
ds_GCAAAA,ds,6,nsp,-162.26,3.7735251423569602,20,-158.24,5.4763978124311,10
ds_GCAAAC,ds,6,nsp,-175.3,6.050185534345226,17,-170.27,5.15498574197833,6
ds_GCAACA,ds,6,nsp,-165.56,3.548903069964028,7,-165.56,6.363556002739344,3
ds_GCAACC,ds,6,nsp,-199.82,2.8098176097391185,20,-159.53,2.9621279513214853,7
ds_GCAAGA,ds,6,nsp,-183.64,5.508918677925839,22,-160.88,6.000518394272283,6
ds_GCAAGC,ds,6,nsp,-214.86,3.3785610842487577,13,-157.22,4.174948742200318,7
ds_GCAC,ds,4,nsp,-165.41,2.4234801422747565,18,-165.41,5.366824107421447,4
ds_GCAATA,ds,6,rebuild-ds,-178.6,3.394740196244781,16,-172.33,6.350103227507403,4
ds_GCACA,ds,5,nsp,-163.66,2.302017810530573,14,-163.66,2.302017810530573,2
ds_GCACAA,ds,6,nsp,-156.05,2.5901600336658728,21,-156.05,6.269683405085147,7
ds_GCACC,ds,5,nsp,-158.51,2.7671246809639984,15,-158.51,6.942584893251223,7
ds_GCACAC,ds,6,nsp,-159.69,2.5784704768525133,14,-159.69,6.128850626340957,5
ds_GCACCA,ds,6,nsp,-178.95,6.339685244552772,16,-165.91,6.240192064351871,5
ds_GCACCC,ds,6,nsp,-157.56,6.257605372664545,8,-149.55,6.732153964371298,4
ds_GCACGA,ds,6,nsp,-189.46,2.3828396924677833,18,-150.31,6.00353737391548,5
ds_GCACGC,ds,6,nsp,-169.36,6.737936924608312,10,-138.61,2.297655544245056,1
ds_GCACTA,ds,6,nsp,-176.05,3.0612299815597135,19,-176.05,6.167791338882999,8
ds_GCAGA,ds,5,nsp,-165.04,6.67542178442681,18,-164.85,6.219550144504017,8
ds_GCAGAC,ds,6,nsp,-176.83,4.046337232609289,14,-155.11,6.337586449114537,7
ds_GCAGAA,ds,6,nsp,-174.57,2.5174796920730254,13,-174.57,5.242359583241136,5
ds_GCAGC,ds,5,nsp,-178.5,3.6835311862396454,12,-169.81,5.885255644404932,5
ds_GCAGCC,ds,6,nsp,-211.18,3.26302037995476,14,-164.57,5.7029057505801335,3
ds_GCAGCA,ds,6,nsp,-166.92,2.888272147842029,10,-166.92,6.197266978273554,4
ds_GCAGGA,ds,6,nsp,-162.71,3.006117429509379,14,-162.71,4.6456815431107605,7
ds_GCAGGC,ds,6,nsp,-168.77,4.221876833826405,13,-144.08,6.886960214782706,4
ds_GCAGTA,ds,6,nsp,-177.83,5.131073766766571,11,-166.43,4.711461132175447,3
ds_GCATA,ds,5,nsp,-185.63,2.4766174512831003,11,-185.63,6.940355178231174,5
ds_GCATAA,ds,6,nsp,-155.11,5.018341558722381,13,-141.51,4.871048860358511,3
ds_GCATAC,ds,6,nsp,-167.22,2.677844842405909,11,-167.22,5.703960992152737,5
ds_GCATCA,ds,6,nsp,-184.2,2.836635683340395,19,-158.42,5.963451685056216,9
ds_GCC,ds,3,nsp,-169.82,5.30201301394103,15,-157.99,6.990437182322733,6
ds_GCATCC,ds,6,nsp,-153.57,4.293364764377716,14,-153.03,6.847616081527927,6
ds_GCATGA,ds,6,nsp,-171.77,6.509662817688792,16,-146.77,5.634126107924814,9
ds_GCATGC,ds,6,nsp,-155.58,6.24554481210406,14,-155.21,6.360731168662931,6
ds_GCATTA,ds,6,nsp,-151.28,2.265571009701538,11,-151.28,2.265571009701538,4
ds_GCCA,ds,4,nsp,-164.22,6.563396148336636,18,-146.09,6.3560409847640384,3
ds_GCCAA,ds,5,nsp,-188.65,4.14140785240963,11,-178.46,6.113848542448538,5
ds_GCCAC,ds,5,nsp,-185.93,4.208370943726343,20,-158.68,2.572724042722027,8
ds_GCCAAC,ds,6,nsp,-194.26,3.5901371840084466,11,-142.02,4.323335864815492,4
ds_GCCAAA,ds,6,nsp,-175.82,4.5021103940263405,19,-143.89,6.847338168952948,5
ds_GCCACA,ds,6,nsp,-153.93,2.8477450728602713,7,-148.41,6.622269550539304,4
ds_GCCACC,ds,6,nsp,-190.6,2.646312717726301,22,-190.6,2.646312717726301,11
ds_GCCAGA,ds,6,nsp,-204.15,5.792040314086229,18,-150.34,6.464539194714491,5
ds_GCCAGC,ds,6,nsp,-190.22,3.722121035108897,13,-156.55,6.0302051374725325,5
ds_GCCC,ds,4,nsp,-172.87,4.468187440114849,21,-163.77,5.317522543440686,8
ds_GCCATA,ds,6,nsp,-179.02,3.5955402931965845,16,-156.76,4.307223815870268,4
ds_GCCCA,ds,5,nsp,-177.09,3.473118195512506,13,-177.09,6.977269594906015,5
ds_GCCCAA,ds,6,nsp,-186.14,2.80721124962124,11,-186.14,6.761996894409243,6
ds_GCCCC,ds,5,nsp,-171.55,2.6833307660443286,15,-171.55,4.9009592938525826,6
ds_GCCCAC,ds,6,nsp,-187.73,5.066258678749066,15,-154.72,5.654118322072856,6
ds_GCCCCA,ds,6,nsp,-190.47,4.0577328645439605,10,-150.8,6.628980389169983,3
ds_GCCCCC,ds,6,nsp,-180.95,4.233101581582974,9,-146.27,5.4284209490421835,2
ds_GCCCGA,ds,6,nsp,-195.87,3.6525110540558376,14,-164.85,5.366152439131799,3
ds_GCCCGC,ds,6,rebuild-ds,-176.17,3.4263527255669692,10,-155.44,4.770167083027591,2
ds_GCCCTA,ds,6,nsp,-158.49,6.248187017047455,17,-152.59,5.861051868052352,7
ds_GCCGA,ds,5,nsp,-150.8,2.6864351844033085,11,-150.8,5.206081443850074,2
ds_GCCGAA,ds,6,nsp,-166.52,2.6668350155193385,9,-166.52,5.089607548721225,2
ds_GCCGC,ds,5,nsp,-195.13,3.26070145827551,14,-154.43,5.779479993909472,6
ds_GCCGAC,ds,6,nsp,-198.88,4.929698773758907,14,-155.56,6.531390280790159,6
ds_GCCGCA,ds,6,nsp,-170.82,2.1933421985636388,13,-170.82,5.296494123474509,6
ds_GCCGCC,ds,6,nsp,-188.95,2.945918193025744,13,-151.84,5.425673967351904,4
ds_GCCGGA,ds,6,nsp,-189.82,4.867168067778242,12,-166.92,5.711647835782596,5
ds_GCCGGC,ds,6,rebuild-ds,-217.15,5.380675608136962,15,-168.29,6.193833546358836,6
ds_GCCTA,ds,5,nsp,-155.51,2.758349869034047,13,-155.51,6.887423683787717,5
ds_GCCGTA,ds,6,nsp,-189.44,6.121324856597634,13,-152.3,2.286085518960298,4
ds_GCCTAA,ds,6,nsp,-149.43,3.875242831101047,8,-141.1,2.8798288143568547,4
ds_GCCTAC,ds,6,nsp,-183.2,3.16248082998143,15,-165.11,4.607199691786764,5
ds_GCCTCA,ds,6,nsp,-177.39,2.6137476924906,6,-177.39,6.002557205058517,4
ds_GCCTCC,ds,6,nsp,-194.96,2.6475322472068212,16,-154.76,5.3050117813252795,7
ds_GCGA,ds,4,nsp,-180.84,4.956481514138848,16,-155.09,6.031243735748041,4
ds_GCCTGA,ds,6,nsp,-189.76,5.8535672884148235,20,-164.49,5.067139331022987,11
ds_GCGAA,ds,5,nsp,-157.24,5.231894016510659,14,-143.52,6.032828689760713,2
ds_GCCTTA,ds,6,nsp,-170.82,5.6508262227748745,14,-155.3,5.926785131924379,5
ds_GCGAAA,ds,6,nsp,-183.6,4.228946559132682,20,-175.42,5.716798842009405,8
ds_GCGAAC,ds,6,nsp,-168.4,3.155365113580369,15,-168.4,5.278752409424028,9
ds_GCGAC,ds,5,nsp,-174.69,4.792978301640845,15,-161.49,5.90708498330607,6
ds_GCGACA,ds,6,nsp,-179.35,6.405924913702959,19,-176.49,6.083070441808169,10
ds_GCGACC,ds,6,nsp,-161.04,2.171036849065442,18,-161.04,4.96123180268771,7
ds_GCGAGA,ds,6,nsp,-188.66,4.776099349887951,19,-158.61,2.710280428295201,6
ds_GCGAGC,ds,6,nsp,-161.32,3.8973047096679805,9,-146.06,5.954291897446748,5
ds_GCGC,ds,4,nsp,-155.86,2.813079095937392,15,-155.86,6.4765554116366415,8
ds_GCGATA,ds,6,nsp,-174.68,3.713732489019649,11,-160.79,6.2889920496054,6
ds_GCGCA,ds,5,nsp,-191.64,5.071869379232863,15,-162.81,5.7476643082212275,4
ds_GCGCAA,ds,6,nsp,-155.79,3.205043057433097,10,-155.79,6.906155732388317,4
ds_GCGCC,ds,5,nsp,-190.34,6.600996515678525,14,-165.79,2.8476068900043088,6
ds_GCGCAC,ds,6,nsp,-157.92,2.2239698738966625,16,-157.92,5.21480536549544,8
ds_GCGCCC,ds,6,nsp,-178.25,3.401296664508999,11,-158.51,3.8667304017735753,3
ds_GCGCCA,ds,6,nsp,-164.51,6.912117258843351,9,-139.95,6.934053360048501,2
ds_GCGCGA,ds,6,nsp,-184.65,5.994774224272373,21,-179.88,3.489311966563032,9
ds_GCGCGC,ds,6,nsp,-171.76,2.8486624931711564,18,-171.76,6.650920086724856,10
ds_GCGCTA,ds,6,nsp,-175.24,3.8549307386774334,17,-159.46,6.9300915578367315,7
ds_GCGGA,ds,5,nsp,-163.92,2.9669103457974844,10,-143.87,5.222188525896015,3
ds_GCGGAA,ds,6,rebuild-ds,-151.16,2.740074816496809,10,-148.22,6.116364034293568,5
ds_GCGGAC,ds,6,nsp,-176.77,4.719924045999047,17,-147.63,5.925995781301236,5
ds_GCGGCA,ds,6,rebuild-ds,-173.67,5.4880702437195685,13,-152.42,5.646263720372962,6
ds_GCGGGA,ds,6,nsp,-189.15,4.148738000886549,23,-151.77,6.407575282429385,11
ds_GCGGCC,ds,6,nsp,-163.91,2.919630284813488,12,-151.34,5.583737637102957,5
ds_GCGGTA,ds,6,nsp,-156.12,2.7929135324961307,8,-156.12,6.442938848072359,3
ds_GCGTA,ds,5,nsp,-161.58,6.896692105640212,12,-160.77,5.654319676141433,3
ds_GCGTAA,ds,6,nsp,-179.03,3.616470240441652,25,-143.72,4.467002014774568,6
ds_GCGTAC,ds,6,nsp,-160.08,2.2210936495339393,15,-160.08,5.185028929523924,6
ds_GCTA,ds,4,nsp,-171.02,4.219620954540816,16,-153.6,5.890479522076284,8
ds_GCGTCC,ds,6,nsp,-175.17,3.263542400521266,12,-175.17,5.433609573754811,5
ds_GCGTCA,ds,6,nsp,-170.23,6.029065765108232,11,-166.4,4.738284394166306,4
ds_GCGTGA,ds,6,nsp,-180.01,2.7709603028553236,19,-180.01,6.5327007431842565,8
ds_GCGTTA,ds,6,nsp,-172.52,2.8749201728048237,14,-142.66,6.631006107673238,4
ds_GCTAA,ds,5,nsp,-159.95,6.133743799670812,9,-141.67,6.1647660134022875,5
ds_GCTAAA,ds,6,nsp,-167.64,6.786955208339006,12,-153.45,5.450191464526731,6
ds_GCTAC,ds,5,nsp,-199.77,6.60187670287776,18,-170.07,4.769209997473379,5
ds_GCTAAC,ds,6,nsp,-178.19,6.118692752541186,16,-154.43,4.917134226355832,4
ds_GCTACA,ds,6,nsp,-161.36,2.468893679363304,14,-161.36,6.292176570949056,5
ds_GCTACC,ds,6,nsp,-207.58,3.2254663228748965,18,-207.58,6.9606899801672135,8
ds_GCTAGA,ds,6,nsp,-164.78,2.9907906981265127,11,-164.78,6.035154016261728,7
ds_GCTAGC,ds,6,nsp,-202.39,4.502728173008021,17,-153.92,6.707783613087105,6
ds_GCTATA,ds,6,rebuild-ds,-181.25,5.498960356285553,20,-149.81,6.919160498210745,7
ds_GCTCA,ds,5,nsp,-168.26,5.0495421574633825,19,-160.13,5.494651217320355,9
ds_GCTCAA,ds,6,nsp,-156.6,3.50672011999817,10,-156.6,6.704221431307293,3
ds_GCTCC,ds,5,nsp,-165.88,2.827394029844433,13,-165.88,5.928197365135541,5
ds_GCTCAC,ds,6,nsp,-170.84,4.11065748998869,20,-160.94,2.6184000840207786,8
ds_GCTCCA,ds,6,nsp,-163.11,6.03142147424635,20,-155.98,6.422876147023243,9
ds_GCTCCC,ds,6,nsp,-171.73,3.4745337816749067,7,-154.98,5.490600968928632,2
ds_GCTCGA,ds,6,nsp,-163.48,5.617724361340634,9,-153.68,6.175748780512383,4
ds_GCTCTA,ds,6,nsp,-180.69,6.724802078871924,13,-149.01,6.714692919262968,5
ds_GCTGA,ds,5,nsp,-158.77,2.9340954313041645,13,-158.77,6.3880855504603185,3
ds_GCTGAC,ds,6,nsp,-182.04,4.282422912324293,13,-160.76,6.932104081734493,6
ds_GCTGAA,ds,6,nsp,-168.33,6.783436371043804,11,-161.34,6.659523781772977,4
ds_GCTGCA,ds,6,nsp,-171.76,5.659475859123373,13,-146.15,5.851287550616521,5
ds_GCTGCC,ds,6,nsp,-183.68,5.138155408315348,15,-154.46,1.7514799456459629,6
ds_GCTTA,ds,5,nsp,-166.11,2.683409957498103,14,-166.11,5.47734415570174,6
ds_GCTGGA,ds,6,nsp,-197.44,3.50898974065187,11,-150.65,3.7202861449087496,5
ds_GCTGTA,ds,6,nsp,-184.65,4.672937512956939,21,-160.66,5.6904872374867725,6
ds_GCTTAA,ds,6,nsp,-160.07,4.654747898651466,12,-158.27,6.952264810836837,3
ds_GGA,ds,3,nsp,-160.07,2.8422304621546854,15,-160.07,5.838520703054856,2
ds_GCTTAC,ds,6,nsp,-174.76,2.3981230160273115,14,-149.54,6.79618378209419,5
ds_GCTTCA,ds,6,nsp,-161.81,3.798809418752162,18,-158.58,5.557267404039528,9
ds_GGAA,ds,4,nsp,-166.14,2.9783596156273613,11,-166.14,6.51599056168746,3
ds_GCTTCC,ds,6,nsp,-184.9,3.9776609961131966,12,-171.74,5.7203395878216945,4
ds_GCTTGA,ds,6,nsp,-171.18,4.347826813478197,14,-171.18,6.514318536884732,4
ds_GCTTTA,ds,6,nsp,-172.81,3.3312851874314333,16,-132.85,1.897429313571401,3
ds_GGAAA,ds,5,nsp,-146.65,4.779475075779781,16,-141.52,4.980568843013799,5
ds_GGAAAA,ds,6,nsp,-176.47,4.397568532723526,20,-153.83,5.849842134622096,4
ds_GGAAC,ds,5,nsp,-184.62,4.898075234211908,16,-164.54,2.410053318912265,6
ds_GGAAAC,ds,6,nsp,-199.27,2.7365458154396016,26,-165.05,5.252854938031331,10
ds_GGAACC,ds,6,nsp,-166.31,4.444631255796157,14,-151.3,6.546755379575445,4
ds_GGAACA,ds,6,nsp,-185.78,2.6727427859784867,18,-179.17,5.113319860912288,11
ds_GGAAGA,ds,6,nsp,-166.57,3.8466807769816582,18,-162.52,5.995741572149349,7
ds_GGAC,ds,4,nsp,-151.66,4.745091147702008,17,-143.35,6.501289872017718,10
ds_GGAATA,ds,6,nsp,-194.12,2.8557146215965026,19,-194.12,6.566907186796541,6
ds_GGACA,ds,5,nsp,-160.81,2.8019944682315137,13,-160.81,6.311506080168199,8
ds_GGACAA,ds,6,nsp,-177.29,5.884899149518215,9,-161.31,5.275186252636026,4
ds_GGACC,ds,5,rebuild-ds,-154.31,6.727836650811329,12,-151.59,5.530583784737386,4
ds_GGACAC,ds,6,nsp,-171.81,1.9011201960949367,15,-160.47,6.287596122525686,7
ds_GGACCA,ds,6,nsp,-169.41,3.926068007561788,15,-161.79,6.339350439911012,5
ds_GGACGA,ds,6,nsp,-164.71,6.420341190310679,14,-150.45,2.1634035684541173,3
ds_GGACCC,ds,6,nsp,-156.5,3.0027818768601864,15,-156.5,6.9259420297891685,7
ds_GGACTA,ds,6,rebuild-ds,-154.78,2.4450646208229503,7,-154.78,5.638383722309071,4
ds_GGAGA,ds,5,nsp,-174.27,6.9065991631192984,21,-156.86,1.8875121191663895,9
ds_GGAGAA,ds,6,nsp,-184.41,2.70856807187859,13,-184.41,4.764239498597857,5
ds_GGAGAC,ds,6,nsp,-156.5,3.231327590944632,9,-153.43,5.721920219646546,5
ds_GGAGCA,ds,6,nsp,-152.68,3.507085969861607,8,-152.68,6.921361932452325,4
ds_GGAGCC,ds,6,nsp,-157.2,3.023831013796914,13,-157.2,6.481006557626673,3
ds_GGATA,ds,5,nsp,-160.25,2.350323169268421,11,-160.25,4.885693093103589,5
ds_GGAGTA,ds,6,nsp,-145.98,2.3895292423404446,11,-143.17,6.67390170739726,5
ds_GGAGGA,ds,6,nsp,-181.55,2.3363882382857426,19,-168.11,6.251383446885984,6
ds_GGATAA,ds,6,nsp,-199.58,6.238109809870294,18,-182.93,6.276631262070453,8
ds_GGATAC,ds,6,nsp,-167.83,3.1196732200664736,12,-163.72,5.188259245642996,8
ds_GGCA,ds,4,nsp,-159.56,3.6457746776234163,12,-155.01,6.344911504505005,9
ds_GGATCA,ds,6,nsp,-169.39,2.857478083905447,15,-145.85,5.210516577077562,6
ds_GGATGA,ds,6,nsp,-187.36,2.446571069885355,21,-157.73,5.767666425860644,6
ds_GGCAA,ds,5,nsp,-186.55,3.01386562407815,19,-186.55,6.574527359438087,8
ds_GGATCC,ds,6,nsp,-156.53,2.627990296785739,14,-153.34,5.221906452628194,7
ds_GGATTA,ds,6,nsp,-155.75,2.903792520136399,13,-155.75,6.235587783040177,6
ds_GGCAAA,ds,6,nsp,-158.52,3.0960654062858457,18,-158.52,5.934443276331818,7
ds_GGCAC,ds,5,rebuild-ds,-185.57,3.3730007411798795,12,-157.68,4.882265560167743,2
ds_GGCC,ds,4,nsp,-161.21,2.974295883062108,16,-153.17,5.570924788578649,4
ds_GGCAAC,ds,6,nsp,-181.17,5.355852593191877,12,-139.93,3.841603441272935,5
ds_GGCACC,ds,6,nsp,-180.15,4.480529098220457,13,-145.94,3.49143208440319,5
ds_GGCACA,ds,6,nsp,-165.94,5.333649219811905,12,-154.12,6.2454900528301325,6
ds_GGCATA,ds,6,nsp,-173.43,4.934108227430772,9,-138.93,5.9458574654964576,3
ds_GGCAGA,ds,6,nsp,-151.02,3.880741810530567,11,-146.65,5.761887537951442,3
ds_GGCCA,ds,5,nsp,-195.29,4.061015267146887,21,-154.47,6.887747527312558,11
ds_GGCCC,ds,5,nsp,-170.42,4.093599272034332,13,-168.35,5.561909204580743,4
ds_GGCCAA,ds,6,nsp,-159.27,2.828234431584473,15,-159.27,6.1482597537839885,7
ds_GGCCAC,ds,6,nsp,-169.62,2.725385477322446,15,-158.4,6.996846003736255,7
ds_GGCCCA,ds,6,rebuild-ds,-162.08,3.928070900582119,11,-149.59,5.588933171903212,4
ds_GGCCCC,ds,6,rebuild-ds,-173.99,4.293579974799607,18,-157.31,5.722668084032129,9
ds_GGCCGA,ds,6,nsp,-161.5,5.7741884278225655,8,-137.95,4.931819441139348,4
ds_GGCCTA,ds,6,nsp,-163.3,6.705903816787124,10,-138.65,5.560106293947981,2
ds_GGCGA,ds,5,rebuild-ds,-169.12,3.33071538862147,19,-169.12,6.739437216860181,7
ds_GGCGAA,ds,6,nsp,-171.94,2.837748931811986,15,-160.96,4.537902158486878,5
ds_GGCGCA,ds,6,nsp,-178.32,3.9731868820884944,12,-140.45,4.723441647781839,6
ds_GGCGAC,ds,6,nsp,-203.34,2.7938124489664804,14,-203.34,6.4386926468034,9
ds_GGCGCC,ds,6,nsp,-165.89,6.19290448820261,16,-139.6,3.07183235219634,6
ds_GGCGGA,ds,6,nsp,-171.74,5.856748073803427,10,-142.82,3.2989619579498144,3
ds_GGCTA,ds,5,nsp,-196.72,2.8965843678374,11,-158.78,6.6581411069456955,4
ds_GGCGTA,ds,6,nsp,-161.46,6.451609024111753,21,-145.91,5.782870740384915,13
ds_GGCTAA,ds,6,nsp,-175.52,6.621668067790784,15,-170.65,2.8493923913704817,4
ds_GGGA,ds,4,nsp,-191.31,5.219009580370607,17,-154.64,5.529103815266991,6
ds_GGCTAC,ds,6,nsp,-158.5,2.4541283585012326,18,-158.5,6.739522905963011,8
ds_GGCTCA,ds,6,nsp,-167.45,2.945935844515272,13,-167.45,6.311497920462295,6
ds_GGGAA,ds,5,nsp,-171.35,5.854899913747459,14,-158.15,6.460203557164443,4
ds_GGCTGA,ds,6,nsp,-168.44,3.762752317121087,13,-144.32,3.8886333074744797,4
ds_GGCTTA,ds,6,nsp,-179.97,3.148685281192779,10,-179.97,6.751625063642092,4
ds_GGGAAA,ds,6,nsp,-158.95,5.39849692044001,15,-152.51,5.142105599849168,5
ds_GGGAAC,ds,6,nsp,-168.41,2.61557603598138,12,-168.41,5.255769020799903,6
ds_GGGAC,ds,5,nsp,-153.89,3.4112755678778117,14,-153.89,6.53032012997831,9
ds_GGGACA,ds,6,nsp,-176.9,3.049397809404354,18,-155.77,6.132608335773613,5
ds_GGGAGA,ds,6,nsp,-178.35,5.042459122293417,17,-165.58,4.792240498973328,7
ds_GGGCA,ds,5,nsp,-189.28,4.962705411365863,13,-160.24,5.901803368462897,5
ds_GGGACC,ds,6,nsp,-153.42,2.67489476428513,9,-153.42,5.604759941335577,4
ds_GGGATA,ds,6,nsp,-201.67,2.692681563051979,10,-141.25,6.806846112554624,2
ds_GGGCAA,ds,6,nsp,-165.61,6.934337387234641,9,-144.48,6.2073371102268995,3
ds_GGGCAC,ds,6,nsp,-166.61,3.7999034198252986,12,-159.41,5.484523771486461,4
ds_GGGCCA,ds,6,nsp,-147.4,5.803561148122755,16,-145.21,5.503661054243803,12
ds_GGGGA,ds,5,nsp,-172.65,6.383534444177476,11,-141.07,5.72647186319814,3
ds_GGGCGA,ds,6,nsp,-157.45,6.627447623331345,10,-150.45,6.163446925219686,4
ds_GGGCCC,ds,6,nsp,-157.33,2.855724076307087,10,-157.33,5.879781458523782,4
ds_GGGCTA,ds,6,nsp,-161.03,4.646487813391979,10,-142.38,6.214476084111997,2
ds_GGGGAA,ds,6,nsp,-166.81,3.6795698118122657,15,-159.01,5.464818478229641,5
ds_GGGGAC,ds,6,nsp,-165.09,3.467024805218463,10,-146.95,5.281003692481206,3
ds_GGGGCA,ds,6,nsp,-160.74,3.1012129884933755,11,-141.89,6.380038714616081,2
ds_GGGGGA,ds,6,nsp,-166.9,3.3644461654186313,10,-152.16,6.319308348229275,3
ds_GGGTA,ds,5,nsp,-164.04,2.8294946545275526,14,-164.04,6.3666211603958285,5
ds_GGGGTA,ds,6,nsp,-159.52,5.984624967364298,10,-147.38,5.979481666499202,3
ds_GGGTAA,ds,6,nsp,-153.44,6.635674871480662,12,-148.3,5.146081616142513,3
ds_GGGTCA,ds,6,rebuild-ds,-180.06,2.250613027599365,18,-180.06,5.495121927673676,8
ds_GGGTAC,ds,6,nsp,-171.61,3.143360462944095,16,-171.61,6.883539641783156,7
ds_GGGTGA,ds,6,rebuild-ds,-162.19,3.492745768016903,9,-158.66,2.9450665527284854,4
ds_GGTA,ds,4,nsp,-162.55,2.9698568989094474,10,-148.82,5.811568979200026,4
ds_GGGTTA,ds,6,nsp,-154.77,6.243503343476336,7,-134.26,4.521552056539886,2
ds_GGTAA,ds,5,nsp,-175.84,5.169922339842258,12,-148.25,5.409819682762073,4
ds_GGTAC,ds,5,nsp,-178.66,3.46459622467035,12,-161.9,4.074833125417526,4
ds_GGTAAC,ds,6,nsp,-196.05,4.017643836877517,17,-174.46,5.602974745615054,6
ds_GGTAAA,ds,6,nsp,-177.8,3.129112653772657,13,-166.58,6.0179862080267394,5
ds_GGTACA,ds,6,nsp,-162.48,4.620000108225113,11,-158.34,6.591108707948908,3
ds_GGTACC,ds,6,nsp,-162.99,3.718958725234793,12,-149.51,6.687738780783815,5
ds_GGTAGA,ds,6,nsp,-171.64,2.8287811863062253,16,-171.64,6.395949343138991,7
ds_GGTCA,ds,5,nsp,-169.07,2.9286927117743478,16,-166.93,4.906619304572149,4
ds_GGTATA,ds,6,nsp,-183.44,3.7115508887795228,10,-159.49,5.971999330207602,5
ds_GGTCAC,ds,6,nsp,-162.54,3.457070869970723,15,-154.56,2.230188557050719,8
ds_GGTCAA,ds,6,nsp,-171.04,6.741019878327047,13,-164.27,4.73468826851358,6
ds_GGTCCA,ds,6,nsp,-182.34,5.762975012959886,12,-157.08,5.6153116565334225,5
ds_GGTCGA,ds,6,nsp,-192.31,3.442991431880156,11,-154.56,6.21241064322056,3
ds_GGTCTA,ds,6,nsp,-164.06,6.552745149935273,10,-144.52,2.63489772097515,3
ds_GGTGA,ds,5,nsp,-208.63,3.2249060451430416,25,-178.59,6.353185421503136,11
ds_GGTGAA,ds,6,nsp,-152.61,2.8974839084971684,9,-152.61,5.985642321422158,3
ds_GGTGAC,ds,6,nsp,-170.81,4.056718501449172,8,-149.36,5.476978820481244,5
ds_GGTGCA,ds,6,nsp,-181.37,3.870708074758427,14,-143.09,4.832260340668753,4
ds_GGTTA,ds,5,nsp,-159.04,3.2567095357123876,11,-153.85,6.306063272755818,5
ds_GGTGTA,ds,6,nsp,-165.75,3.027820833536912,20,-153.46,6.69479678556414,9
ds_GGTGGA,ds,6,nsp,-202.38,3.415937938546323,18,-147.01,5.232753003916779,6
ds_GGTTAA,ds,6,nsp,-179.06,4.0720688844861215,18,-142.63,6.102102752330554,5
ds_GGTTAC,ds,6,rebuild-ds,-189.66,3.4745326304411206,18,-154.69,3.8859023405124367,6
ds_GTA,ds,3,nsp,-156.55,2.774290720166162,8,-149.92,6.670263637968142,4
ds_GGTTCA,ds,6,nsp,-180.7,3.486895754105661,9,-163.9,5.431670645390794,4
ds_GGTTGA,ds,6,nsp,-175.17,5.5319437813484775,11,-145.79,3.999398704805509,3
ds_GTAA,ds,4,nsp,-179.94,6.878506305877769,15,-156.16,6.909747173377628,6
ds_GTAAA,ds,5,nsp,-166.09,3.6644763609552746,16,-156.69,5.548360748905947,5
ds_GGTTTA,ds,6,nsp,-171.67,2.5583514223030446,19,-171.67,6.614007106134668,9
ds_GTAAAA,ds,6,nsp,-150.32,6.575146994554568,18,-147.21,6.712726271791517,5
ds_GTAAC,ds,5,nsp,-187.49,3.7137988636974026,15,-173.18,6.605248064985895,6
ds_GTAAAC,ds,6,nsp,-157.64,4.476265184280333,10,-146.81,6.286883250069156,6
ds_GTAACA,ds,6,rebuild-ds,-154.19,2.5342280876037946,7,-154.19,6.2974634576153115,3
ds_GTAC,ds,4,nsp,-146.89,6.581614543559976,14,-140.14,5.685262526919935,6
ds_GTAATA,ds,6,nsp,-161.58,5.699433656074982,12,-151.87,6.28918341281282,6
ds_GTAAGA,ds,6,nsp,-175.19,4.082321398420282,24,-165.68,6.241970361993076,9
ds_GTACA,ds,5,nsp,-150.01,3.0929705785862356,9,-142.2,5.36821171341072,3
ds_GTACAA,ds,6,nsp,-198.78,6.32901422023999,16,-156.94,5.289702638145181,2
ds_GTACAC,ds,6,nsp,-160.14,2.923479091767217,12,-145.92,2.413065684974203,4
ds_GTACCA,ds,6,nsp,-165.35,5.248283624195642,10,-147.14,5.178336122732853,5
ds_GTAGA,ds,5,nsp,-178.0,6.274915537280172,24,-147.54,4.361421098678722,10
ds_GTACGA,ds,6,nsp,-182.57,6.081218956755311,22,-157.22,3.1528173115485103,6
ds_GTACTA,ds,6,nsp,-180.91,3.1863198207336216,17,-170.11,6.724446445619142,8
ds_GTAGAA,ds,6,nsp,-157.73,3.240364331367692,16,-151.5,6.734829099539206,7
ds_GTAGAC,ds,6,nsp,-173.69,4.379158480804268,13,-159.75,6.309371284050422,5
ds_GTAGCA,ds,6,nsp,-168.78,3.686002848615299,7,-154.93,6.4745238434961445,2
ds_GTAGGA,ds,6,nsp,-173.14,3.169683580422527,12,-138.06,5.862009382455817,5
ds_GTAGTA,ds,6,nsp,-164.95,6.8778742355469245,13,-153.51,2.584943326264624,2
ds_GTATA,ds,5,nsp,-159.41,6.4886689698273345,6,-146.58,4.982018165362284,1
ds_GTATAC,ds,6,nsp,-183.27,5.816938799746819,19,-182.56,6.45128165560921,7
ds_GTATAA,ds,6,nsp,-182.65,6.808443948509827,20,-170.33,6.00590184734983,7
ds_GTATGA,ds,6,nsp,-171.72,2.779851434879218,13,-171.72,4.854779294674478,4
ds_GTATCA,ds,6,nsp,-158.87,3.270152748725967,11,-149.16,5.038087037755512,6
ds_GTCA,ds,4,nsp,-193.34,2.6554263311189867,15,-193.34,4.2864443306778215,8
ds_GTATTA,ds,6,nsp,-161.62,6.528858552610888,16,-151.9,5.9830083570057075,5
ds_GTCAA,ds,5,nsp,-187.77,2.731527411541041,15,-146.63,5.427177811717612,4
ds_GTCAAA,ds,6,nsp,-174.4,2.9947644314703754,13,-174.4,6.716173017425932,8
ds_GTCAC,ds,5,nsp,-216.43,3.800550091763053,25,-156.75,6.008530602401889,10
ds_GTCAAC,ds,6,nsp,-200.02,3.749730790336841,16,-154.23,2.463187771973542,9
ds_GTCACA,ds,6,nsp,-174.98,4.032485833825095,10,-162.03,6.102077842833535,4
ds_GTCAGA,ds,6,nsp,-196.16,3.441765971125894,14,-153.27,2.7996805174876562,5
ds_GTCATA,ds,6,nsp,-160.23,5.073644548054204,15,-144.94,2.222109583256421,4
ds_GTCCA,ds,5,nsp,-159.52,2.9689442568024127,14,-159.52,5.602616710073977,1
ds_GTCCAA,ds,6,nsp,-152.31,4.772245697782121,10,-138.65,2.9049464711075093,5
ds_GTCCAC,ds,6,nsp,-185.17,3.2021538064246746,10,-153.86,6.448955419290789,7
ds_GTCCCA,ds,6,nsp,-165.42,5.930611266977467,8,-143.08,4.912676052824968,1
ds_GTCGA,ds,5,nsp,-166.53,2.8486746040922344,15,-166.53,5.422627223034989,5
ds_GTCCGA,ds,6,nsp,-167.62,3.3197936682872435,12,-157.76,6.3839496395256745,7
ds_GTCCTA,ds,6,nsp,-157.81,3.2147281378057793,14,-157.81,6.46550957001845,4
ds_GTCGAA,ds,6,rebuild-ds,-192.56,3.7894361058078365,12,-158.9,2.376903237407866,3
ds_GTCGAC,ds,6,nsp,-172.33,3.1085245696310717,7,-147.28,6.36005432366736,3
ds_GTCGCA,ds,6,nsp,-156.39,5.936760396040916,11,-151.44,6.296616313544914,5
ds_GTCGGA,ds,6,nsp,-196.34,3.4432724260505405,19,-196.34,6.9253260573058935,3
ds_GTCTA,ds,5,nsp,-172.39,6.250397267374301,11,-164.18,6.055372903463503,5
ds_GTCGTA,ds,6,nsp,-175.3,4.144294511735399,13,-139.29,2.7265535021341454,5
ds_GTCTAA,ds,6,nsp,-186.13,3.876042053435446,12,-161.06,5.83233932483355,7
ds_GTCTCA,ds,6,nsp,-215.8,3.2194597372851317,14,-153.63,2.317207586730203,4
ds_GTCTGA,ds,6,nsp,-178.49,3.4898286490886767,12,-160.65,5.811242294036619,7
ds_GTGA,ds,4,nsp,-156.3,2.4292770529521803,14,-156.3,6.666014776461268,9
ds_GTCTTA,ds,6,nsp,-187.33,3.4717566158934794,12,-140.57,6.954523923317824,6
ds_GTGAA,ds,5,nsp,-176.62,3.9207047835816553,11,-156.09,6.917929459021677,4
ds_GTGAAA,ds,6,nsp,-156.93,2.606704624617066,7,-156.93,4.763272614495221,2
ds_GTGAAC,ds,6,nsp,-158.16,4.463622855932172,12,-147.38,5.607259847733116,3
ds_GTGACA,ds,6,nsp,-149.22,3.2128373752806016,11,-149.22,6.047384641313971,5
ds_GTGAGA,ds,6,nsp,-178.9,4.592882101687354,19,-165.17,6.627538683402765,9
ds_GTGCA,ds,5,nsp,-184.16,2.662096542201282,10,-170.05,5.227663914216363,6
ds_GTGATA,ds,6,nsp,-170.77,2.924628694381569,10,-170.77,6.518267101001606,2
ds_GTGCAA,ds,6,nsp,-155.69,2.7893479524792295,12,-151.66,4.766699591960869,6
ds_GTGCAC,ds,6,nsp,-173.9,3.2340516384250777,15,-155.76,6.90071402102709,5
ds_GTGCCA,ds,6,nsp,-161.8,2.74925753613588,15,-161.8,5.898576607962312,11
ds_GTGGA,ds,5,nsp,-188.8,3.91557939518536,20,-185.91,5.822528316805339,5
ds_GTGCTA,ds,6,rebuild-ds,-168.39,3.4044954104830416,17,-150.81,4.7668809508944205,5
ds_GTGCGA,ds,6,nsp,-163.03,2.746024216936189,12,-163.03,5.746047859181129,5
ds_GTGGAA,ds,6,nsp,-161.29,3.3489732754980333,7,-161.29,6.158870188597912,3
ds_GTGGCA,ds,6,nsp,-167.64,2.532349107054548,9,-167.64,5.542491677936924,4
ds_GTGGGA,ds,6,nsp,-156.66,2.6848174984531226,9,-156.66,6.3946253213147575,6
ds_GTGTA,ds,5,nsp,-171.17,6.363131697521278,9,-151.56,5.995498644816812,3
ds_GTGGTA,ds,6,nsp,-172.18,5.619536635702277,17,-160.74,4.413741270169792,8
ds_GTGTAA,ds,6,nsp,-150.12,2.755992380250712,10,-150.12,6.3239060714087225,4
ds_GTTA,ds,4,nsp,-175.01,4.417613835545155,7,-138.89,6.612893315334829,2
ds_GTGTCA,ds,6,nsp,-148.17,2.5670132449989493,9,-148.17,6.203923677802619,4
ds_GTGTGA,ds,6,nsp,-172.42,2.889843248344101,18,-172.42,6.705409308908735,5
ds_GTGTTA,ds,6,nsp,-155.32,3.4849340022445454,11,-149.91,3.3119048899387304,3
ds_GTTAA,ds,5,nsp,-190.62,3.737921748779676,16,-158.0,2.8969606486799164,4
ds_GTTAAA,ds,6,nsp,-157.52,3.448499093808784,13,-134.65,2.5539187536019963,3
ds_GTTAAC,ds,6,nsp,-203.69,3.680787279917188,20,-170.19,4.709801800500725,10
ds_GTTCA,ds,5,nsp,-180.55,4.781614058035223,19,-170.41,4.345984928643898,9
ds_GTTACA,ds,6,nsp,-168.1,2.5926737164556903,13,-157.61,6.329918956827183,5
ds_GTTAGA,ds,6,nsp,-169.1,3.687701180952717,12,-154.45,2.2138161621959447,6
ds_GTTATA,ds,6,nsp,-170.53,3.5657808401526974,13,-152.01,6.974226121943567,4
ds_GTTCAA,ds,6,nsp,-158.52,3.4031864480219003,14,-158.52,6.872891822224486,6
ds_GTTCCA,ds,6,nsp,-145.82,6.466078023036835,14,-143.8,6.504895771647689,5
ds_GTTCGA,ds,6,nsp,-192.31,2.774933152347997,18,-159.68,5.87065805510761,7
ds_GTTCTA,ds,6,rebuild-ds,-180.69,3.279876522066057,11,-156.85,5.915165931738516,4
ds_GTTGA,ds,5,nsp,-190.23,4.433604177190387,12,-166.71,5.529438036545849,7
ds_GTTGAA,ds,6,nsp,-146.52,2.328074526298529,13,-146.52,5.647572930029325,4
ds_GTTGCA,ds,6,nsp,-177.35,4.83187510186265,14,-153.46,2.3004162666787193,6
ds_GTTGGA,ds,6,nsp,-187.41,4.730836395395663,15,-158.59,2.415752677738342,4
ds_GTTGTA,ds,6,nsp,-179.97,4.091282072895992,20,-156.53,6.84841835754798,11
ds_GTTTA,ds,5,nsp,-201.28,3.9159465011667507,16,-149.56,6.8884681170779825,4
ds_TAA,ds,3,nsp,-169.58,5.384327720337981,11,-169.17,5.929415907153085,5
ds_GTTTAA,ds,6,nsp,-192.27,3.2750793883507607,14,-192.27,6.860732103791848,9
ds_GTTTCA,ds,6,nsp,-175.27,4.842010119774659,11,-163.08,2.8806320487004244,5
ds_GTTTGA,ds,6,nsp,-172.98,6.14391039973731,16,-151.18,5.800224650821731,5
ds_TAAA,ds,4,nsp,-194.35,5.702343202579112,19,-147.55,6.7171138147272655,5
ds_GTTTTA,ds,6,nsp,-177.09,2.5736178815045534,13,-177.09,6.962739762478563,5
ds_TAAAA,ds,5,rebuild-ds,-157.44,3.2310250695406255,12,-157.44,6.898924336445503,6
ds_TAAAAA,ds,6,nsp,-210.99,2.878921499450782,30,-210.99,3.02435927098617,17
ds_TAAACA,ds,6,nsp,-163.7,5.7990969986714305,10,-135.55,3.7908111269225544,3
ds_TAACA,ds,5,nsp,-176.28,2.618161568734821,9,-176.28,5.594270104312105,6
ds_TAAATA,ds,6,rebuild-ds,-176.22,4.390387340542984,19,-165.25,6.545862815549978,8
ds_TAAAGA,ds,6,nsp,-181.86,5.242345372063924,12,-131.99,3.596956074238323,3
ds_TAACAA,ds,6,nsp,-204.66,6.840923548761513,18,-168.96,3.505992869359543,9
ds_TAACGA,ds,6,nsp,-155.16,2.7986879068592216,8,-155.16,6.020609437590189,3
ds_TAACCA,ds,6,nsp,-184.0,2.592244201459407,9,-184.0,4.950612487359524,2
ds_TAACTA,ds,6,rebuild-ds,-160.64,3.8312109051839114,17,-157.5,5.079074423553971,8
ds_TAAGA,ds,5,nsp,-146.37,2.517084424487987,8,-146.37,4.981787028767886,5
ds_TAAGAA,ds,6,nsp,-181.96,6.35844839563867,11,-152.89,6.9575131332969935,4
ds_TAAGGA,ds,6,nsp,-156.11,3.3019671409631,10,-156.11,6.665777524040235,6
ds_TAAGCA,ds,6,nsp,-166.61,6.779435817234357,17,-146.8,4.93038619177038,7
ds_TAAGTA,ds,6,rebuild-ds,-163.56,5.337310277658595,6,-154.27,6.203243828836645,2
ds_TAATA,ds,5,nsp,-150.67,6.327698870837654,8,-141.99,5.672156908972103,2
ds_TAATAA,ds,6,nsp,-154.5,2.727801495710423,12,-154.5,6.81886009535319,4
ds_TAATCA,ds,6,nsp,-163.78,6.0780889266281735,10,-140.65,6.658307142209648,3
ds_TAATGA,ds,6,nsp,-163.79,6.074943785748151,11,-162.4,5.1655869947180175,6
ds_TACA,ds,4,nsp,-191.01,6.576993081948622,17,-175.16,5.87773748988503,2
ds_TACAA,ds,5,nsp,-168.86,6.0154880932473125,12,-141.89,6.698593882300972,2
ds_TAATTA,ds,6,nsp,-152.6,2.681264440520569,13,-152.6,3.8568746414681563,4
ds_TACAAA,ds,6,nsp,-148.5,4.243124909780544,8,-135.08,5.250805176351517,2
ds_TACACA,ds,6,nsp,-149.3,3.7083500374155682,11,-144.79,6.452459531062561,6
ds_TACAGA,ds,6,nsp,-170.73,5.590025670781837,13,-163.56,4.802209283236218,5
ds_TACATA,ds,6,rebuild-ds,-190.81,5.410424290201304,27,-161.55,6.3107440924189016,15
ds_TACCA,ds,5,nsp,-140.25,2.799029831923912,8,-137.56,5.979513776219607,2
ds_TACCAA,ds,6,nsp,-154.18,3.470207630675721,9,-153.42,4.929327540344622,5
ds_TACCCA,ds,6,nsp,-150.59,5.907686095249148,7,-139.6,6.470093198710512,1
ds_TACCGA,ds,6,nsp,-144.63,2.5418115587116197,10,-144.63,5.358117766529594,6
ds_TACGA,ds,5,nsp,-165.97,6.2072225673001284,16,-158.46,6.993052766853706,7
ds_TACCTA,ds,6,nsp,-152.5,5.821568860711017,6,-146.71,4.762497139106746,2
ds_TACGAA,ds,6,nsp,-181.52,3.934180727927993,16,-169.32,6.291631028596627,4
ds_TACGGA,ds,6,nsp,-155.66,5.184062306724335,8,-136.52,6.929123898444885,5
ds_TACGCA,ds,6,nsp,-174.49,5.37158207607406,13,-147.47,6.45350710854183,2
ds_TACTA,ds,5,nsp,-175.36,6.215731091351997,10,-169.64,5.665876278211529,3
ds_TACGTA,ds,6,nsp,-165.36,3.63325597776983,11,-138.28,4.247201196081945,1
ds_TACTAA,ds,6,nsp,-161.58,4.80894967742439,13,-133.77,5.406750132935683,3
ds_TACTCA,ds,6,nsp,-180.55,5.958675104417098,16,-142.55,6.277549681205231,7
ds_TAGA,ds,4,nsp,-172.2,2.8643484424909045,16,-172.2,5.947991005373152,8
ds_TACTGA,ds,6,nsp,-172.62,4.257670020093168,13,-155.91,2.8993104352587,7
ds_TAGAA,ds,5,nsp,-179.74,2.989041485158739,16,-179.74,5.470362785044531,6
ds_TAGAAA,ds,6,rebuild-ds,-161.69,4.337131079411829,13,-153.88,5.6180582944643875,4
ds_TAGACA,ds,6,nsp,-167.66,2.658267480898043,13,-167.66,6.579724842271142,6
ds_TAGAGA,ds,6,nsp,-184.63,2.811883532438702,16,-184.63,5.181532012831733,5
ds_TAGCA,ds,5,nsp,-176.85,2.5131784656088247,12,-176.85,5.349092259439905,7
ds_TAGATA,ds,6,rebuild-ds,-186.0,4.545264128738839,21,-159.42,5.860677605874589,9
ds_TAGCAA,ds,6,nsp,-142.78,6.386731010462222,15,-136.39,4.933627570054327,5
ds_TAGCCA,ds,6,nsp,-156.38,1.457866249009145,16,-156.38,3.5093307054194725,7
ds_TAGCGA,ds,6,nsp,-150.62,5.634525179640272,7,-128.82,3.506451910407448,2
ds_TAGCTA,ds,6,nsp,-172.75,2.7975165772520523,10,-172.75,6.4954449424192795,3
ds_TAGGA,ds,5,nsp,-143.29,2.775662983865298,7,-143.29,6.4298898124306945,5
ds_TAGGAA,ds,6,nsp,-168.25,2.9972861057963915,11,-168.25,6.814380896310398,2
ds_TAGGCA,ds,6,nsp,-141.98,5.483244112749305,11,-137.8,6.4486962248194075,3
ds_TAGGGA,ds,6,nsp,-153.67,2.9241533817500205,15,-153.67,5.6852476639105225,8
ds_TAGTAA,ds,6,nsp,-177.9,2.8343921746998784,13,-153.7,2.706054138408909,3
ds_TATA,ds,4,nsp,-175.87,6.772181996963762,16,-138.65,5.897009750712653,5
ds_TAGTGA,ds,6,nsp,-159.88,3.243144770126675,13,-158.59,5.38701039538629,4
ds_TAGTCA,ds,6,nsp,-172.13,5.981722912338899,8,-156.15,3.076962463209444,3
ds_TATAA,ds,5,nsp,-163.1,4.228103830323947,10,-149.85,6.842763549911677,2
ds_TATAAA,ds,6,nsp,-229.54,3.1990364174232457,17,-162.42,3.4907996218631725,7
ds_TATACA,ds,6,nsp,-203.75,4.124989454532002,18,-163.5,5.739959146196078,8
ds_TATCA,ds,5,nsp,-172.34,3.2293166459794564,15,-157.3,6.8476513491853455,5
ds_TATAGA,ds,6,nsp,-235.07,3.29472957919161,22,-161.82,6.7647620061610505,10
ds_TATATA,ds,6,nsp,-203.05,4.466813853296346,20,-160.55,6.045297759416004,9
ds_TATCAA,ds,6,nsp,-224.25,4.680881220454117,30,-157.74,3.999692988217973,11
ds_TATCCA,ds,6,nsp,-163.11,4.169886089571286,9,-157.99,5.868347808369919,3
ds_TATCGA,ds,6,nsp,-167.86,2.9206432510664464,12,-167.86,5.239014220251739,3
ds_TATGA,ds,5,nsp,-145.49,5.891631013564926,9,-139.11,5.645723868557523,3
ds_TATGAA,ds,6,nsp,-176.87,4.220480778300034,14,-138.45,6.467071516536684,1
ds_TATGCA,ds,6,nsp,-155.51,2.617838230296117,13,-155.51,6.730957509894112,4
ds_TCA,ds,3,nsp,-156.62,6.3413680700618675,10,-144.07,4.156196578604031,4
ds_TATGGA,ds,6,nsp,-191.73,6.272427361078022,11,-141.35,5.113493228703843,4
ds_TATTAA,ds,6,nsp,-163.3,4.330386356897052,15,-157.1,4.9586875279654326,4
ds_TATTGA,ds,6,rebuild-ds,-179.55,3.4439584782630606,19,-179.55,4.978501883096966,10
ds_TATTCA,ds,6,nsp,-168.13,2.4189851177715336,7,-168.13,6.416785877680527,3
ds_TCAA,ds,4,nsp,-178.01,5.013815014537338,6,-129.43,5.607352048872979,1
ds_TCAAA,ds,5,nsp,-175.43,5.942462115992009,14,-159.46,6.923852756955487,4
ds_TCAAAA,ds,6,nsp,-172.67,6.838070634323702,14,-151.23,6.434690823963507,5
ds_TCACA,ds,5,nsp,-156.83,2.5762181584640764,12,-156.83,6.750484056717708,5
ds_TCAACA,ds,6,nsp,-162.28,3.493307172293896,12,-132.23,4.648047547088986,1
ds_TCAAGA,ds,6,nsp,-151.31,5.9473952281650275,12,-150.08,6.550155189001251,3
ds_TCACCA,ds,6,nsp,-154.57,5.390179588844891,8,-145.25,5.67199929478135,3
ds_TCACAA,ds,6,nsp,-165.61,5.8657239962344025,15,-141.3,5.998969411490617,4
ds_TCACGA,ds,6,nsp,-180.89,6.094271572550739,15,-156.61,6.78800147318783,3
ds_TCAGA,ds,5,nsp,-190.39,5.317811956058615,20,-178.59,5.432290400926674,7
ds_TCAGGA,ds,6,nsp,-166.05,2.092897751921941,8,-166.05,5.301048386875943,1
ds_TCCA,ds,4,nsp,-157.5,2.870314616901795,11,-157.5,5.888085427369416,3
ds_TCAGAA,ds,6,nsp,-159.73,3.0041494636585444,11,-142.09,5.864437739459773,4
ds_TCAGCA,ds,6,nsp,-179.31,6.127912695200554,18,-143.26,2.5034300469555752,4
ds_TCATAA,ds,6,nsp,-154.95,5.691763698538438,9,-143.68,6.914326431403144,1
ds_TCATGA,ds,6,nsp,-165.49,6.860046282642698,16,-147.8,6.446821232204283,6
ds_TCATCA,ds,6,nsp,-169.62,2.8688549980785014,9,-169.62,5.794302460175861,1
ds_TCCAA,ds,5,nsp,-162.99,2.7257463198177563,14,-162.99,4.325195602513275,7
ds_TCCCA,ds,5,nsp,-161.76,1.9529682537102306,13,-161.76,5.068859930990399,5
ds_TCCAGA,ds,6,nsp,-200.33,5.714921084319561,24,-163.81,4.908237973040845,10
ds_TCCAAA,ds,6,nsp,-153.22,6.6065153447184475,9,-145.41,2.41820780744748,3
ds_TCCACA,ds,6,nsp,-155.03,4.600786237155553,9,-147.86,5.339728925704004,4
ds_TCCCAA,ds,6,nsp,-180.17,6.653492090624311,13,-138.52,5.112175368666454,3
ds_TCCGA,ds,5,nsp,-164.18,3.012425102803388,15,-164.18,6.179230453705368,4
ds_TCCCCA,ds,6,nsp,-146.5,3.2943920531715882,9,,,0
ds_TCCCGA,ds,6,nsp,-194.82,5.325938039444334,22,-162.85,5.15922455413602,8
ds_TCCGAA,ds,6,nsp,-177.98,5.1512613989196785,14,-145.36,4.802479880228545,3
ds_TCGA,ds,4,nsp,-169.27,6.93492883885624,11,-144.04,6.075746620786623,5
ds_TCCGCA,ds,6,nsp,-162.73,5.721085736116911,12,-162.62,5.526811196340968,3
ds_TCCGGA,ds,6,nsp,-200.41,5.547670682367532,25,-170.41,5.555986501063522,12
ds_TCCTAA,ds,6,nsp,-166.28,5.0361144744733375,8,,,0
ds_TCGAA,ds,5,nsp,-166.86,6.145486392467243,23,-165.3,6.915652246896164,6
ds_TCCTCA,ds,6,nsp,-191.97,5.2017098150512195,21,-163.96,2.934225281058025,14
ds_TCGAAA,ds,6,nsp,-139.4,2.5914486296278385,4,-139.4,6.5337375215109414,3
ds_TCGCA,ds,5,nsp,-159.4,4.530505821649509,10,-141.9,4.8929588185473065,6
ds_TCGACA,ds,6,nsp,-171.19,4.635771672548171,14,-152.93,4.13711662876452,5
ds_TCGAGA,ds,6,nsp,-162.8,2.0934798780976944,17,-162.8,5.719841431368516,5
ds_TCGCAA,ds,6,nsp,-183.5,5.395218345905934,8,-172.38,5.540641208380136,4
ds_TCGCCA,ds,6,nsp,-174.35,6.074861891434246,12,-161.32,5.374430388422583,5
ds_TCGCGA,ds,6,nsp,-180.21,4.7355892980705345,19,-160.09,6.78007352467508,7
ds_TCGGAA,ds,6,nsp,-137.34,4.271379402488148,8,-133.86,4.02093484155115,3
ds_TCGGCA,ds,6,nsp,-151.98,6.790742080214795,8,-139.59,6.307342784406143,4
ds_TCTAA,ds,5,nsp,-183.01,3.461912910516389,14,-143.34,4.820064107457491,4
ds_TCGTAA,ds,6,nsp,-175.59,5.653815879563125,10,-139.39,6.885275375756583,2
ds_TCGTCA,ds,6,nsp,-166.22,4.787380494592015,15,-154.08,2.699073544755662,5
ds_TCTCA,ds,5,nsp,-173.24,6.824625557493988,14,-169.67,6.9792321927272285,7
ds_TCTAAA,ds,6,nsp,-168.92,3.194899998435023,18,-145.7,5.061293411767396,6
ds_TCTACA,ds,6,nsp,-153.9,3.602319946923104,6,-153.4,6.747961544051666,2
ds_TCTAGA,ds,6,nsp,-151.47,2.9110003435245613,15,-151.47,6.6771581529869595,5
ds_TCTCAA,ds,6,nsp,-166.2,6.809614453109662,12,-162.57,6.952446260130312,5
ds_TCTCCA,ds,6,nsp,-181.09,4.825325377629995,9,-164.96,5.634758291178061,1
ds_TGAA,ds,4,nsp,-158.99,3.436027211766518,17,-145.6,6.611376936765896,4
ds_TCTGCA,ds,6,nsp,-168.73,5.7451114001383825,16,-147.52,5.372791639362184,5
ds_TCTGAA,ds,6,nsp,-190.43,6.478213719845941,18,-169.44,5.90609769644898,4
ds_TGAAA,ds,5,rebuild-ds,-169.36,4.159735328118862,18,-163.94,5.9437955045576665,7
ds_TCTTCA,ds,6,rebuild-ds,-169.01,6.5847206470738175,5,,,0
ds_TCTTAA,ds,6,nsp,-171.07,3.5364581151202805,20,-171.07,6.400947273646306,7
ds_TGAAAA,ds,6,nsp,-163.08,2.4114987041257168,10,-163.08,5.822486839830546,3
ds_TGACA,ds,5,nsp,-170.65,1.5375724373180135,15,-170.65,4.744943413782739,7
ds_TGAACA,ds,6,nsp,-180.72,2.8040472535247827,15,-180.72,5.118814413514136,6
ds_TGACAA,ds,6,nsp,-166.86,5.66008515836999,5,,,0
ds_TGACCA,ds,6,rebuild-ds,-166.35,3.0284144366318255,15,-166.35,5.492129368469032,7
ds_TGAGCA,ds,6,nsp,-171.23,6.0134899185082284,7,-136.57,6.96670854851844,1
ds_TGAGAA,ds,6,nsp,-146.78,6.374011688097213,10,-143.67,5.40332582767318,5
ds_TGATAA,ds,6,nsp,-154.52,2.970734084363669,8,-153.58,6.800057426228102,3
ds_TGCA,ds,4,nsp,-171.66,3.3283217993457566,19,-158.54,6.555759757648246,3
ds_TGATCA,ds,6,nsp,-173.14,2.542602406983828,6,-173.14,5.793695625419059,1
ds_TGCAA,ds,5,nsp,-169.63,2.6111225555304753,7,-169.63,6.087468685751089,2
ds_TGCAAA,ds,6,nsp,-141.45,3.69140880965521,9,-129.93,4.574222775510626,2
ds_TGCCA,ds,5,nsp,-186.3,5.911577200713872,10,-160.41,6.369164623402352,5
ds_TGCACA,ds,6,nsp,-176.19,5.784200636215863,7,,,0
ds_TGCCCA,ds,6,rebuild-ds,-170.0,2.8415955025302275,14,-170.0,4.759942121496861,7
ds_TGCCAA,ds,6,rebuild-ds,-167.87,2.624226362187541,18,-167.87,5.537969754341385,6
ds_TGCGCA,ds,6,nsp,-167.22,3.9606339139082314,10,-131.04,2.895121068280216,2
ds_TGCGAA,ds,6,nsp,-172.2,4.788950824554389,15,-145.56,3.4073297462969427,6
ds_TGCTAA,ds,6,nsp,-164.88,3.2154926527672316,12,-164.88,6.757076364819339,2
ds_TGGAA,ds,5,nsp,-151.89,5.903885923694672,12,-148.49,6.7143803883902855,3
ds_TGGACA,ds,6,nsp,-172.71,6.79720435179054,16,-172.38,5.589923255287131,5
ds_TGGAAA,ds,6,nsp,-183.92,3.871026737184854,19,-161.94,2.7040062869749373,5
ds_TGGCCA,ds,6,nsp,-152.29,2.685425478392577,16,-152.29,6.512078162921583,8
ds_TGGCAA,ds,6,nsp,-163.77,2.885210737537213,16,-163.77,6.060787572584931,7
ds_TGTAA,ds,5,nsp,-161.77,6.91997723984698,13,-156.44,2.6302163409118977,3
ds_TGGGAA,ds,6,nsp,-169.06,2.4494056421915884,13,-169.06,6.1423589116885475,4
ds_TGGTAA,ds,6,nsp,-185.74,3.511409118858146,18,-167.51,4.553939942511321,10
ds_TGTAAA,ds,6,nsp,-189.36,3.4922005956130304,19,-164.09,6.02858134223965,6
ds_TGTACA,ds,6,rebuild-ds,-167.99,3.1172985099281196,14,-167.99,6.163896981618047,8
ds_TGTCAA,ds,6,nsp,-169.06,4.542596614272517,10,-149.59,6.4993811243840796,3
ds_TTAA,ds,4,nsp,-163.45,2.4848764556814498,18,-163.45,5.700161839807714,3
ds_TGTGAA,ds,6,nsp,-191.46,5.495324103271799,18,-186.85,6.716446977383193,5
ds_TTAAA,ds,5,nsp,-174.55,2.807590247881622,10,-174.55,5.536865629577817,4
ds_TGTTAA,ds,6,nsp,-160.02,5.969923450095488,12,-155.07,6.860231118555695,3
ds_TTAAAA,ds,6,nsp,-181.89,3.692197990357512,22,-176.89,5.574097684827564,8
ds_TTACAA,ds,6,nsp,-191.55,6.755273273524925,17,-161.72,6.818177689089659,8
ds_TTCAA,ds,5,nsp,-187.13,4.114843374905055,14,-172.55,6.484619418285089,5
ds_TTATAA,ds,6,nsp,-187.13,6.727221863444076,19,-157.64,6.65568599018914,8
ds_TTAGAA,ds,6,nsp,-160.48,2.8475745819907887,10,-160.48,4.879014347181202,2
ds_TTCAAA,ds,6,nsp,-155.64,6.96494601558405,12,-155.14,6.586642923371519,3
ds_TTCCAA,ds,6,nsp,-153.65,5.2787909600589495,12,-141.02,2.8546838704136785,3
ss_AAA,ss,3,rebuild-ss-fb,-127.03,4.36530938193388,10,-111.6,2.6408748550433088,4
ds_TTCGAA,ds,6,nsp,-163.5,3.0299998349834882,11,-163.5,6.176435622590102,3
ss_AAAA,ss,4,rebuild-ss-fb,-123.85,6.9214109833183715,8,-122.37,5.8676442462030804,5
ds_TTGAAA,ds,6,nsp,-152.1,6.626757125472459,9,-137.11,6.777203405535361,1
ss_AAAAA,ss,5,nsp,-167.77,3.437900085808213,27,-142.85,5.556202390122229,9
ds_TTGCAA,ds,6,nsp,-161.97,6.605791474153589,9,-148.66,5.720730198147781,4
ss_AAAAAA,ss,6,nsp,-193.58,6.964642776194633,23,-136.11,6.497054178625893,6
ss_AAAAAC,ss,6,nsp,-201.21,5.7387387115985735,26,-151.45,2.528718647853111,12
ss_AAAAAG,ss,6,nsp,-198.02,2.778945483452325,23,-198.02,5.416536624079996,7
ds_TTTAAA,ds,6,nsp,-165.48,5.88090749799724,10,-140.68,5.8872864717117475,4
ss_AAAAAT,ss,6,nsp,-207.53,5.5681214067223905,26,-159.48,3.916520011438735,6
ss_AAAAC,ss,5,nsp,-169.74,3.181734432664057,28,-144.46,3.0947599260685745,12
ss_AAAACA,ss,6,nsp,-203.91,6.572159082067331,27,-192.97,4.723532576366969,15
ss_AAAACC,ss,6,nsp,-178.26,3.3089038970632023,28,-158.45,4.705480315546976,10
ss_AAAACG,ss,6,nsp,-199.57,2.1500393019663653,23,-199.57,5.3269992491082645,10
ss_AAAAG,ss,5,nsp,-173.57,3.649930136317693,24,-167.87,6.157174757955145,11
ss_AAAACT,ss,6,nsp,-191.18,6.469704320909878,31,-169.21,3.8435435473011235,8
ss_AAAAGA,ss,6,nsp,-197.4,6.513652354862069,28,-179.81,6.748383732420669,15
ss_AAAAGC,ss,6,nsp,-202.27,6.152164822239402,22,-160.56,5.546988101663835,9
ss_AAAAGG,ss,6,nsp,-205.94,6.44697805176969,23,-193.13,6.455974132538032,10
ss_AAAAGT,ss,6,nsp,-177.15,6.407538528951662,21,-171.22,4.613702417798537,6
ss_AAAAT,ss,5,nsp,-177.28,3.3150862733871906,26,-146.86,3.3773497005788595,12
ss_AAAATA,ss,6,nsp,-207.25,5.80027292461311,21,-175.4,4.712216569725979,9
ss_AAAC,ss,4,rebuild-ss-fb,-124.12,2.729359082275551,6,-124.12,2.8377698990580655,4
ss_AAAATG,ss,6,nsp,-201.66,5.934573278678106,22,-198.85,3.997902700166671,10
ss_AAAATC,ss,6,nsp,-172.76,1.9659903356832649,19,-172.76,5.125960300275451,5
ss_AAAATT,ss,6,nsp,-189.48,5.468069494803445,23,-170.81,6.211239006832696,11
ss_AAACA,ss,5,nsp,-168.8,3.3000662114569965,26,-133.21,5.5487882460948255,8
ss_AAACAC,ss,6,nsp,-216.69,6.310971161398234,20,-176.11,5.213165449129732,9
ss_AAACAA,ss,6,nsp,-211.87,6.4034284566941215,24,-201.5,4.109729066495771,9
ss_AAACC,ss,5,nsp,-173.53,2.879829161599722,23,-136.41,3.7773596598682566,7
ss_AAACAG,ss,6,nsp,-205.21,6.673956997164423,20,-189.24,4.834830607167132,10
ss_AAACAT,ss,6,nsp,-202.29,5.971444213923481,19,-165.66,3.5314228010817366,4
ss_AAACCA,ss,6,nsp,-179.8,5.749762951635503,17,-178.85,6.223077534467955,5
ss_AAACCC,ss,6,nsp,-174.74,2.4886213050602994,28,-174.74,5.567596519145412,11
ss_AAACCG,ss,6,nsp,-201.16,6.415448854133287,23,-194.3,4.234763393626608,12
ss_AAACG,ss,5,nsp,-167.1,3.7360896670181907,24,-144.95,6.108689548503828,10
ss_AAACCT,ss,6,nsp,-190.1,5.854774632724986,21,-179.27,2.6543415379336563,9
ss_AAACGG,ss,6,nsp,-213.12,6.060982758596183,26,-202.02,3.9082426997309323,11
ss_AAACT,ss,5,nsp,-172.06,3.223313357401063,24,-159.25,3.0830462208666414,10
ss_AAACGC,ss,6,nsp,-195.33,6.3570198206392305,22,-164.71,6.815018195133456,9
ss_AAACGA,ss,6,nsp,-214.81,5.994162910699049,29,-182.55,5.461964939470056,13
ss_AAACGT,ss,6,nsp,-217.77,5.384491062301082,26,-173.86,5.257353421637156,9
ss_AAACTA,ss,6,nsp,-201.38,5.949329037799155,22,-167.61,6.0460673168597605,8
ss_AAACTC,ss,6,nsp,-184.57,6.302649998215032,18,-184.53,2.484063807554069,5
ss_AAACTG,ss,6,nsp,-179.21,6.461367502317146,21,-167.42,4.840634049378247,9
ss_AAAG,ss,4,rebuild-ss-fb,-160.17,2.4638680971188234,13,-160.17,2.7010807096419733,7
ss_AAAGA,ss,5,nsp,-177.42,3.01688415422271,23,-138.78,5.940083753618282,7
ss_AAACTT,ss,6,nsp,-191.81,5.0700233727271895,17,-178.59,5.990325617193114,5
ss_AAAGAA,ss,6,nsp,-193.0,6.028399787671704,27,-159.35,4.757623986823678,10
ss_AAAGAC,ss,6,nsp,-184.09,5.570589376358664,26,-176.45,5.415506347517292,8
ss_AAAGAG,ss,6,nsp,-200.09,2.7172629611430805,23,-200.09,5.929774531969999,9
ss_AAAGC,ss,5,nsp,-178.82,2.9565214357416663,25,-148.58,3.203020293410592,9
ss_AAAGAT,ss,6,nsp,-198.13,5.323896035799366,26,-159.89,6.21864366240744,11
ss_AAAGCA,ss,6,nsp,-193.64,6.142626474074425,22,-191.38,4.683395990090956,7
ss_AAAGCC,ss,6,nsp,-187.49,6.894726245471993,31,-161.25,6.281877267186953,14
ss_AAAGG,ss,5,nsp,-173.33,3.7732501904856655,23,-161.96,6.544336864801494,9
ss_AAAGCT,ss,6,nsp,-195.03,6.286005886093344,28,-166.86,5.549644853501889,12
ss_AAAGCG,ss,6,nsp,-194.55,6.787473756855353,26,-181.87,5.286884905121347,12
ss_AAAGGA,ss,6,nsp,-206.65,6.479553225338909,24,-182.57,5.58415186039922,10
ss_AAAGGC,ss,6,nsp,-204.86,5.81135010131037,29,-172.2,4.648686158475326,11
ss_AAAGGG,ss,6,nsp,-209.24,2.6812029016842502,32,-209.24,5.601524881672849,16
ss_AAAGGT,ss,6,nsp,-187.07,5.942582014579182,25,-144.86,4.933267679743327,8
ss_AAAGT,ss,5,nsp,-174.0,3.3939848261299037,24,-143.12,4.366385690705761,11
ss_AAAGTA,ss,6,nsp,-208.56,6.234000160410669,20,-158.08,5.397038076574966,10
ss_AAAGTG,ss,6,nsp,-187.96,6.710116541461862,22,-183.39,4.852267717263762,9
ss_AAAGTC,ss,6,nsp,-195.77,6.123488384899581,25,-154.29,4.823341787599139,7
ss_AAAT,ss,4,rebuild-ss-fb,-153.86,6.836542254678186,11,-141.02,3.1263846532376762,6
ss_AAATA,ss,5,nsp,-183.42,3.186860053406825,26,-146.44,6.098246469272948,10
ss_AAAGTT,ss,6,nsp,-176.79,6.076994405131544,26,-150.67,3.1732218642887284,11
ss_AAATAA,ss,6,nsp,-210.82,6.092603056165728,18,-194.39,2.9951782918550967,7
ss_AAATAC,ss,6,nsp,-171.25,3.897057864594806,28,-165.35,5.846552916035235,9
ss_AAATC,ss,5,nsp,-179.99,3.4297456173891465,24,-149.44,3.6141705825818558,9
ss_AAATAT,ss,6,nsp,-208.83,5.701413333551605,20,-173.61,6.292492669840777,9
ss_AAATAG,ss,6,nsp,-178.57,3.1190461683021153,22,-162.84,4.33348197180974,6
ss_AAATCA,ss,6,nsp,-187.72,3.381841362335054,28,-181.53,5.26061194159006,10
ss_AAATCG,ss,6,nsp,-183.07,2.527421808879559,26,-183.07,6.308464868729947,15
ss_AAATCC,ss,6,nsp,-199.98,2.4671878728625565,26,-199.98,5.1947767998249965,10
ss_AAATCT,ss,6,nsp,-198.08,3.518334549186596,22,-198.08,6.9057919169346444,9
ss_AAATG,ss,5,nsp,-177.02,3.0009100286413406,23,-149.37,3.1171349024384494,9
ss_AAATGA,ss,6,nsp,-214.69,6.09038241820661,23,-192.69,6.6122004658056115,9
ss_AAATGC,ss,6,nsp,-183.23,2.7716341749949787,24,-183.23,6.448558133412477,9
ss_AAATGG,ss,6,nsp,-180.65,3.203953495292982,26,-172.77,6.152234228310875,13
ss_AAATGT,ss,6,nsp,-213.09,5.7888880624866115,22,-170.29,6.469165402121046,11
ss_AAATT,ss,5,nsp,-192.53,3.4402700475398964,25,-135.98,5.566300566803769,7
ss_AAATTA,ss,6,nsp,-201.31,5.212522422014136,21,-187.97,4.844782244848576,8
ss_AAC,ss,3,rebuild-ss-fb,-128.57,3.1426455415779935,14,-128.57,6.1572043981014675,8
ss_AAATTG,ss,6,nsp,-168.11,4.396946895289967,24,-161.01,4.023563843161943,12
ss_AAATTC,ss,6,nsp,-200.75,6.265851737792714,21,-186.01,3.025364936664675,8
ss_AACA,ss,4,rebuild-ss-fb,-164.67,5.692992271205025,7,-123.71,4.72112285372875,3
ss_AAATTT,ss,6,nsp,-191.95,4.6279830379982965,23,-177.45,6.562430494870035,5
ss_AACAA,ss,5,nsp,-186.19,4.123545319261113,26,-146.28,3.8586256620719226,9
ss_AACAAA,ss,6,nsp,-204.96,6.530664667551082,28,-177.29,6.526633052347892,10
ss_AACAAC,ss,6,nsp,-206.1,2.6729431344493615,25,-206.1,6.532159979669833,8
ss_AACAAG,ss,6,nsp,-161.34,2.8488736370713315,25,-161.34,6.294861634698576,8
ss_AACAC,ss,5,nsp,-203.92,3.643861413391034,21,-155.41,6.72025319463486,9
ss_AACAAT,ss,6,nsp,-208.0,6.0524704047190605,30,-152.69,6.578545735951062,10
ss_AACACA,ss,6,nsp,-176.22,6.659249657431385,30,-164.42,4.538505260545587,13
ss_AACACC,ss,6,nsp,-179.57,2.5243413002207196,28,-179.57,5.126469545408429,12
ss_AACACG,ss,6,nsp,-176.11,4.001303412639443,32,-171.44,6.038232688461077,16
ss_AACAG,ss,5,nsp,-214.56,3.5437981037299604,21,-136.38,5.679071314924649,3
ss_AACACT,ss,6,nsp,-186.91,5.927584077851638,24,-166.52,6.040327557343238,11
ss_AACAGA,ss,6,nsp,-202.16,6.310111092524451,29,-172.99,6.445813059653533,11
ss_AACAGC,ss,6,nsp,-176.84,3.5284200430220913,30,-176.84,6.170500871080083,13
ss_AACAGG,ss,6,nsp,-170.03,2.9355265285805205,24,-170.03,6.237240255112835,11
ss_AACAT,ss,5,nsp,-198.7,3.4862418160535094,27,-157.13,3.576265510277457,12
ss_AACAGT,ss,6,nsp,-205.6,5.673867640331435,26,-167.24,4.138919907415454,13
ss_AACATA,ss,6,nsp,-187.75,6.474663697830184,29,-178.53,3.716239497126097,11
ss_AACC,ss,4,rebuild-ss-fb,-165.75,6.113779273084704,11,-126.49,3.352665506727435,9
ss_AACATG,ss,6,nsp,-167.39,3.796871606994393,21,-158.85,4.480234480470867,8
ss_AACATC,ss,6,nsp,-177.34,4.19821497782093,27,-165.75,6.078792314267696,9
ss_AACATT,ss,6,nsp,-175.66,2.8026291228059477,23,-175.66,6.438789094231935,10
ss_AACCA,ss,5,nsp,-202.69,3.33814709082751,21,-149.29,6.530975654525141,10
ss_AACCAC,ss,6,nsp,-186.44,2.561115772471038,26,-186.44,6.022462038070471,13
ss_AACCAA,ss,6,nsp,-216.09,6.316386625278734,32,-175.76,6.68644576737148,15
ss_AACCAG,ss,6,nsp,-205.74,6.384063361214404,23,-163.97,5.7525824635549725,8
ss_AACCC,ss,5,nsp,-197.25,3.3807366061259563,21,-144.67,3.298024560248143,8
ss_AACCAT,ss,6,nsp,-212.71,5.603380765216666,26,-161.49,6.051540878156579,11
ss_AACCCA,ss,6,nsp,-174.68,4.530748503282873,26,-165.55,4.659170097774922,13
ss_AACCCC,ss,6,nsp,-184.37,4.695927277971862,29,-174.02,6.763446532648872,10
ss_AACCCG,ss,6,nsp,-167.2,2.297979329759111,25,-163.42,3.315761752599232,13
ss_AACCG,ss,5,nsp,-215.46,3.3943148056714083,21,-139.02,4.050917180096379,8
ss_AACCCT,ss,6,nsp,-201.2,5.711274726363653,22,-161.77,4.23807597855441,8
ss_AACCGA,ss,6,nsp,-212.55,6.1684424290091435,22,-173.04,6.169023099324568,9
ss_AACCGC,ss,6,nsp,-207.98,2.9318159901330745,26,-207.98,5.850094785556897,11
ss_AACCGG,ss,6,nsp,-169.5,2.4461937780969043,20,-169.5,6.498446429724575,8
ss_AACCT,ss,5,nsp,-200.82,3.365375164821911,27,-154.83,6.384000234962398,11
ss_AACCGT,ss,6,nsp,-212.33,5.2136003874482055,29,-189.54,3.5543986833218426,11
ss_AACCTA,ss,6,nsp,-182.21,6.749324262472506,22,-158.35,5.745228454987679,10
ss_AACCTC,ss,6,nsp,-189.93,6.14707003376405,22,-159.69,5.1913486686987325,9
ss_AACCTG,ss,6,nsp,-204.79,6.159504038475825,21,-159.56,3.1377560453292177,8
ss_AACG,ss,4,rebuild-ss-fb,-174.22,6.5553673428725725,16,-156.46,2.8221102033761785,11
ss_AACCTT,ss,6,nsp,-179.26,6.462441179616262,27,-172.95,6.478267901221743,9
ss_AACGA,ss,5,nsp,-211.31,4.553195581127621,23,-156.43,3.7941259863109464,8
ss_AACGAA,ss,6,nsp,-202.07,6.904386286991783,24,-182.36,5.733087300922611,11
ss_AACGAC,ss,6,nsp,-193.13,5.617145449425356,24,-178.1,5.566711237346521,10
ss_AACGAG,ss,6,nsp,-195.92,2.6074487530918073,28,-195.92,5.262305293310162,12
ss_AACGAT,ss,6,nsp,-190.22,5.53445299916804,24,-154.2,5.986928761894535,11
ss_AACGC,ss,5,nsp,-213.75,3.3098684263879985,19,-144.4,6.80791899187998,11
ss_AACGCA,ss,6,nsp,-177.26,4.56579511147842,28,-171.84,5.479685574921259,11
ss_AACGCC,ss,6,nsp,-185.71,4.053964232698667,27,-185.57,6.029606123122803,12
ss_AACGCT,ss,6,nsp,-173.16,5.831383626550407,27,-163.92,4.506124055105448,14
ss_AACGCG,ss,6,nsp,-177.84,6.680385842150153,21,-169.17,5.490396069501727,9
ss_AACGG,ss,5,nsp,-205.93,3.390650232625026,25,-165.97,6.238882031261705,9
ss_AACGGA,ss,6,nsp,-202.79,6.209532752148114,26,-163.79,6.78203686218235,10
ss_AACGGC,ss,6,nsp,-193.99,6.125990124053419,30,-156.19,2.422642565464407,8
ss_AACGGG,ss,6,nsp,-198.84,6.208070070480845,26,-193.04,5.6111367832196075,11
ss_AACGT,ss,5,nsp,-216.65,4.1271132768558925,23,-157.19,6.849119724460956,9
ss_AACGGT,ss,6,nsp,-192.22,5.555087308044791,26,-160.88,5.502226731060808,15
ss_AACGTA,ss,6,nsp,-193.56,6.6580138930465065,28,-189.2,4.839605045868937,10
ss_AACGTC,ss,6,nsp,-186.92,6.212615793689485,28,-163.71,3.0560008180627225,14
ss_AACGTG,ss,6,nsp,-175.24,3.074435557952055,28,-175.24,4.3839235851004625,9
ss_AACT,ss,4,rebuild-ss-fb,-136.08,2.8080902763266016,11,-136.08,2.8080902763266016,8
ss_AACTA,ss,5,nsp,-203.8,3.792875030896745,22,-150.43,5.40869429714789,8
ss_AACGTT,ss,6,nsp,-164.25,3.5847110064829475,24,-153.59,2.983959450126629,8
ss_AACTAA,ss,6,nsp,-186.08,2.7275234187812294,29,-167.46,5.2338120906276435,11
ss_AACTAC,ss,6,nsp,-181.49,4.048684848194555,20,-140.16,5.7853069927187155,7
ss_AACTC,ss,5,nsp,-205.82,3.4206427758537017,18,-150.87,5.69791216148512,6
ss_AACTAG,ss,6,nsp,-193.25,6.471544328829118,23,-158.7,5.86349469173462,8
ss_AACTAT,ss,6,nsp,-210.62,5.770704203128089,28,-186.69,5.95801242026232,13
ss_AACTCA,ss,6,nsp,-176.37,2.7002022146498534,24,-176.37,4.4694538816280485,10
ss_AACTCC,ss,6,nsp,-181.33,3.622238258314889,26,-158.42,6.554063243515446,13
ss_AACTCG,ss,6,nsp,-173.16,6.703053856265837,27,-169.47,6.993445860232281,11
ss_AACTG,ss,5,nsp,-206.11,3.6623775064840145,23,-174.13,5.668076481488242,8
ss_AACTCT,ss,6,nsp,-188.47,4.095829830449497,28,-173.31,5.6085989337801685,6
ss_AACTGA,ss,6,nsp,-183.86,2.9809740018993924,26,-166.45,5.155188163394243,13
ss_AACTGC,ss,6,nsp,-179.73,3.7488263496726657,26,-161.41,5.635112332509442,9
ss_AACTGG,ss,6,nsp,-176.57,2.951313436421134,26,-176.57,5.540972568060604,13
ss_AACTT,ss,5,nsp,-196.91,3.5242180693027634,25,-145.03,6.644863354501746,12
ss_AACTGT,ss,6,nsp,-204.55,5.730332102068788,29,-172.65,4.567917906442723,13
ss_AACTTA,ss,6,nsp,-187.23,6.078145111791943,19,-142.89,5.955840578793227,9
ss_AAG,ss,3,rebuild-ss-fb,-127.79,4.617370030655977,9,-127.79,6.307332399675792,5
ss_AACTTC,ss,6,nsp,-181.92,3.5530614967940326,29,-157.57,6.9929919919874,12
ss_AACTTG,ss,6,nsp,-196.41,6.82941695900903,24,-159.14,6.581016562811559,12
ss_AAGA,ss,4,rebuild-ss-fb,-128.84,4.520452742812394,10,-128.17,6.079381629738338,5
ss_AACTTT,ss,6,nsp,-188.19,3.937145793592106,28,-175.52,6.106436276585545,14
ss_AAGAA,ss,5,nsp,-187.57,3.2853257068364123,23,-143.26,5.828556425050721,9
ss_AAGAAA,ss,6,nsp,-182.73,2.2100095022420247,25,-182.73,4.3053810516608175,17
ss_AAGAAC,ss,6,nsp,-198.53,3.202505737699762,28,-197.92,5.546206451260187,13
ss_AAGAC,ss,5,nsp,-187.27,4.082451959300944,18,-156.7,3.37711400459032,7
ss_AAGAAG,ss,6,nsp,-175.4,2.2790078981872823,26,-175.4,5.573459428398133,15
ss_AAGAAT,ss,6,nsp,-204.53,5.8740466460524505,21,-175.01,3.57085507966929,6
ss_AAGACC,ss,6,nsp,-195.01,2.459840848510349,31,-195.01,5.4491733317999635,13
ss_AAGACA,ss,6,nsp,-187.75,2.7489308830889265,24,-187.75,4.789586725386641,13
ss_AAGACG,ss,6,nsp,-170.53,2.3301025728495306,25,-170.53,4.335724737572737,12
ss_AAGAG,ss,5,nsp,-195.92,3.928705384729196,28,-147.96,3.3615616906431978,11
ss_AAGACT,ss,6,nsp,-194.8,2.4540160961167348,24,-194.8,5.519418900572779,12
ss_AAGAGA,ss,6,nsp,-194.34,2.567208990323927,25,-194.34,4.653344711065375,14
ss_AAGAGC,ss,6,nsp,-190.52,2.5636497420669775,29,-190.52,6.160048782274369,20
ss_AAGAGG,ss,6,nsp,-186.97,6.936298796908912,30,-158.1,6.6564288473625215,13
ss_AAGAT,ss,5,nsp,-180.34,3.1968412534875856,23,-148.37,6.435617375201857,9
ss_AAGAGT,ss,6,nsp,-201.54,5.766609402413176,22,-159.54,3.7952619145455477,11
ss_AAGATA,ss,6,nsp,-188.93,5.1139113210927025,22,-162.37,6.666486405896274,9
ss_AAGATG,ss,6,nsp,-168.62,3.78189820063948,20,-164.7,6.213828932308967,5
ss_AAGC,ss,4,rebuild-ss-fb,-132.14,4.153772863313566,10,-128.59,2.749443761927116,5
ss_AAGATC,ss,6,nsp,-183.77,2.8407414525085013,30,-183.77,6.843739474877763,13
ss_AAGATT,ss,6,nsp,-184.45,5.901615795695279,18,-180.52,6.026540798833112,7
ss_AAGCA,ss,5,nsp,-179.99,3.923751011468509,24,-153.95,3.2210412912597066,10
ss_AAGCAA,ss,6,nsp,-183.05,2.8660769354642173,29,-183.05,6.2348197247394435,12
ss_AAGCAC,ss,6,nsp,-189.51,2.6960307861743806,23,-189.51,6.485223357757238,12
ss_AAGCAG,ss,6,nsp,-181.05,2.384659724153542,26,-150.62,6.3952390103889,12
ss_AAGCC,ss,5,nsp,-178.38,3.8023053533350293,24,-145.11,5.644728248551926,9
ss_AAGCCA,ss,6,nsp,-172.52,2.9391655278326896,28,-151.29,4.770031865721657,10
ss_AAGCAT,ss,6,nsp,-197.72,5.551772149503245,18,-182.31,3.0198928788948933,7
ss_AAGCCC,ss,6,nsp,-196.26,2.3587744699313737,30,-196.26,4.865259088681719,9
ss_AAGCCG,ss,6,nsp,-172.71,2.4849404419422245,30,-172.71,6.123579672054575,13
ss_AAGCCT,ss,6,nsp,-180.85,2.696959955208827,27,-180.85,5.820068126749036,13
ss_AAGCG,ss,5,nsp,-186.96,3.378336128925023,25,-151.86,6.357532461576579,13
ss_AAGCGA,ss,6,nsp,-192.04,2.573176441676714,26,-192.04,4.863277290058639,13
ss_AAGCGC,ss,6,nsp,-186.98,2.473857716199554,26,-186.98,6.169801455476519,10
ss_AAGCT,ss,5,nsp,-179.48,3.87292899495977,26,-136.87,5.295313588447789,11
ss_AAGCGG,ss,6,nsp,-194.06,4.565966600841505,29,-175.9,6.737937815088532,10
ss_AAGCGT,ss,6,nsp,-204.61,5.427919030346718,15,-186.91,3.8694645624426953,8
ss_AAGCTC,ss,6,nsp,-187.71,2.3433303224257718,31,-187.71,5.6231356021351715,15
ss_AAGCTA,ss,6,nsp,-202.17,6.04556250484603,20,-182.17,2.865436441451828,10
ss_AAGCTG,ss,6,nsp,-184.58,3.2083201211849244,22,-167.08,6.789153187253924,10
ss_AAGG,ss,4,rebuild-ss-fb,-128.81,4.74464624603352,8,-128.81,6.507067695974888,6
ss_AAGCTT,ss,6,nsp,-195.95,3.1169955084985315,23,-195.95,6.724247244115883,10
ss_AAGGA,ss,5,nsp,-193.6,3.935402012501403,19,-162.15,5.154043267183546,9
ss_AAGGAA,ss,6,nsp,-201.97,6.3595054839193255,28,-201.38,5.682142641644974,10
ss_AAGGC,ss,5,nsp,-178.56,3.573952573831968,26,-148.25,6.070191512629563,12
ss_AAGGAC,ss,6,nsp,-205.24,3.022193408767879,24,-199.1,6.013585785535961,11
ss_AAGGAG,ss,6,nsp,-206.01,2.5133865600022696,26,-206.01,5.336535580318013,12
ss_AAGGAT,ss,6,nsp,-189.86,5.467256807577287,23,-160.67,5.445967866229109,9
ss_AAGGCA,ss,6,nsp,-187.67,3.0146810776597914,23,-187.67,6.569047495641974,13
ss_AAGGCC,ss,6,nsp,-198.35,2.4303806286259033,26,-198.35,5.207154789325941,11
ss_AAGGCG,ss,6,nsp,-186.37,2.564130066903789,24,-186.37,6.077715771570766,12
ss_AAGGG,ss,5,nsp,-189.48,3.473858229692188,20,-148.38,4.856582852170855,9
ss_AAGGCT,ss,6,nsp,-183.19,6.394327564333891,27,-170.44,4.464388535958745,11
ss_AAGGGC,ss,6,nsp,-200.08,2.7037179956496984,32,-200.08,6.990027467757195,16
ss_AAGGGA,ss,6,nsp,-204.58,6.529697159899548,17,-187.33,5.595661265659321,6
ss_AAGGGG,ss,6,nsp,-206.92,6.518481648359552,20,-171.87,5.772899964489245,4
ss_AAGGGT,ss,6,nsp,-194.7,5.8530413461721125,19,-158.71,6.228138164812985,9
ss_AAGGT,ss,5,nsp,-206.24,4.114566441315551,23,-164.22,5.8079423206502305,9
ss_AAGGTA,ss,6,nsp,-188.83,5.059024115380378,19,-176.44,4.612723273728879,9
ss_AAGT,ss,4,rebuild-ss-fb,-148.92,2.8380114517034767,11,-148.92,3.0146804142396224,7
ss_AAGGTG,ss,6,nsp,-188.11,6.361021537457666,21,-161.25,4.253345271665575,8
ss_AAGGTC,ss,6,nsp,-183.25,6.350669256070584,23,-156.02,5.852518346831551,7
ss_AAGGTT,ss,6,nsp,-182.65,5.851029054790274,22,-155.97,5.8226876096867795,6
ss_AAGTA,ss,5,nsp,-186.35,5.57845444545352,27,-151.29,6.076120884248434,9
ss_AAGTAA,ss,6,nsp,-208.26,2.7358064624530636,29,-208.26,6.577336543008879,12
ss_AAGTAC,ss,6,nsp,-208.95,3.2741424831549484,24,-166.8,4.614431059188121,11
ss_AAGTAG,ss,6,nsp,-183.57,2.4714145746919933,24,-183.49,6.243949471288192,11
ss_AAGTC,ss,5,nsp,-181.19,3.9371845270446877,27,-143.6,6.096496534896094,10
ss_AAGTCA,ss,6,nsp,-198.99,3.0881455600408443,27,-176.52,4.924439155883644,11
ss_AAGTAT,ss,6,nsp,-212.73,2.6422166830144844,26,-212.73,6.313840115175544,11
ss_AAGTCC,ss,6,nsp,-200.9,5.772337134991354,26,-200.8,5.230272077052977,9
ss_AAGTCG,ss,6,nsp,-200.86,2.7322241855309124,24,-175.53,5.853471192378079,12
ss_AAGTCT,ss,6,nsp,-206.52,2.6795921331426618,23,-206.52,6.258171138599513,10
ss_AAGTG,ss,5,nsp,-185.32,3.5250729070474707,19,-153.65,3.518685692129965,6
ss_AAGTGC,ss,6,nsp,-203.24,2.395321064074713,32,-203.24,6.128611669864563,14
ss_AAGTGA,ss,6,nsp,-211.88,2.7709552504506445,27,-211.88,5.193889775495831,12
ss_AAGTGG,ss,6,nsp,-183.52,4.149600101214583,25,-183.26,6.7479838470464735,9
ss_AAGTGT,ss,6,nsp,-205.66,2.66409628204388,31,-205.66,6.162862159743634,14
ss_AAGTT,ss,5,nsp,-188.83,4.803503513062118,21,-150.73,6.501394773431318,9
ss_AAGTTA,ss,6,nsp,-207.8,2.7569363431171223,26,-207.8,4.74869392570211,14
ss_AAT,ss,3,rebuild-ss-fb,-132.26,3.3981796597590415,9,-132.26,5.740748209075189,3
ss_AAGTTC,ss,6,nsp,-194.25,2.6907222078839768,29,-177.87,6.48555510345876,7
ss_AATA,ss,4,rebuild-ss-fb,-173.37,5.925912672323165,13,-140.4,2.8705776422176865,9
ss_AAGTTG,ss,6,nsp,-196.09,3.1076063135474765,21,-151.4,6.013649224888336,11
ss_AAGTTT,ss,6,nsp,-205.66,4.4695012025952225,23,-174.34,3.642663311369857,9
ss_AATAA,ss,5,nsp,-195.6,3.8093028233523296,25,-154.57,2.906638608427267,9
ss_AATAAA,ss,6,nsp,-168.47,2.4616533062151458,25,-168.47,5.042666457341797,10
ss_AATAAC,ss,6,nsp,-183.97,3.7981187448524922,27,-159.66,6.7961197017121275,12
ss_AATAAG,ss,6,nsp,-183.7,6.470206642758818,25,-180.23,6.77333854166467,13
ss_AATAC,ss,5,nsp,-193.6,4.473799392015711,24,-146.91,3.9158910863301637,8
ss_AATAAT,ss,6,nsp,-201.18,5.988004175015249,23,-156.08,6.882247016781662,8
ss_AATACA,ss,6,nsp,-181.67,3.1017338699508046,31,-181.67,6.030974216492742,13
ss_AATACG,ss,6,nsp,-163.3,3.105040257387973,25,-163.3,6.731048506733556,11
ss_AATACC,ss,6,nsp,-186.86,2.9966254353856057,28,-186.86,5.765632922758794,11
ss_AATAG,ss,5,nsp,-202.36,3.448279716032339,20,-175.29,6.880403040520241,5
ss_AATACT,ss,6,nsp,-190.77,6.023768089825502,15,-140.57,3.2896179109434494,7
ss_AATAGA,ss,6,nsp,-194.11,6.834014413212808,23,-169.82,2.8051704048061006,10
ss_AATAGC,ss,6,nsp,-202.65,3.7269781324821527,25,-162.42,6.502960402770418,15
ss_AATAGG,ss,6,nsp,-172.29,2.8485568275883146,28,-161.29,6.413566402556398,9
ss_AATAGT,ss,6,nsp,-201.71,5.960881310678821,27,-165.15,6.787410183567802,13
ss_AATAT,ss,5,nsp,-190.86,3.4430688346299556,24,-167.67,6.76469031072376,7
ss_AATATA,ss,6,nsp,-178.69,3.6343390045508945,28,-162.34,6.335474094335808,13
ss_AATATC,ss,6,nsp,-174.37,3.202077606804702,23,-156.35,6.547630640162913,7
ss_AATATG,ss,6,nsp,-175.93,3.5596546180774515,22,-159.1,6.2855550272032525,9
ss_AATC,ss,4,rebuild-ss-fb,-138.85,2.6177228653927336,8,-138.85,3.367066824403704,4
ss_AATATT,ss,6,nsp,-169.54,3.833953703424199,22,-161.86,6.859747517219576,9
ss_AATCA,ss,5,nsp,-186.91,4.111865878162874,22,-149.74,2.7585075675082065,9
ss_AATCAC,ss,6,nsp,-194.4,2.6075444387392457,26,-194.4,6.041200129113419,12
ss_AATCAA,ss,6,nsp,-169.97,2.917428148215471,20,-169.97,6.176401136584306,9
ss_AATCAG,ss,6,nsp,-169.84,2.274628321286807,22,-161.09,6.86837142268819,10
ss_AATCC,ss,5,nsp,-187.14,3.750514231408825,23,-139.45,5.956579303593651,6
ss_AATCCA,ss,6,nsp,-174.88,4.153081386151748,27,-173.81,6.25953328931159,15
ss_AATCAT,ss,6,nsp,-208.79,5.362897724178617,27,-172.85,4.943302640947645,10
ss_AATCCC,ss,6,nsp,-173.08,4.426727346471651,29,-153.65,6.359255616815549,8
ss_AATCCG,ss,6,nsp,-166.53,3.0364958422497486,19,-166.53,6.244799676530861,8
ss_AATCG,ss,5,nsp,-199.17,3.377197358757726,23,-141.68,3.6746893746274614,5
ss_AATCCT,ss,6,nsp,-197.4,5.7789169400502844,22,-176.97,3.7744951980364125,10
ss_AATCGA,ss,6,nsp,-193.52,6.5727979582518925,22,-168.97,5.078821221504064,8
ss_AATCGC,ss,6,nsp,-182.17,3.791862602996067,26,-170.16,6.454118994874514,10
ss_AATCGG,ss,6,nsp,-160.55,2.7859685927877718,23,-156.7,6.909306332765979,5
ss_AATCGT,ss,6,nsp,-209.69,5.61439631661322,31,-166.93,6.611917573593916,15
ss_AATCT,ss,5,nsp,-185.34,3.8706455533928774,26,-158.94,6.81420105368193,10
ss_AATCTA,ss,6,nsp,-182.32,6.365898993857841,19,-157.05,6.299822695917714,8
ss_AATCTC,ss,6,nsp,-198.96,6.687575121073421,25,-153.25,4.593414960571287,11
ss_AATG,ss,4,rebuild-ss-fb,-158.52,2.5590343882019293,13,-158.52,2.9414657910640307,10
ss_AATCTG,ss,6,nsp,-153.08,6.429284330312374,17,-151.87,6.619557764684886,9
ss_AATCTT,ss,6,nsp,-188.73,5.207301988554164,17,-172.88,6.022157835859177,8
ss_AATGA,ss,5,nsp,-193.17,3.495182398673924,25,-150.24,3.395832887525547,10
ss_AATGAA,ss,6,nsp,-203.84,6.720502808570215,24,-191.6,6.171742055530188,10
ss_AATGAC,ss,6,nsp,-196.03,6.767913932667895,22,-177.71,5.991804068892773,12
ss_AATGC,ss,5,nsp,-184.09,2.8388332110217624,21,-151.88,3.800454051820642,8
ss_AATGAG,ss,6,nsp,-171.72,3.902808604069649,24,-148.92,2.7913792289834207,9
ss_AATGAT,ss,6,nsp,-189.61,5.850032820420774,23,-166.76,4.547978122198913,14
ss_AATGCA,ss,6,nsp,-175.2,2.897628858221827,20,-175.2,6.537919011428641,11
ss_AATGCG,ss,6,nsp,-181.74,6.683987208246297,24,-172.7,6.6380041428128145,11
ss_AATGCC,ss,6,nsp,-182.12,2.9154051176466047,34,-182.12,5.836594298047454,10
ss_AATGCT,ss,6,nsp,-178.81,6.990709119967738,22,-149.69,5.7557459985652795,10
ss_AATGG,ss,5,nsp,-192.08,3.6432394925395895,25,-139.2,5.940304200964803,9
ss_AATGGA,ss,6,nsp,-181.02,5.547378029303565,22,-166.64,6.596226876025404,8
ss_AATGGC,ss,6,nsp,-193.68,6.455423921014033,24,-153.79,5.8121716251328985,11
ss_AATGGG,ss,6,nsp,-185.6,5.916905018673209,21,-162.02,4.951068268565873,9
ss_AATGT,ss,5,nsp,-195.42,3.6096749161109014,23,-147.65,5.646247337834213,9
ss_AATGGT,ss,6,nsp,-196.83,5.640989452214926,27,-165.94,3.8440184702990123,12
ss_AATGTA,ss,6,nsp,-193.98,6.578749805244159,21,-164.46,6.943267314456508,7
ss_AATGTC,ss,6,nsp,-171.45,5.343533381574414,21,-159.57,3.410968630755797,9
ss_AATGTG,ss,6,nsp,-190.26,6.626948769984576,25,-171.26,3.4196722065133756,9
ss_AATT,ss,4,rebuild-ss-fb,-145.09,3.0930066278622714,10,-145.09,5.644940123685983,5
ss_AATGTT,ss,6,nsp,-180.24,4.157605200112226,22,-159.06,2.880824187624101,8
ss_AATTA,ss,5,nsp,-198.94,3.8235351443396173,20,-146.58,6.31178849455525,9
ss_AATTAA,ss,6,nsp,-198.56,6.653133397129537,20,-159.94,5.640115601652162,7
ss_AATTAC,ss,6,nsp,-188.3,6.8012184937700715,25,-167.18,6.462856643930769,10
ss_AATTAG,ss,6,nsp,-191.84,6.682411316283991,25,-179.49,6.856896455394391,11
ss_AATTC,ss,5,nsp,-185.87,3.4223621959109063,22,-139.39,6.634469534182819,7
ss_AATTAT,ss,6,nsp,-186.32,6.502364800593719,24,-158.82,6.391018541672361,11
ss_AATTCA,ss,6,nsp,-168.31,3.0794421572745883,28,-168.31,6.238707959185133,12
ss_AATTCC,ss,6,nsp,-185.31,2.4348252504029864,25,-185.31,5.638997605957996,12
ss_AATTCG,ss,6,nsp,-183.97,6.271857300672593,21,-177.9,6.953439005269276,9
ss_AATTG,ss,5,nsp,-189.97,3.2910882698584873,21,-138.67,5.293347239696261,6
ss_AATTCT,ss,6,nsp,-167.83,1.9786798629389393,24,-154.44,5.713570687407297,6
ss_AATTGA,ss,6,nsp,-195.03,6.24613424447476,23,-161.46,4.544081315293551,10
ss_AATTGC,ss,6,nsp,-171.01,2.53591699390968,29,-171.01,6.968481470162636,10
ss_AATTGG,ss,6,nsp,-197.26,6.442868072527968,22,-166.47,5.8801015297357075,6
ss_AATTGT,ss,6,nsp,-169.33,4.941352648819966,25,-166.39,2.9686586196462557,11
ss_AATTT,ss,5,nsp,-189.25,3.3949070679475293,24,-148.03,6.443462811252965,9
ss_ACA,ss,3,rebuild-ss-fb,-123.05,3.580413663251784,7,-123.05,5.780053719473552,4
ss_AATTTA,ss,6,nsp,-190.13,6.975554243212509,19,-148.93,5.008749444721708,11
ss_AATTTC,ss,6,nsp,-191.96,6.5718449464362845,23,-153.77,6.855481310601043,10
ss_AATTTG,ss,6,nsp,-162.36,2.9020725352754257,20,-162.36,6.066186281346807,13
ss_ACAA,ss,4,rebuild-ss-fb,-154.83,6.671712448839516,9,-136.58,2.7983139566531814,3
ss_ACAAA,ss,5,nsp,-179.58,3.3249338339281507,27,-151.68,4.897922620866945,10
ss_AATTTT,ss,6,nsp,-187.08,6.709162168259168,28,-160.51,6.338523171843739,14
ss_ACAAAA,ss,6,nsp,-202.04,6.529618135848375,26,-181.05,5.588076681649956,12
ss_ACAAAC,ss,6,nsp,-192.17,4.475565103984087,26,-189.64,6.075979838676239,15
ss_ACAAC,ss,5,nsp,-171.26,2.997418889644903,23,-141.52,5.212650957046726,6
ss_ACAAAT,ss,6,nsp,-214.59,5.361778529555286,23,-166.02,6.518392900094324,7
ss_ACAAAG,ss,6,nsp,-200.42,6.417111577649267,22,-196.85,5.388693904834464,10
ss_ACAACA,ss,6,nsp,-197.7,2.8676002162086656,31,-197.7,5.094776638872403,16
ss_ACAACG,ss,6,nsp,-190.07,2.482107370763795,26,-190.07,4.649664181422132,12
ss_ACAACC,ss,6,nsp,-183.04,3.1524584057525797,23,-177.23,6.780597245081011,8
ss_ACAACT,ss,6,nsp,-211.58,5.492808116073248,27,-163.17,4.623563344434684,8
ss_ACAAG,ss,5,nsp,-189.05,3.102198897556394,24,-189.05,6.663279447839475,8
ss_ACAAGA,ss,6,nsp,-213.63,6.079596203696423,25,-177.7,6.323688322490298,9
ss_ACAAGG,ss,6,nsp,-203.45,5.914436321408838,22,-191.37,5.969344687652069,7
ss_ACAAGC,ss,6,nsp,-192.61,2.777496174614813,29,-186.36,6.154144863423348,11
ss_ACAAGT,ss,6,nsp,-186.34,6.66313807451115,24,-153.06,3.4529022575219246,13
ss_ACAAT,ss,5,nsp,-178.24,3.377536972410522,21,-135.61,4.999299250895075,9
ss_ACAATA,ss,6,nsp,-194.15,1.9555239707045375,22,-194.15,5.218332683913524,9
ss_ACAATC,ss,6,nsp,-190.93,6.375609304215561,25,-167.68,5.207835922914628,7
ss_ACAATG,ss,6,nsp,-188.54,5.497348178894984,24,-183.88,5.1623470437389365,7
ss_ACAC,ss,4,rebuild-ss-fb,-159.37,6.4746037716605,8,-129.15,6.156103719074272,2
ss_ACACA,ss,5,nsp,-168.77,6.012866620839021,23,-137.19,6.252903325656011,7
ss_ACAATT,ss,6,nsp,-189.79,5.728650364614704,29,-182.15,3.468266858244918,15
ss_ACACAC,ss,6,nsp,-195.48,3.155395696263772,26,-195.48,6.926384554729848,12
ss_ACACAA,ss,6,nsp,-215.5,6.43287043239644,27,-172.94,6.559404469919509,12
ss_ACACAG,ss,6,nsp,-204.26,2.363714238227631,28,-204.26,5.401199588980222,17
ss_ACACAT,ss,6,nsp,-217.02,6.000411319234704,23,-175.49,5.947015385888963,11
ss_ACACC,ss,5,nsp,-179.61,3.8072801315374942,24,-141.24,4.818676374275418,8
ss_ACACCA,ss,6,nsp,-200.44,2.7094355500731186,28,-200.44,4.970680536908395,12
ss_ACACCC,ss,6,nsp,-184.31,2.4540323958742056,35,-184.31,5.12064576005801,15
ss_ACACCG,ss,6,nsp,-184.04,2.4895955494818844,27,-184.04,4.773563553572956,11
ss_ACACG,ss,5,nsp,-183.78,3.162217734438924,26,-146.25,6.711821660324425,13
ss_ACACCT,ss,6,nsp,-202.75,5.636364874633323,21,-159.25,6.0851515182450475,7
ss_ACACGA,ss,6,nsp,-207.12,6.109599414036904,21,-179.73,6.903030131760977,11
ss_ACACGC,ss,6,nsp,-191.45,2.3617912693546907,29,-191.45,5.617383020588865,11
ss_ACACGG,ss,6,nsp,-198.44,6.359941587782081,28,-194.16,5.57437539101916,16
ss_ACACT,ss,5,nsp,-180.91,2.9809770210452866,25,-161.11,3.376962244384742,11
ss_ACACGT,ss,6,nsp,-207.4,5.464795879079107,17,-168.29,6.437279704968547,6
ss_ACACTA,ss,6,nsp,-185.61,6.010696548653917,20,-180.71,4.635450355682836,7
ss_ACACTC,ss,6,nsp,-190.61,5.976316173028334,20,-177.76,4.75541344154218,5
ss_ACACTG,ss,6,nsp,-192.91,6.353049189168947,23,-156.74,2.9413281013855053,12
ss_ACAG,ss,4,rebuild-ss-fb,-152.88,2.8624386456306907,11,-152.88,2.867299949429768,9
ss_ACACTT,ss,6,nsp,-193.28,5.594102072719104,20,-177.71,6.648686562021111,8
ss_ACAGA,ss,5,nsp,-185.07,3.269817884837032,29,-161.21,3.47778219559536,10
ss_ACAGAA,ss,6,nsp,-188.44,5.997354333370688,23,-186.72,6.223804704519583,6
ss_ACAGAC,ss,6,nsp,-194.67,6.6354196551536875,21,-179.7,3.886258612084385,6
ss_ACAGAG,ss,6,nsp,-196.43,6.556969421920474,23,-160.78,6.732823627572611,12
ss_ACAGAT,ss,6,nsp,-186.53,5.871634269945653,22,-157.16,6.088254347512113,8
ss_ACAGC,ss,5,nsp,-176.26,6.7203574309704734,26,-132.69,4.5967116507346795,10
ss_ACAGCA,ss,6,nsp,-192.93,5.74179640879055,23,-184.39,5.095053385392547,10
ss_ACAGCC,ss,6,nsp,-189.74,3.321577185615302,28,-169.92,6.267253704773714,11
ss_ACAGCG,ss,6,nsp,-183.09,6.399747573146948,20,-167.22,6.337686880873804,10
ss_ACAGG,ss,5,nsp,-172.4,6.4902256509308,23,-139.56,6.692854249122736,9
ss_ACAGCT,ss,6,nsp,-169.91,6.365210837042265,22,-168.59,2.917147407999811,7
ss_ACAGGA,ss,6,nsp,-194.02,6.719987351178576,16,-164.58,6.35207477915682,4
ss_ACAGGC,ss,6,nsp,-196.06,6.404797030351575,23,-168.44,5.122617299779486,6
ss_ACAGGG,ss,6,nsp,-195.91,6.1741374296334,23,-176.23,6.140609416010747,12
ss_ACAGT,ss,5,nsp,-175.6,6.305716136966522,22,-135.67,6.56765544163213,6
ss_ACAGGT,ss,6,nsp,-175.74,6.652263524545628,22,-174.67,3.3561664142292007,12
ss_ACAGTA,ss,6,nsp,-193.78,6.580077355168416,23,-158.53,4.254287954523073,13
ss_ACAGTC,ss,6,nsp,-173.5,5.761601947375411,20,-158.12,3.771761392241049,5
ss_ACAGTG,ss,6,nsp,-187.47,6.465554500582291,21,-178.76,5.454192699199407,9
ss_ACAT,ss,4,rebuild-ss-fb,-138.98,2.938592350088729,6,-135.55,2.7206177607300996,4
ss_ACATA,ss,5,nsp,-180.74,3.6519570096046086,22,-145.75,4.5880438097298155,8
ss_ACAGTT,ss,6,nsp,-171.27,2.8393985278576044,19,-171.27,2.8979145950148433,7
ss_ACATAA,ss,6,nsp,-199.8,2.602262477153288,30,-199.8,5.1897709005311565,16
ss_ACATAC,ss,6,nsp,-188.03,2.3742377724229775,28,-188.03,6.517409684836447,10
ss_ACATAG,ss,6,nsp,-181.37,3.0091050164459197,28,-171.0,4.951355168032294,13
ss_ACATC,ss,5,nsp,-182.73,3.7094012994013155,20,-132.27,6.037566148705948,7
ss_ACATAT,ss,6,nsp,-200.93,6.042011089033188,20,-168.81,3.4868068486797434,9
ss_ACATCA,ss,6,nsp,-201.79,2.4447568386242433,27,-201.79,4.655429840519577,14
ss_ACATCG,ss,6,nsp,-186.3,2.397279082626787,35,-186.3,4.330465679346735,14
ss_ACATCC,ss,6,nsp,-192.19,2.378775525349136,26,-192.19,5.8573364253728935,8
ss_ACATG,ss,5,nsp,-183.27,3.247574171593329,24,-150.77,2.8645908957475936,8
ss_ACATCT,ss,6,nsp,-206.79,2.6604369941797095,27,-206.79,5.317467536337206,14
ss_ACATGC,ss,6,nsp,-195.81,2.356297519414727,25,-195.81,6.305968839123785,10
ss_ACATGA,ss,6,nsp,-207.42,2.6573381418254005,31,-207.42,5.319367349600901,14
ss_ACATGG,ss,6,nsp,-191.54,2.5419303688338934,28,-191.54,4.658748007780626,14
ss_ACATT,ss,5,nsp,-188.56,3.646965450892028,24,-148.86,3.139086650603967,7
ss_ACATGT,ss,6,nsp,-213.72,5.314584273487461,27,-180.66,6.471931628192625,11
ss_ACATTA,ss,6,nsp,-194.25,5.148209591693029,18,-174.07,4.742584738304643,6
ss_ACATTC,ss,6,nsp,-196.68,2.4135107209208777,29,-196.68,6.611751507732277,14
ss_ACATTG,ss,6,nsp,-167.22,3.5570208039875184,19,-167.22,6.709153225258763,3
ss_ACC,ss,3,rebuild-ss-fb,-133.15,2.6388704022744225,12,-133.15,5.709932749166135,6
ss_ACCA,ss,4,rebuild-ss-fb,-170.36,6.429487926732605,14,-129.44,3.10094259863029,9
ss_ACCAA,ss,5,nsp,-167.02,6.4858647071920945,20,-148.9,3.811524760512524,5
ss_ACATTT,ss,6,nsp,-174.24,5.676733303582264,19,-166.62,6.795233991556135,8
ss_ACCAAC,ss,6,nsp,-201.57,2.7324759834260104,30,-152.82,6.033689584325662,11
ss_ACCAAA,ss,6,nsp,-186.92,3.1944243612895264,27,-186.92,6.202954537960111,11
ss_ACCAAG,ss,6,nsp,-177.54,5.571414003643964,23,-165.65,5.646952895146192,9
ss_ACCAC,ss,5,nsp,-180.95,6.140323281391646,31,-138.44,6.899364680896362,11
ss_ACCAAT,ss,6,nsp,-198.72,6.203127114609229,23,-168.35,4.217529845774659,10
ss_ACCACA,ss,6,nsp,-171.46,6.171437271819247,26,-170.19,6.251469107337903,14
ss_ACCACC,ss,6,nsp,-185.63,3.129189511678691,29,-185.63,6.9825672213019105,10
ss_ACCACG,ss,6,nsp,-174.25,2.2208577171894777,26,-174.25,5.656196690356528,16
ss_ACCAG,ss,5,nsp,-207.53,3.9263474120357826,22,-154.78,5.957193382793616,9
ss_ACCACT,ss,6,nsp,-181.46,5.43126918868876,27,-169.33,5.645891692195311,12
ss_ACCAGC,ss,6,nsp,-187.44,2.8470653311787713,28,-167.58,5.260912278303074,10
ss_ACCAGA,ss,6,nsp,-182.42,3.06589024591553,32,-182.42,6.024672356236485,16
ss_ACCAGG,ss,6,nsp,-177.95,4.80418161605077,23,-172.97,5.756618886117093,11
ss_ACCAGT,ss,6,nsp,-208.71,4.968339259752716,21,-167.57,4.876028506889598,13
ss_ACCAT,ss,5,nsp,-189.0,3.85894933887453,19,-137.83,4.170087169352702,4
ss_ACCATA,ss,6,nsp,-178.33,2.622260284563683,21,-178.33,5.755781528168005,9
ss_ACCATC,ss,6,nsp,-185.73,3.7429487038964555,27,-165.01,6.2782323149115715,12
ss_ACCC,ss,4,rebuild-ss-fb,-136.26,6.162099479885098,9,-132.79,5.2417486586062045,4
ss_ACCATG,ss,6,nsp,-177.23,4.137357006592518,18,-146.6,6.256114529002805,5
ss_ACCCA,ss,5,nsp,-190.92,4.350267348106337,20,-153.68,6.742927035049395,7
ss_ACCATT,ss,6,nsp,-189.89,5.702276562917665,20,-164.16,6.592042172195188,8
ss_ACCCAA,ss,6,nsp,-196.68,2.5600115234115512,29,-196.68,6.975300208593182,12
ss_ACCCAC,ss,6,nsp,-216.33,3.1891428315458215,29,-216.33,5.861234170377429,12
ss_ACCCC,ss,5,nsp,-185.8,4.266050280997639,21,-146.53,5.173605126021913,7
ss_ACCCAG,ss,6,nsp,-172.77,3.2174034562050315,25,-163.79,5.193050259722116,10
ss_ACCCAT,ss,6,nsp,-199.61,6.434508994476583,25,-178.67,6.796111314568062,10
ss_ACCCCA,ss,6,nsp,-177.17,3.244022348874919,20,-177.17,6.452874475766604,12
ss_ACCCCC,ss,6,nsp,-190.85,3.194367543035726,26,-190.85,6.034355060816354,9
ss_ACCCCG,ss,6,nsp,-171.71,2.7095822556253935,26,-171.71,4.958483437503865,12
ss_ACCCG,ss,5,nsp,-188.53,3.731266406999121,21,-158.62,6.4465025401375575,6
ss_ACCCCT,ss,6,nsp,-176.38,2.7760671821841845,22,-176.38,5.354961904626407,6
ss_ACCCGA,ss,6,nsp,-174.22,2.931278560628429,27,-174.22,6.991808135239413,14
ss_ACCCGC,ss,6,nsp,-211.69,3.2010770062589984,28,-211.69,5.858296083333451,13
ss_ACCCGG,ss,6,nsp,-182.17,4.102801238178622,27,-169.69,5.707184332050263,12
ss_ACCCT,ss,5,nsp,-188.2,3.7239946294268704,16,-157.53,6.371067179052495,9
ss_ACCCGT,ss,6,nsp,-212.38,5.798917916301295,23,-173.82,6.455585875813285,11
ss_ACCCTA,ss,6,nsp,-186.86,6.16193451766572,19,-165.92,6.337022486941331,5
ss_ACCG,ss,4,rebuild-ss-fb,-170.06,6.5914807896253675,10,-122.46,5.522053694052602,5
ss_ACCCTT,ss,6,nsp,-182.76,5.798119091567537,22,-152.59,6.6998378338583695,7
ss_ACCCTG,ss,6,nsp,-155.92,6.538694135681835,21,-153.85,6.108493185721007,9
ss_ACCCTC,ss,6,nsp,-165.51,4.436349512831477,28,-159.22,5.93708228004295,8
ss_ACCGA,ss,5,nsp,-183.53,5.9055517947097975,22,-157.72,6.74093940041001,8
ss_ACCGAA,ss,6,nsp,-203.73,6.656718260524483,22,-182.69,4.589099475932071,10
ss_ACCGAC,ss,6,nsp,-180.15,3.055510104712459,27,-172.51,6.89649867686494,9
ss_ACCGAG,ss,6,nsp,-193.61,2.217716167592237,26,-193.61,5.66554613431044,13
ss_ACCGC,ss,5,nsp,-199.2,4.063092541402426,22,-137.83,3.8881422299087602,9
ss_ACCGCA,ss,6,nsp,-186.51,3.74256863664517,29,-172.29,6.750277327636248,12
ss_ACCGAT,ss,6,nsp,-186.77,5.836559603053838,22,-180.7,4.669046262353791,9
ss_ACCGCC,ss,6,nsp,-187.47,3.4660809280800113,28,-159.98,4.189229284725302,10
ss_ACCGCG,ss,6,nsp,-168.72,5.8349931448117545,31,-167.01,3.0198783088064887,14
ss_ACCGG,ss,5,nsp,-207.81,3.3925521366664375,20,-153.95,6.122210875165928,7
ss_ACCGCT,ss,6,nsp,-174.37,5.695909058262801,22,-145.2,4.687152013749943,9
ss_ACCGGA,ss,6,nsp,-200.58,6.39721963043322,26,-190.59,6.033702926064558,12
ss_ACCGGC,ss,6,nsp,-198.84,2.635093356979964,28,-151.0,5.572588805932122,9
ss_ACCGT,ss,5,nsp,-204.57,3.9501879702110476,19,-135.99,5.771413951537364,10
ss_ACCGGT,ss,6,nsp,-193.66,5.753493547402326,23,-154.57,3.4114731422070594,10
ss_ACCGGG,ss,6,nsp,-200.3,2.8799315964098935,23,-200.3,6.190714982940184,10
ss_ACCGTA,ss,6,nsp,-183.57,5.33139231345809,23,-165.32,4.766355106367967,8
ss_ACCGTC,ss,6,nsp,-177.81,5.6433158692386005,26,-166.71,6.3827393022118635,9
ss_ACCGTG,ss,6,nsp,-162.03,4.007659416667067,19,-157.32,5.070682892865612,10
ss_ACCT,ss,4,rebuild-ss-fb,-138.27,5.891693304984593,14,-133.92,5.942909304372736,7
ss_ACCGTT,ss,6,nsp,-180.5,5.209992514390009,20,-162.41,4.124920726511004,8
ss_ACCTA,ss,5,nsp,-192.34,5.003881093711177,22,-141.6,6.756171549035738,7
ss_ACCTAC,ss,6,nsp,-169.61,3.253911646003939,20,-169.61,6.040284595944125,11
ss_ACCTAA,ss,6,nsp,-180.58,3.085547115180713,27,-180.58,5.293377466230816,13
ss_ACCTAG,ss,6,nsp,-171.82,2.5044009263694305,27,-171.82,4.701310668313684,12
ss_ACCTAT,ss,6,nsp,-174.3,5.058327885774106,23,-173.97,6.054026511339387,9
ss_ACCTC,ss,5,nsp,-185.4,3.5588270539603393,18,-153.47,2.957622017770358,7
ss_ACCTCA,ss,6,nsp,-192.59,2.9185026983026723,24,-192.59,4.776018739494228,10
ss_ACCTCC,ss,6,nsp,-181.83,6.01616198252673,30,-180.22,5.143166145478876,6
ss_ACCTCG,ss,6,nsp,-171.74,2.6132347770531394,27,-171.74,4.870601810864852,12
ss_ACCTG,ss,5,nsp,-198.36,4.3075047301192875,19,-149.11,6.245734064143305,8
ss_ACCTCT,ss,6,nsp,-192.6,5.817740626738215,22,-180.02,5.569417563803239,6
ss_ACCTGA,ss,6,nsp,-194.34,2.89155217832915,22,-194.34,5.296581350267362,10
ss_ACCTGG,ss,6,nsp,-173.67,4.210020189975349,29,-168.31,5.197139501687446,12
ss_ACCTGC,ss,6,nsp,-183.08,2.9654601666520524,25,-183.08,6.857081959551014,10
ss_ACCTT,ss,5,nsp,-184.39,4.48435881704398,20,-160.9,5.743044227585234,11
ss_ACCTGT,ss,6,nsp,-189.49,2.6856613710592856,29,-189.49,6.153846114423081,7
ss_ACCTTA,ss,6,nsp,-196.63,3.020320512793307,27,-196.63,4.885124563406769,14
ss_ACG,ss,3,rebuild-ss-fb,-133.83,5.2768105897407445,12,-129.94,6.050163055653965,5
ss_ACCTTC,ss,6,nsp,-172.2,2.352125846973336,24,-172.2,6.795982710395893,8
ss_ACGA,ss,4,rebuild-ss-fb,-153.73,3.486782040793489,10,-135.12,3.1263964879713977,3
ss_ACCTTG,ss,6,nsp,-185.39,6.555929834889953,16,-143.92,6.515048196291415,7
ss_ACCTTT,ss,6,nsp,-191.44,5.4668393976776,23,-160.02,3.5250721978422024,13
ss_ACGAA,ss,5,nsp,-167.26,2.708712609340485,24,-157.05,3.419241143879745,8
ss_ACGAAA,ss,6,nsp,-202.24,2.6439886535308856,27,-202.24,4.837213454045637,17
ss_ACGAAC,ss,6,nsp,-189.27,3.1557409589508403,25,-189.27,6.866324052941286,11
ss_ACGAAG,ss,6,nsp,-168.53,2.396791605459254,22,-168.53,4.384547867226453,10
ss_ACGAC,ss,5,nsp,-156.0,5.282250088740609,22,-150.41,5.263725486763155,9
ss_ACGAAT,ss,6,nsp,-202.25,2.542612042762336,24,-202.25,5.6832693056022,12
ss_ACGACA,ss,6,nsp,-176.25,3.1804645887039937,22,-176.25,5.679731771835716,13
ss_ACGACC,ss,6,nsp,-196.37,2.396049665595442,28,-196.37,5.277742888773581,8
ss_ACGACG,ss,6,nsp,-180.33,2.037960990794481,24,-180.33,5.2112197228671935,11
ss_ACGACT,ss,6,nsp,-202.93,2.524600760516391,27,-202.93,5.432377103994157,14
ss_ACGAG,ss,5,nsp,-175.73,3.112288868341132,21,-149.37,3.0330707212328623,9
ss_ACGAGC,ss,6,nsp,-192.62,2.6404414403655907,25,-190.1,6.477633518500421,9
ss_ACGAGA,ss,6,nsp,-191.56,2.743186103785152,26,-191.56,4.754804096910828,11
ss_ACGAGG,ss,6,nsp,-195.9,4.90312665551279,28,-174.3,5.3274967855457325,11
ss_ACGAT,ss,5,nsp,-181.08,3.554191469237415,23,-156.87,6.268656474875623,11
ss_ACGAGT,ss,6,nsp,-196.62,2.712141036155763,27,-196.62,5.702194226786747,10
ss_ACGATA,ss,6,nsp,-193.23,2.920890446422128,27,-193.23,5.4494831865049544,13
ss_ACGC,ss,4,rebuild-ss-fb,-136.95,6.537736152522514,15,-127.96,3.631928138055594,5
ss_ACGATG,ss,6,nsp,-182.93,2.422215101926336,29,-182.93,4.633703270603329,15
ss_ACGATC,ss,6,nsp,-182.82,3.5651589024894883,27,-159.16,3.7619104189228065,10
ss_ACGATT,ss,6,nsp,-184.04,5.088774901683132,22,-173.83,6.8554414883361,8
ss_ACGCA,ss,5,nsp,-170.07,6.939862606709161,25,-154.25,6.37855563587872,11
ss_ACGCAA,ss,6,nsp,-188.16,2.5725110301026928,27,-188.16,4.931402031876937,13
ss_ACGCAC,ss,6,nsp,-191.52,2.584701530157785,24,-191.52,6.509817662577041,8
ss_ACGCAG,ss,6,nsp,-171.63,2.9801164406781324,24,-162.16,6.777281682208586,14
ss_ACGCAT,ss,6,nsp,-190.77,2.629750938777281,29,-190.77,5.4233666665642355,13
ss_ACGCC,ss,5,nsp,-167.0,5.06994230736408,27,-150.31,3.268149476385694,13
ss_ACGCCA,ss,6,nsp,-168.26,2.7287258931596696,27,-168.26,4.917176628920295,10
ss_ACGCCG,ss,6,nsp,-170.18,3.196256091116613,27,-170.18,5.003462900831794,13
ss_ACGCCC,ss,6,nsp,-175.64,3.441542677346888,28,-175.64,6.0526048111536275,10
ss_ACGCG,ss,5,nsp,-176.0,3.334935381682843,19,-166.35,6.501326095497758,7
ss_ACGCCT,ss,6,nsp,-190.53,2.5903161969149715,27,-190.53,5.102185218119783,13
ss_ACGCGA,ss,6,nsp,-195.64,2.545182508190728,31,-195.64,4.765526518654579,12
ss_ACGCGC,ss,6,nsp,-192.06,2.354002124043239,23,-192.06,6.155375374418686,10
ss_ACGCGG,ss,6,nsp,-174.72,2.0418631198001416,27,-174.72,4.166011761865292,12
ss_ACGCGT,ss,6,nsp,-186.14,2.848987714961237,28,-186.14,5.469746337811299,10
ss_ACGCT,ss,5,nsp,-178.96,3.5652105127187417,24,-161.81,3.7897104111000397,10
ss_ACGCTA,ss,6,nsp,-201.58,2.57055110822562,30,-201.58,4.801592548311461,17
ss_ACGCTC,ss,6,nsp,-195.71,2.3141616192479053,28,-195.71,5.963645277848104,11
ss_ACGG,ss,4,rebuild-ss-fb,-158.26,6.705178744821062,8,-142.62,2.9690255977340394,3
ss_ACGCTG,ss,6,nsp,-174.73,2.3809097000936394,24,-174.73,5.050329890215096,13
ss_ACGGA,ss,5,nsp,-180.81,3.2673955989442236,21,-147.97,5.489194203159511,9
ss_ACGCTT,ss,6,nsp,-185.03,5.657183574889543,22,-169.21,6.808823686952109,9
ss_ACGGAA,ss,6,nsp,-187.79,3.219559131309736,21,-164.06,5.747205494847046,11
ss_ACGGAC,ss,6,nsp,-205.54,2.4217047714368576,19,-205.54,6.243905989042447,8
ss_ACGGAG,ss,6,nsp,-178.93,2.766582910378782,23,-178.93,6.313638728973968,13
ss_ACGGAT,ss,6,nsp,-193.9,5.488923847167144,23,-173.47,4.460251338209542,11
ss_ACGGC,ss,5,nsp,-181.17,6.575912788351163,26,-147.07,3.8038367472855734,10
ss_ACGGCA,ss,6,nsp,-199.98,2.7078074156040026,24,-199.98,4.91770485084252,13
ss_ACGGCC,ss,6,nsp,-191.69,2.2421099437806347,26,-191.69,5.166406391293662,6
ss_ACGGCG,ss,6,nsp,-190.4,1.6430003043213406,28,-190.4,4.965197881253072,15
ss_ACGGCT,ss,6,nsp,-183.55,2.555538886419075,30,-183.55,6.5108936406610125,16
ss_ACGGG,ss,5,nsp,-180.08,3.699254114007334,20,-142.65,4.736533120331794,8
ss_ACGGGA,ss,6,nsp,-194.07,2.4022499869913756,25,-194.07,4.447077579714582,11
ss_ACGGGC,ss,6,nsp,-204.83,3.782771206404115,29,-190.41,5.022204097804076,11
ss_ACGGGG,ss,6,nsp,-183.36,3.8351069085489677,22,-172.46,4.694687849048113,10
ss_ACGGGT,ss,6,nsp,-187.47,5.8322740847803205,22,-139.44,2.3963025685417856,8
ss_ACGGT,ss,5,nsp,-173.19,6.8953600341099115,26,-140.38,5.557776983650935,12
ss_ACGGTA,ss,6,nsp,-208.16,6.376093082758431,24,-161.83,3.414548872105942,8
ss_ACGGTC,ss,6,nsp,-198.24,5.956719063377093,30,-197.84,6.029654467712072,18
ss_ACGT,ss,4,rebuild-ss-fb,-154.15,6.4404908198055795,11,-148.54,2.740840929349972,5
ss_ACGGTG,ss,6,nsp,-178.76,6.177785120898915,19,-145.28,6.8089328091852925,9
ss_ACGGTT,ss,6,nsp,-187.71,2.628955305820162,23,-187.71,2.628955305820162,7
ss_ACGTA,ss,5,nsp,-181.67,3.607104240245925,20,-153.64,6.836559734252314,8
ss_ACGTAC,ss,6,nsp,-207.19,2.3214112087262757,22,-207.19,6.03808512692559,11
ss_ACGTAA,ss,6,nsp,-206.38,2.150326021792983,20,-206.38,5.522053603506584,10
ss_ACGTC,ss,5,nsp,-167.56,5.549628005551375,25,-151.52,3.9177422069350114,10
ss_ACGTAG,ss,6,nsp,-195.37,2.611630333718768,22,-195.37,6.397605020630782,11
ss_ACGTAT,ss,6,nsp,-210.46,2.46099492075868,22,-210.46,5.763259234148684,10
ss_ACGTCA,ss,6,nsp,-203.94,2.831998234462728,32,-203.94,4.829625658371468,12
ss_ACGTCG,ss,6,nsp,-186.97,3.5241772089382786,26,-179.98,4.444437984717522,12
ss_ACGTCC,ss,6,nsp,-196.76,2.3443387127290403,23,-196.76,5.40462246600074,7
ss_ACGTG,ss,5,nsp,-184.3,3.5492373828753814,22,-144.71,3.3830910422275156,8
ss_ACGTCT,ss,6,nsp,-201.8,2.5734105774244367,27,-201.8,5.369282819893166,12
ss_ACGTGA,ss,6,nsp,-190.18,3.538313016113755,22,-171.61,6.868780459441114,9
ss_ACGTGG,ss,6,nsp,-186.88,2.9283109466038733,25,-175.58,6.355346253352368,11
ss_ACGTGC,ss,6,nsp,-199.39,2.2511317153823125,31,-199.39,6.169861019504422,16
ss_ACGTT,ss,5,nsp,-187.61,3.701170355441662,22,-149.02,4.756968572525992,9
ss_ACGTGT,ss,6,nsp,-198.64,2.8893021648834116,25,-198.64,5.891906397762946,8
ss_ACGTTA,ss,6,nsp,-203.46,2.885596298860963,34,-203.46,4.81409700774716,16
ss_ACT,ss,3,rebuild-ss-fb,-130.05,2.6971633246802242,9,-130.05,2.9758133341995827,4
ss_ACGTTC,ss,6,nsp,-194.86,2.6338606644999447,31,-194.86,6.753740371083269,16
ss_ACTA,ss,4,rebuild-ss-fb,-137.54,2.9396671580299727,10,-137.54,2.9396671580299727,5
ss_ACGTTG,ss,6,nsp,-192.77,2.7538456746883937,25,-192.77,6.83153965076689,9
ss_ACGTTT,ss,6,nsp,-210.35,2.6029031868281125,30,-210.35,5.754925803170707,17
ss_ACTAA,ss,5,nsp,-182.06,6.0624222056864365,22,-149.62,4.710102440499556,9
ss_ACTAAA,ss,6,nsp,-191.5,3.1886180392138677,28,-191.5,5.999866831855514,10
ss_ACTAAC,ss,6,nsp,-204.12,2.6979128970372495,23,-150.06,6.480235335232806,8
ss_ACTAC,ss,5,nsp,-178.62,6.595246545808603,23,-141.71,4.112130956085912,10
ss_ACTAAG,ss,6,nsp,-180.36,2.1681711187081043,32,-180.36,6.458279879348694,12
ss_ACTACA,ss,6,nsp,-163.54,3.168435102696607,27,-152.32,5.348089939408274,12
ss_ACTAAT,ss,6,nsp,-199.57,5.92673611695342,18,-157.29,6.9387798639242115,8
ss_ACTACC,ss,6,nsp,-174.12,3.2307593534647334,26,-174.12,5.77971331468958,11
ss_ACTACG,ss,6,nsp,-168.41,2.584567081737296,28,-168.41,2.996658972923002,12
ss_ACTACT,ss,6,nsp,-187.08,3.0035995072579107,25,-187.08,5.937090617465764,12
ss_ACTAG,ss,5,nsp,-183.98,3.3276610404306752,21,-182.78,6.646916127047191,8
ss_ACTAGC,ss,6,nsp,-198.58,3.212744776666821,27,-151.37,6.872824746783525,13
ss_ACTAGA,ss,6,nsp,-186.38,2.7204887428548563,25,-186.38,6.938970817059264,12
ss_ACTAT,ss,5,nsp,-180.45,4.166369282720893,23,-150.09,3.7584957097221765,13
ss_ACTAGG,ss,6,nsp,-182.84,6.477554476806823,23,-175.35,6.465438964215814,9
ss_ACTAGT,ss,6,nsp,-196.99,5.847318872782655,26,-174.78,6.303860007963362,12
ss_ACTATA,ss,6,nsp,-183.6,3.6828859607650095,30,-168.0,6.230385541842493,11
ss_ACTATC,ss,6,nsp,-165.19,6.294168491548344,26,-144.39,6.603079660279751,10
ss_ACTC,ss,4,rebuild-ss-fb,-174.58,6.884580016239199,13,-137.93,5.54287154821397,6
ss_ACTATG,ss,6,nsp,-184.86,3.0247859428395802,21,-162.95,5.971994306762178,10
ss_ACTATT,ss,6,nsp,-177.95,6.909959261819147,23,-162.53,4.125370892416823,8
ss_ACTCA,ss,5,nsp,-183.2,6.167750400267519,22,-142.73,4.817326748311785,6
ss_ACTCAA,ss,6,nsp,-172.6,3.427647881565421,32,-166.35,6.097202391261087,13
ss_ACTCAC,ss,6,nsp,-200.56,2.7226437519440423,26,-149.93,6.7296441213484695,11
ss_ACTCAG,ss,6,nsp,-185.78,6.454515086356222,25,-171.42,6.3372711004027655,11
ss_ACTCC,ss,5,nsp,-171.25,3.6819892721191017,22,-150.09,3.2665044007317787,10
ss_ACTCAT,ss,6,nsp,-194.14,6.079388538331798,21,-161.74,5.049467892758609,7
ss_ACTCCA,ss,6,nsp,-181.07,3.247768002798223,28,-181.07,5.909246990945642,10
ss_ACTCCC,ss,6,nsp,-176.68,4.163902136217916,27,-153.02,4.32393801990731,11
ss_ACTCCG,ss,6,nsp,-171.32,2.72554636724456,23,-171.32,5.094000883392143,11
ss_ACTCG,ss,5,nsp,-186.0,3.351731791179009,19,-141.35,5.019701285933273,9
ss_ACTCCT,ss,6,nsp,-164.55,4.607690419288171,27,-163.4,6.235364544274859,10
ss_ACTCGC,ss,6,nsp,-195.98,3.042118505252541,24,-158.48,6.360978383865165,11
ss_ACTCGA,ss,6,nsp,-180.08,3.320822940176134,29,-180.08,5.88839876367082,16
ss_ACTCGG,ss,6,nsp,-192.07,6.471207151683547,28,-170.36,6.3385051865562,9
ss_ACTCGT,ss,6,nsp,-204.78,5.590599341752193,21,-163.41,5.994719843328795,8
ss_ACTCT,ss,5,nsp,-176.41,6.047221758791398,26,-144.32,6.535756880423264,13
ss_ACTCTA,ss,6,nsp,-191.0,6.296795534238057,27,-168.84,3.2590971142327008,15
ss_ACTCTC,ss,6,nsp,-175.27,4.436382986172411,28,-151.32,6.846599886074836,11
ss_ACTCTG,ss,6,nsp,-170.56,2.386375075297261,25,-170.56,3.0025940451549507,12
ss_ACTG,ss,4,rebuild-ss-fb,-173.88,6.924477236586191,13,-134.22,2.8460128249886805,6
ss_ACTGA,ss,5,nsp,-197.7,6.13940469426801,24,-147.29,4.329088010193381,7
ss_ACTCTT,ss,6,nsp,-180.12,5.657021566160055,19,-161.93,2.152554296643878,8
ss_ACTGAA,ss,6,nsp,-191.39,2.8241988244456158,22,-191.39,5.458556036169271,12
ss_ACTGAC,ss,6,nsp,-204.22,2.6036147948573274,26,-204.22,6.122171265164016,16
ss_ACTGAG,ss,6,nsp,-174.64,2.2607312976114704,25,-168.27,5.228251141634269,8
ss_ACTGAT,ss,6,nsp,-193.53,5.833613631360942,28,-169.74,6.504000768757647,13
ss_ACTGC,ss,5,nsp,-191.56,3.5078430694659164,25,-140.78,5.559273783508058,8
ss_ACTGCA,ss,6,nsp,-179.6,5.072924304580139,28,-165.47,5.537000451508009,16
ss_ACTGCC,ss,6,nsp,-172.55,2.8042735244622725,29,-172.55,5.615590975133438,13
ss_ACTGCG,ss,6,nsp,-165.8,2.7259789067415716,27,-165.8,2.7354078306534007,15
ss_ACTGCT,ss,6,nsp,-167.47,6.77761344427373,26,-165.65,5.902890393696968,10
ss_ACTGG,ss,5,nsp,-186.25,3.572658953776594,23,-174.95,6.776922236531866,10
ss_ACTGGA,ss,6,nsp,-187.74,5.7109971983883865,26,-176.38,4.895556148181745,11
ss_ACTGGC,ss,6,nsp,-200.51,3.408943971378835,26,-158.2,5.690698902595358,12
ss_ACTGGG,ss,6,nsp,-174.89,6.235477688196805,26,-173.83,6.264122125246275,10
ss_ACTGGT,ss,6,nsp,-186.49,6.163947842089526,16,-163.52,3.928042896914437,5
ss_ACTGT,ss,5,nsp,-203.9,5.386235977006587,21,-149.71,6.939064346149287,5
ss_ACTGTA,ss,6,nsp,-179.89,5.759494856322049,24,-172.07,5.307297711641971,14
ss_ACTGTC,ss,6,nsp,-169.86,6.959025793888125,16,-155.34,6.926578809195777,9
ss_ACTGTG,ss,6,nsp,-181.02,3.5295588959528756,23,-164.55,6.317940803774593,11
ss_ACTT,ss,4,rebuild-ss-fb,-151.48,3.720551168845851,13,-136.15,5.6185087879258475,7
ss_ACTTA,ss,5,nsp,-187.05,4.026978644095351,19,-147.94,3.138750866188659,8
ss_ACTGTT,ss,6,nsp,-164.3,2.773286317710443,27,-164.3,3.0365480401271383,9
ss_ACTTAA,ss,6,nsp,-173.75,2.9628779927631266,28,-173.75,6.287845417947232,11
ss_ACTTAC,ss,6,nsp,-180.78,6.9057800428337,24,-163.97,6.589011306713621,11
ss_ACTTAG,ss,6,nsp,-190.23,6.1358168975288265,19,-157.66,2.968451111269977,9
ss_ACTTAT,ss,6,nsp,-168.94,4.937504734174962,27,-153.05,6.568297039568181,11
ss_ACTTC,ss,5,nsp,-165.46,2.9148540272198877,20,-165.46,3.368875628455291,7
ss_ACTTCA,ss,6,nsp,-172.69,2.713604429536474,24,-172.69,5.580632670226566,11
ss_ACTTCC,ss,6,nsp,-171.23,3.143001272669175,27,-171.23,6.054663904792736,15
ss_ACTTCG,ss,6,nsp,-160.46,3.53216208574865,24,-156.25,5.924349500156101,10
ss_ACTTG,ss,5,nsp,-170.34,3.846450311651016,21,-144.35,6.186917972625793,8
ss_ACTTCT,ss,6,nsp,-174.82,1.8248251971079328,25,-174.82,5.188375950140849,8
ss_ACTTGC,ss,6,nsp,-166.62,2.9377060778777744,26,-154.73,6.831490174186001,8
ss_ACTTGG,ss,6,nsp,-172.06,2.3914403609540495,22,-172.06,3.247563702223544,9
ss_ACTTGA,ss,6,nsp,-175.14,2.516960667153956,28,-172.57,6.7131752546764325,12
ss_ACTTGT,ss,6,nsp,-174.46,2.757465502957387,24,-161.52,6.060707549453285,11
ss_ACTTT,ss,5,nsp,-173.74,3.321528112179716,26,-147.79,4.35674947638719,9
ss_ACTTTC,ss,6,nsp,-159.59,4.605818385477211,25,-157.13,6.966285164992887,12
ss_ACTTTA,ss,6,nsp,-162.57,2.999330758686012,23,-162.57,6.522197405782809,10
ss_AGA,ss,3,rebuild-ss-fb,-132.0,3.558801764639336,8,-132.0,6.0389493291465834,6
ss_ACTTTG,ss,6,nsp,-169.56,6.695742229208053,23,-150.51,6.133033507164299,8
ss_AGAA,ss,4,rebuild-ss-fb,-136.13,3.4043022780005776,8,-133.1,5.918487729141622,5
ss_ACTTTT,ss,6,nsp,-191.02,6.723596507822295,28,-171.17,6.945467010935985,16
ss_AGAAA,ss,5,nsp,-173.52,3.283176967511802,26,-144.61,6.865064966917658,8
ss_AGAAAA,ss,6,nsp,-196.8,6.87961219837283,22,-183.75,4.655851586981705,11
ss_AGAAC,ss,5,nsp,-171.47,3.260950321608716,23,-143.73,5.97319997991027,11
ss_AGAAAT,ss,6,nsp,-213.94,5.600162944057981,28,-180.14,4.010039027241511,10
ss_AGAAAC,ss,6,nsp,-179.86,3.9095961428260084,22,-179.86,4.929234017573121,9
ss_AGAAAG,ss,6,nsp,-168.68,2.460687099165586,27,-168.68,6.714642954022202,9
ss_AGAACA,ss,6,nsp,-191.96,6.2705730200676335,18,-182.87,6.17221273126585,8
ss_AGAACC,ss,6,nsp,-181.91,2.5337835345585358,26,-181.91,5.713113774466586,14
ss_AGAACG,ss,6,nsp,-161.38,2.962091322022344,28,-150.78,5.172525398680996,13
ss_AGAACT,ss,6,nsp,-205.48,5.490501707494504,26,-184.98,4.828830293145542,6
ss_AGAAG,ss,5,nsp,-182.85,2.9833300186201317,20,-182.85,6.558821921656352,10
ss_AGAAGG,ss,6,nsp,-160.59,2.388160170507847,27,-160.59,2.939097480520172,10
ss_AGAAGA,ss,6,nsp,-208.24,6.060664897517434,28,-172.88,6.000364072287602,9
ss_AGAAGC,ss,6,nsp,-204.7,6.384510787836464,24,-166.38,3.9637469646787693,7
ss_AGAAGT,ss,6,nsp,-201.89,6.086430809596059,25,-178.2,5.422497763946064,11
ss_AGAAT,ss,5,nsp,-183.52,3.103473054498797,21,-139.8,4.749865892843729,3
ss_AGAATA,ss,6,nsp,-191.56,1.9231814786961832,20,-191.56,5.197334797759334,10
ss_AGAATC,ss,6,nsp,-188.88,6.188124594737891,27,-176.42,2.9194098718748114,13
ss_AGAC,ss,4,rebuild-ss-fb,-145.51,5.594417395940368,8,-142.68,2.796588457388757,3
ss_AGAATG,ss,6,nsp,-162.61,2.7297186668226376,24,-162.61,5.659198706530798,12
ss_AGACA,ss,5,nsp,-170.15,3.5130378591754594,23,-147.87,6.101291174825212,11
ss_AGAATT,ss,6,nsp,-193.3,2.815041207513677,26,-193.3,2.815041207513677,9
ss_AGACAA,ss,6,nsp,-201.98,6.276316913604675,24,-185.65,5.370768566974393,12
ss_AGACAC,ss,6,nsp,-209.01,6.40920689321231,27,-176.9,3.095541471213079,10
ss_AGACC,ss,5,nsp,-174.21,3.346278679369089,22,-155.35,3.069705360453992,7
ss_AGACAG,ss,6,nsp,-180.26,2.9549927241873113,19,-180.26,6.199928547975382,8
ss_AGACCA,ss,6,nsp,-194.5,2.512200230873339,20,-194.5,6.319043123764872,8
ss_AGACAT,ss,6,nsp,-201.7,6.585296576464873,21,-173.58,4.708367339110252,9
ss_AGACCC,ss,6,nsp,-168.64,4.584024541819128,28,-163.37,5.561378066630602,10
ss_AGACG,ss,5,nsp,-170.71,3.2715601782636017,20,-146.97,6.022077050320768,8
ss_AGACCG,ss,6,nsp,-169.46,3.57211897898153,21,-169.46,6.613758084478147,11
ss_AGACCT,ss,6,nsp,-197.3,5.596030110712417,19,-168.09,4.855398026938665,9
ss_AGACGA,ss,6,nsp,-199.53,6.605531167135618,20,-180.5,3.5267612621213784,8
ss_AGACGC,ss,6,nsp,-198.39,6.299003730749825,27,-162.04,6.562592323160109,8
ss_AGACGG,ss,6,nsp,-181.95,2.824974690152098,22,-181.95,6.280126272615865,12
ss_AGACT,ss,5,nsp,-180.52,3.1043749773505356,24,-139.11,5.3169487490477145,11
ss_AGACGT,ss,6,nsp,-206.26,5.932185179173018,22,-180.0,4.362052383912878,6
ss_AGACTA,ss,6,nsp,-206.94,5.811722464123721,18,-180.58,5.959059070021032,8
ss_AGACTC,ss,6,nsp,-200.36,5.620039590607876,27,-161.58,3.5140643135833463,12
ss_AGACTG,ss,6,nsp,-172.63,2.9133818836534338,22,-172.63,5.875766588284456,10
ss_AGAG,ss,4,rebuild-ss-fb,-143.27,6.910605038634471,14,-132.25,2.277035353260892,6
ss_AGACTT,ss,6,nsp,-186.5,5.7779391654810635,16,-178.36,4.209859973918381,7
ss_AGAGA,ss,5,nsp,-173.64,3.6480002741228073,20,-148.44,5.7811911402409075,8
ss_AGAGAA,ss,6,nsp,-215.73,6.127751137244406,30,-212.68,4.816286743955366,12
ss_AGAGAC,ss,6,nsp,-208.12,6.263435958002622,25,-170.22,5.281273899354217,9
ss_AGAGC,ss,5,nsp,-191.63,2.90448773452395,22,-147.98,5.46255892416732,6
ss_AGAGAG,ss,6,nsp,-205.93,6.167825062370053,22,-164.46,3.7684301771427497,7
ss_AGAGAT,ss,6,nsp,-190.87,6.031012352831006,18,-185.42,4.000696564349777,6
ss_AGAGCA,ss,6,nsp,-189.77,5.3389929762081625,22,-178.93,5.038576882414326,11
ss_AGAGCC,ss,6,nsp,-179.71,5.533303805142122,29,-161.99,3.5054895521168,10
ss_AGAGCG,ss,6,nsp,-193.27,2.9660178691302588,20,-193.27,5.5353126379636475,7
ss_AGAGG,ss,5,nsp,-182.13,3.392107751826299,24,-177.58,6.553470912424966,9
ss_AGAGCT,ss,6,nsp,-173.49,5.601433209456307,18,-171.63,2.5507285233830896,8
ss_AGAGGC,ss,6,nsp,-176.8,5.433909550222568,27,-150.67,3.564495616493301,11
ss_AGAGGA,ss,6,nsp,-213.04,6.087259235485217,25,-182.49,6.088865329435375,8
ss_AGAGGG,ss,6,nsp,-211.52,6.105925892114972,29,-182.1,4.3853198287012,12
ss_AGAGGT,ss,6,nsp,-182.7,5.748559645685182,24,-141.7,4.322707253562278,8
ss_AGAGT,ss,5,nsp,-182.56,2.891221368211043,24,-153.87,3.6444518106294375,8
ss_AGAGTA,ss,6,nsp,-210.77,5.9809255136642605,23,-174.72,6.601566556507652,14
ss_AGAGTC,ss,6,nsp,-213.73,2.6041622453295785,23,-213.73,2.6041622453295785,10
ss_AGAGTG,ss,6,nsp,-206.92,6.15639594243256,29,-179.74,6.387756491914828,12
ss_AGAT,ss,4,rebuild-ss-fb,-144.41,4.929645220500159,10,-121.42,5.177811120541187,3
ss_AGATA,ss,5,nsp,-175.36,3.125156156098466,18,-149.67,5.823327313486678,9
ss_AGAGTT,ss,6,nsp,-202.34,2.669863854206814,16,-202.34,3.435294164987918,6
ss_AGATAA,ss,6,nsp,-169.7,5.816257387702173,20,-158.31,4.6494982524999475,9
ss_AGATAC,ss,6,nsp,-176.44,3.082477250524331,22,-176.44,6.983816506753307,10
ss_AGATAT,ss,6,nsp,-206.22,5.967834699453408,24,-162.59,5.05353163639054,12
ss_AGATAG,ss,6,nsp,-177.15,2.995427515397419,25,-177.15,6.072243160480312,10
ss_AGATC,ss,5,nsp,-176.71,3.481509155524394,23,-151.22,2.932343942991692,8
ss_AGATCA,ss,6,nsp,-188.5,2.5537693709495346,24,-188.5,4.572825056789306,13
ss_AGATCC,ss,6,nsp,-190.57,2.2330743382162757,27,-190.57,4.914881382088485,13
ss_AGATCG,ss,6,nsp,-167.8,6.495694958970902,23,-156.0,5.8041251709452375,10
ss_AGATG,ss,5,nsp,-172.51,3.587368952310322,20,-144.85,5.859781395239938,8
ss_AGATCT,ss,6,nsp,-211.15,6.114685601075518,25,-201.29,6.921615562858147,10
ss_AGATGA,ss,6,nsp,-180.62,3.0876696714512746,27,-180.62,6.52240469458925,13
ss_AGATGC,ss,6,nsp,-181.32,2.8949879101647458,26,-181.32,6.733587750969009,12
ss_AGATGG,ss,6,nsp,-167.78,3.2301995294408794,29,-162.68,2.7222913143159304,10
ss_AGATGT,ss,6,nsp,-204.82,5.298867143078802,26,-172.66,5.220870138204927,12
ss_AGATT,ss,5,nsp,-174.77,4.022972284269462,22,-144.28,6.535727197489193,6
ss_AGATTA,ss,6,nsp,-172.59,3.0559623688782662,24,-172.59,6.325727863258101,12
ss_AGC,ss,3,rebuild-ss-fb,-139.07,3.1645070706193654,14,-139.07,5.592033798181125,9
ss_AGATTC,ss,6,nsp,-170.34,3.4140616573225775,25,-157.49,6.332832383696887,12
ss_AGCA,ss,4,rebuild-ss-fb,-175.22,6.295577177670075,12,-131.72,6.152435859072402,7
ss_AGATTG,ss,6,nsp,-167.76,3.7107778160380427,23,-167.76,6.672411558050057,14
ss_AGATTT,ss,6,nsp,-203.81,2.8898345973429036,22,-203.81,2.8898345973429036,7
ss_AGCAA,ss,5,nsp,-194.91,3.37736746594151,25,-153.14,5.655541795442765,9
ss_AGCAAA,ss,6,nsp,-170.72,5.52769635562591,24,-163.47,6.583105422215259,8
ss_AGCAAG,ss,6,nsp,-169.25,2.8136879713287355,21,-169.25,5.680074823450843,12
ss_AGCAAC,ss,6,nsp,-202.73,2.576175071690577,21,-202.73,5.987822058144333,8
ss_AGCAC,ss,5,nsp,-187.25,3.095134730508526,21,-154.64,6.008593679056704,10
ss_AGCAAT,ss,6,nsp,-193.48,6.243097468404608,29,-157.94,6.1539133078066675,11
ss_AGCACA,ss,6,nsp,-166.49,4.222176097701287,26,-163.72,4.553751200933142,17
ss_AGCACC,ss,6,nsp,-173.38,3.8367100489873027,29,-169.22,5.099230726295881,12
ss_AGCACG,ss,6,nsp,-182.31,6.962221269106585,22,-152.46,6.235522271630508,11
ss_AGCAG,ss,5,nsp,-205.54,3.965304275840653,19,-160.66,5.597045381270375,6
ss_AGCACT,ss,6,nsp,-199.79,5.742213249261997,21,-173.14,4.609745112259476,10
ss_AGCAGA,ss,6,nsp,-154.19,4.459033639702673,23,-151.35,6.3258164690417695,11
ss_AGCAGC,ss,6,nsp,-183.36,4.747902800184538,24,-157.92,6.629582264366281,10
ss_AGCAT,ss,5,nsp,-196.42,3.4564387742299223,29,-157.24,6.782812764627959,12
ss_AGCAGG,ss,6,nsp,-168.16,5.940584314694979,24,-164.62,4.408618150849542,11
ss_AGCAGT,ss,6,nsp,-208.85,5.4088725257672765,25,-173.42,5.140919081253856,10
ss_AGCATA,ss,6,nsp,-186.96,6.9105700922572275,21,-147.49,6.562903778054348,8
ss_AGCC,ss,4,rebuild-ss-fb,-136.07,2.8616462045473177,12,-136.07,3.190474259416606,7
ss_AGCATC,ss,6,nsp,-159.38,3.6900978306814625,28,-158.0,6.23018490897342,14
ss_AGCATG,ss,6,nsp,-193.77,6.624451298032169,22,-154.09,4.4225609096992615,9
ss_AGCCA,ss,5,nsp,-208.23,3.203477641563944,20,-145.52,5.849288076338875,8
ss_AGCATT,ss,6,nsp,-181.0,5.798098826339551,26,-168.1,6.397048772676349,10
ss_AGCCAA,ss,6,nsp,-195.35,6.015797453372265,27,-167.1,6.5393636540568725,14
ss_AGCCAC,ss,6,nsp,-184.0,3.494985836881203,21,-147.36,5.196027136187815,8
ss_AGCCAG,ss,6,nsp,-197.83,6.466197800871869,17,-169.48,5.9355299679135705,5
ss_AGCCC,ss,5,nsp,-197.75,3.530616376781836,23,-144.44,4.0289032006242085,6
ss_AGCCAT,ss,6,nsp,-214.43,5.518183124906257,22,-172.98,5.31244058790307,12
ss_AGCCCC,ss,6,nsp,-186.9,3.281870960290786,31,-186.9,6.378803884742032,12
ss_AGCCCA,ss,6,nsp,-172.5,3.062537836500966,25,-172.5,6.82176377486058,12
ss_AGCCCG,ss,6,nsp,-188.83,6.3824397372791655,20,-147.74,4.260730571157953,8
ss_AGCCG,ss,5,nsp,-218.38,3.1414584192696444,25,-176.1,6.1821845653458265,14
ss_AGCCCT,ss,6,nsp,-201.92,5.85047305779628,25,-174.9,5.485897829890746,11
ss_AGCCGA,ss,6,nsp,-193.18,6.294065935466544,21,-167.05,6.179448276343132,10
ss_AGCCGC,ss,6,nsp,-182.16,3.5664978620490095,23,-158.59,6.735529303625661,11
ss_AGCCT,ss,5,nsp,-204.2,3.3467602244558896,23,-154.97,6.513577665154535,9
ss_AGCCGG,ss,6,nsp,-172.28,5.317384601474691,24,-157.9,3.493419241946203,7
ss_AGCCGT,ss,6,nsp,-205.79,6.161850128005394,22,-176.1,5.0839478754212415,8
ss_AGCCTA,ss,6,nsp,-197.4,6.7719613850050955,22,-170.29,5.12798693446074,13
ss_AGCCTG,ss,6,nsp,-191.44,6.702983664011132,18,-160.07,5.907665951964456,8
ss_AGCCTC,ss,6,nsp,-153.29,6.449897208483268,21,-149.57,5.760447378459419,10
ss_AGCG,ss,4,rebuild-ss-fb,-168.72,6.027627559828168,10,-137.17,6.000548224954121,7
ss_AGCCTT,ss,6,nsp,-190.3,5.019855177193881,22,-170.04,6.840977196278317,8
ss_AGCGA,ss,5,nsp,-217.58,3.520350266663823,20,-148.01,5.957199425904767,8
ss_AGCGAA,ss,6,nsp,-200.28,6.509126362270136,23,-174.19,3.4968615929144247,11
ss_AGCGAC,ss,6,nsp,-186.4,2.218592797247852,23,-186.4,3.531015434687312,8
ss_AGCGAG,ss,6,nsp,-181.31,6.469596123406803,20,-161.99,5.8309203390202535,8
ss_AGCGC,ss,5,nsp,-218.43,3.88559287625454,22,-150.99,6.0955866001558965,8
ss_AGCGAT,ss,6,nsp,-181.51,4.524244688343011,26,-164.05,3.642179841798044,9
ss_AGCGCA,ss,6,nsp,-195.81,5.381773034976484,15,-176.83,5.225955702070209,7
ss_AGCGCC,ss,6,nsp,-190.35,3.068690600239787,25,-190.35,5.989643478538596,11
ss_AGCGG,ss,5,nsp,-209.67,3.675219993415388,18,-135.25,4.823738384282478,4
ss_AGCGCG,ss,6,nsp,-186.62,6.305375880944773,19,-161.47,5.887993546192124,7
ss_AGCGCT,ss,6,nsp,-181.66,6.387914370121132,26,-173.83,6.878830714590978,9
ss_AGCGGA,ss,6,nsp,-194.8,3.688587263438419,28,-194.8,6.392034887264003,14
ss_AGCGGC,ss,6,nsp,-193.22,5.960726214145391,22,-165.78,3.919256179429974,10
ss_AGCGGG,ss,6,nsp,-161.57,3.903992571714256,22,-152.81,3.9996287327700717,9
ss_AGCGT,ss,5,nsp,-217.27,3.487353294405377,24,-153.77,5.98983630828088,8
ss_AGCGGT,ss,6,nsp,-197.82,6.001285612266773,23,-151.54,2.9041208652533803,6
ss_AGCGTA,ss,6,nsp,-199.99,6.21585537154785,24,-183.06,6.767803558023829,11
ss_AGCGTC,ss,6,nsp,-194.46,2.50118072117949,29,-194.46,2.888759422312635,11
ss_AGCT,ss,4,rebuild-ss-fb,-185.15,6.508461338903411,11,-133.07,3.0779580893832623,5
ss_AGCGTG,ss,6,nsp,-190.67,6.877078594868625,24,-156.32,3.1966850016853403,11
ss_AGCGTT,ss,6,nsp,-179.04,4.223030665292406,29,-175.75,3.013057085420068,10
ss_AGCTA,ss,5,nsp,-208.26,3.7197534864558075,18,-151.34,5.3760840767235205,6
ss_AGCTAA,ss,6,nsp,-195.72,5.751585868262779,24,-159.5,5.7944194704905545,9
ss_AGCTAC,ss,6,nsp,-176.53,4.652159068647591,24,-159.24,6.183766247199197,9
ss_AGCTC,ss,5,nsp,-199.99,3.451690165701449,20,-153.21,5.7188913261225665,8
ss_AGCTAT,ss,6,nsp,-181.93,6.441696903766897,22,-160.12,5.752370120220008,11
ss_AGCTAG,ss,6,nsp,-193.68,6.540814398834474,24,-155.32,5.719597276032652,8
ss_AGCTCA,ss,6,nsp,-182.71,3.202806737847298,25,-173.59,5.665174136776391,13
ss_AGCTCC,ss,6,nsp,-184.95,3.0484988108903686,27,-180.91,5.278610612651788,10
ss_AGCTCG,ss,6,nsp,-180.06,6.454888147752861,20,-171.92,6.763049977635838,9
ss_AGCTG,ss,5,nsp,-215.21,3.1155907946969132,23,-144.43,6.190633327859133,10
ss_AGCTCT,ss,6,nsp,-182.85,4.526982880462434,23,-147.39,6.634076876250395,10
ss_AGCTGA,ss,6,nsp,-196.67,6.257592508305426,20,-142.02,5.426134351451323,6
ss_AGCTGT,ss,6,nsp,-188.24,6.936918984679011,22,-160.21,5.942113428738977,7
ss_AGCTGC,ss,6,nsp,-168.33,2.7952905036865325,24,-168.33,6.703341107239,10
ss_AGCTGG,ss,6,nsp,-184.23,6.610475020753047,26,-175.68,3.706731444278107,11
ss_AGCTT,ss,5,nsp,-201.05,3.375190216861876,24,-148.22,5.667546294473481,12
ss_AGCTTA,ss,6,nsp,-198.92,5.821917295874271,20,-153.61,4.104061646710491,5
ss_AGCTTC,ss,6,nsp,-186.05,6.311490315290052,19,-158.17,2.6371334816425414,10
ss_AGG,ss,3,rebuild-ss-fb,-141.77,3.4202872686369457,11,-141.77,5.871134472995827,5
ss_AGGA,ss,4,rebuild-ss-fb,-146.81,2.458569502780026,10,-146.81,2.944996774191777,5
ss_AGCTTG,ss,6,nsp,-187.73,6.226203096591057,26,-151.46,3.9023186697142145,12
ss_AGGAA,ss,5,nsp,-174.86,3.364942941566784,20,-154.25,3.099782411718606,9
ss_AGCTTT,ss,6,nsp,-199.97,6.0453143838844365,23,-156.03,2.7616373766300324,13
ss_AGGAAA,ss,6,nsp,-179.02,2.5190121079502683,23,-179.02,4.716239709768799,13
ss_AGGAAC,ss,6,nsp,-201.49,2.518316898247709,23,-201.49,6.221906058435791,11
ss_AGGAC,ss,5,nsp,-177.2,3.659405552818664,20,-141.58,5.855036293653529,8
ss_AGGAAT,ss,6,nsp,-209.15,5.996507066618035,22,-167.32,5.762916449160096,8
ss_AGGAAG,ss,6,nsp,-176.63,6.539729275742231,27,-161.66,4.404810552112307,13
ss_AGGACA,ss,6,nsp,-184.73,2.4488188989796704,23,-184.73,4.3124741158643465,12
ss_AGGACC,ss,6,nsp,-191.1,2.499348315061352,27,-191.1,5.11106065313257,11
ss_AGGACG,ss,6,nsp,-170.96,3.0130879509234405,28,-170.96,6.625004830186923,13
ss_AGGACT,ss,6,nsp,-194.82,2.5849359759963186,28,-194.82,5.420872070064014,15
ss_AGGAG,ss,5,nsp,-188.71,3.5856744135518177,20,-145.07,4.9329068509348675,6
ss_AGGAGA,ss,6,nsp,-190.55,2.9338420202866975,27,-190.55,5.323316729258183,11
ss_AGGAGC,ss,6,nsp,-201.22,2.628715465774114,28,-201.22,6.935745165445457,13
ss_AGGAGG,ss,6,nsp,-180.08,3.1086083703162335,24,-180.08,6.395411949202341,11
ss_AGGAT,ss,5,nsp,-174.22,4.170248074155781,28,-139.04,5.470350445812423,10
ss_AGGAGT,ss,6,nsp,-206.1,5.810197673057271,26,-164.49,5.832971369722294,12
ss_AGGATA,ss,6,nsp,-174.2,2.8998574102876074,27,-174.2,6.192452260615334,12
ss_AGGC,ss,4,rebuild-ss-fb,-134.34,2.697237290265721,10,-134.34,2.730415536140978,4
ss_AGGATC,ss,6,nsp,-185.52,2.5003473758659993,27,-185.52,6.519986809802602,13
ss_AGGATG,ss,6,nsp,-175.78,2.7844981594535168,25,-175.78,5.585395778277486,11
ss_AGGATT,ss,6,nsp,-176.12,4.980783572892927,18,-174.97,6.125494020893327,3
ss_AGGCA,ss,5,nsp,-175.99,3.648018229121136,22,-145.67,5.8984351314564805,11
ss_AGGCAC,ss,6,nsp,-191.31,3.1935200015030594,27,-164.85,5.910726689671927,11
ss_AGGCAA,ss,6,nsp,-177.43,2.7668556160378004,25,-168.43,5.752861635742685,10
ss_AGGCAG,ss,6,nsp,-173.28,6.284902147209617,27,-160.06,3.611909328873035,12
ss_AGGCC,ss,5,nsp,-173.28,4.166485449392594,24,-140.75,5.932436093208258,8
ss_AGGCAT,ss,6,nsp,-200.04,5.76513616491409,21,-197.43,6.659416941444668,6
ss_AGGCCA,ss,6,nsp,-184.63,2.332676788584311,26,-184.63,4.244639560669441,13
ss_AGGCCC,ss,6,nsp,-185.65,2.1927710778829725,24,-185.65,5.545650728273468,9
ss_AGGCCG,ss,6,nsp,-168.12,2.4957335594970838,25,-168.12,4.5576828542582986,14
ss_AGGCG,ss,5,nsp,-185.99,3.5301599113921363,25,-143.02,2.6778231831097385,7
ss_AGGCCT,ss,6,nsp,-187.83,2.671668018298691,27,-187.83,5.6022099210936425,12
ss_AGGCGA,ss,6,nsp,-194.38,3.3251030059232827,27,-173.4,4.772488868504576,14
ss_AGGCGC,ss,6,nsp,-194.71,2.7415904143398215,25,-194.71,6.542173186334956,11
ss_AGGCGG,ss,6,nsp,-186.81,5.849632552562608,29,-170.12,6.1989141791123545,11
ss_AGGCGT,ss,6,nsp,-200.34,6.0095216115761,23,-176.26,3.278525583246231,10
ss_AGGCT,ss,5,nsp,-187.46,3.7711127005169387,27,-152.87,5.764042852026689,12
ss_AGGCTA,ss,6,nsp,-179.69,3.2208629278502463,23,-179.69,6.2927822940254385,13
ss_AGGCTC,ss,6,nsp,-181.34,2.444739045378881,25,-181.34,6.164781747961576,9
ss_AGGCTG,ss,6,nsp,-183.37,3.1691651897621305,26,-183.37,5.108160236327752,12
ss_AGGG,ss,4,rebuild-ss-fb,-138.86,2.6972923460388976,8,-138.86,2.6972923460388976,4
ss_AGGCTT,ss,6,nsp,-194.31,2.752435648657383,25,-194.31,4.2590201924855995,9
ss_AGGGA,ss,5,nsp,-172.41,4.559908990319868,22,-156.16,6.114363253847464,7
ss_AGGGAA,ss,6,nsp,-199.72,6.752780908633134,25,-188.23,6.709759608212504,7
ss_AGGGAC,ss,6,nsp,-198.53,2.6770771374766227,22,-198.53,6.9781917428514415,12
ss_AGGGC,ss,5,nsp,-169.57,3.318681665963169,21,-146.36,6.650792659525643,10
ss_AGGGAT,ss,6,nsp,-197.36,5.960884162605407,20,-185.93,3.41176992190271,9
ss_AGGGAG,ss,6,nsp,-171.65,3.108633300986162,22,-165.03,6.6989440959004805,9
ss_AGGGCA,ss,6,nsp,-185.14,2.3428642726372235,26,-185.14,4.993754999997495,12
ss_AGGGCC,ss,6,nsp,-183.76,2.4165707107386813,27,-183.76,5.291675538050314,13
ss_AGGGCG,ss,6,nsp,-175.43,3.2907338087423685,27,-175.43,6.870950516486062,12
ss_AGGGG,ss,5,nsp,-184.8,3.442610346815358,19,-176.15,6.58424004726438,10
ss_AGGGCT,ss,6,nsp,-196.51,5.282432583573604,28,-168.69,3.110364769605012,10
ss_AGGGGA,ss,6,nsp,-202.35,6.37127153714235,26,-165.03,3.521976007868323,11
ss_AGGGGC,ss,6,nsp,-195.9,2.3483349420387265,24,-195.9,5.852032894644401,9
ss_AGGGGG,ss,6,nsp,-166.38,5.601828094470591,25,-156.31,3.4453065175685023,7
ss_AGGGGT,ss,6,nsp,-195.12,6.329383066302753,19,-154.26,6.692578352174898,8
ss_AGGGT,ss,5,nsp,-172.43,4.07055610451449,24,-148.38,6.669601937147379,11
ss_AGGGTA,ss,6,nsp,-192.12,5.865214488831611,22,-164.15,3.0987265126177315,10
ss_AGGGTG,ss,6,nsp,-172.03,3.3257184186277833,26,-159.17,3.359188294811707,11
ss_AGGGTC,ss,6,nsp,-195.66,5.45747414102898,32,-169.19,1.7976189807631744,11
ss_AGGT,ss,4,rebuild-ss-fb,-137.46,3.6000140277504435,16,-137.46,5.942194712393722,8
ss_AGGTA,ss,5,nsp,-178.5,3.696520931903405,26,-162.18,5.946109063917347,11
ss_AGGGTT,ss,6,nsp,-196.42,2.7599199263746583,26,-196.42,2.7776441456745413,8
ss_AGGTAC,ss,6,nsp,-182.43,3.2835314830225055,26,-182.43,6.242693729472875,12
ss_AGGTAA,ss,6,nsp,-202.31,2.9510121992292824,27,-202.31,6.6487283746593215,14
ss_AGGTC,ss,5,nsp,-170.94,2.9746697295666427,21,-150.25,6.1176042696467405,7
ss_AGGTAG,ss,6,nsp,-180.08,2.9354171764844725,20,-180.08,3.403752194270321,10
ss_AGGTAT,ss,6,nsp,-209.12,2.638312528871442,19,-209.12,6.081762737891043,7
ss_AGGTCA,ss,6,nsp,-200.82,3.5950802494520384,26,-174.21,6.8570896158647425,14
ss_AGGTCC,ss,6,nsp,-179.09,4.152552949692506,21,-176.91,6.516007136276027,6
ss_AGGTCG,ss,6,nsp,-191.73,3.121638992580667,25,-170.27,6.301649704640863,12
ss_AGGTG,ss,5,nsp,-177.38,3.859937046118767,19,-148.09,5.696738189525657,9
ss_AGGTCT,ss,6,nsp,-198.6,2.539442655387199,29,-198.6,5.820178777322906,12
ss_AGGTGA,ss,6,nsp,-194.07,2.479181518162809,23,-194.07,4.469170952201312,11
ss_AGGTGC,ss,6,nsp,-196.59,2.5125272137829717,28,-196.59,6.195312663619162,13
ss_AGGTGG,ss,6,nsp,-181.49,3.1629785013496488,30,-180.15,6.250874898764164,10
ss_AGGTT,ss,5,nsp,-185.12,3.6714655112094006,25,-151.74,5.602311308736785,9
ss_AGGTGT,ss,6,nsp,-203.59,2.8503973407228904,23,-203.59,5.932527370354068,8
ss_AGGTTA,ss,6,nsp,-172.65,3.6389817257029686,22,-170.23,6.767580217478032,12
ss_AGT,ss,3,rebuild-ss-fb,-151.99,3.0656426732416318,14,-151.99,5.510543167420082,6
ss_AGGTTC,ss,6,nsp,-196.09,2.507209404896208,23,-196.09,6.385123334752427,10
ss_AGTA,ss,4,rebuild-ss-fb,-151.03,3.194216022751131,11,-151.03,5.375295433741303,9
ss_AGGTTG,ss,6,nsp,-170.05,3.7262553589361262,22,-170.05,6.892509775110957,11
ss_AGGTTT,ss,6,nsp,-174.21,3.323237277114003,22,-174.21,5.042794959147172,10
ss_AGTAA,ss,5,nsp,-192.76,3.37417664030799,25,-147.67,6.151791121291423,11
ss_AGTAAA,ss,6,nsp,-190.04,2.9789488078850916,24,-190.04,5.5392715225018545,14
ss_AGTAAC,ss,6,nsp,-181.8,6.956249779874218,25,-180.68,5.279475447428476,12
ss_AGTAAG,ss,6,nsp,-183.56,6.0347312284806955,31,-156.38,3.7525817779230306,15
ss_AGTAC,ss,5,nsp,-189.16,3.8291087735921256,22,-142.44,3.4115706060405513,9
ss_AGTAAT,ss,6,nsp,-183.13,2.604484209973273,23,-183.13,5.62007428776524,10
ss_AGTACA,ss,6,nsp,-182.6,6.957789591529786,24,-158.99,6.904757635138243,14
ss_AGTACC,ss,6,nsp,-179.77,2.842868621656662,25,-179.77,6.100189013465068,13
ss_AGTACG,ss,6,nsp,-182.9,6.774247485883605,21,-161.23,5.519037778453778,11
ss_AGTAG,ss,5,nsp,-205.03,3.5118216070865627,26,-162.61,5.9848796980390535,11
ss_AGTACT,ss,6,nsp,-179.69,6.933610098642722,21,-151.68,6.074514466193985,9
ss_AGTAGC,ss,6,nsp,-179.12,2.563572702304355,25,-179.12,5.399236797918762,12
ss_AGTAGA,ss,6,nsp,-189.51,2.765046473388849,26,-189.51,5.530179924740258,10
ss_AGTAGG,ss,6,nsp,-187.59,6.2977676203556605,21,-177.81,4.994709701273936,8
ss_AGTAT,ss,5,nsp,-195.99,3.386615124279721,25,-153.97,6.83819354800667,13
ss_AGTATA,ss,6,nsp,-176.25,3.917419175937147,24,-159.97,4.103964181130239,11
ss_AGTAGT,ss,6,nsp,-192.91,6.039293501726844,28,-178.82,5.776061720584359,12
ss_AGTATG,ss,6,nsp,-197.67,6.07667746387778,24,-156.18,4.321303738456721,10
ss_AGTATC,ss,6,nsp,-197.11,6.595386341981798,25,-154.95,3.401752636509594,12
ss_AGTC,ss,4,rebuild-ss-fb,-185.33,6.200727134780246,13,-140.76,2.871459210923938,9
ss_AGTATT,ss,6,nsp,-183.82,3.6854026917014284,22,-167.12,6.325041343738401,11
ss_AGTCA,ss,5,nsp,-194.99,3.6827788421245273,23,-154.26,6.218391592686971,9
ss_AGTCAA,ss,6,nsp,-174.71,5.262078866759792,30,-165.74,5.095347780083314,16
ss_AGTCAC,ss,6,nsp,-179.39,6.663642922606243,24,-172.18,5.691676554408199,10
ss_AGTCAG,ss,6,nsp,-198.07,6.030483479788339,22,-160.68,2.549541527412326,12
ss_AGTCC,ss,5,nsp,-187.33,3.3987175522540847,22,-152.34,5.466930125765298,8
ss_AGTCAT,ss,6,nsp,-180.17,6.560979347627918,18,-168.59,4.959478803261505,10
ss_AGTCCA,ss,6,nsp,-181.25,5.944037180233662,21,-162.98,2.7253276867195324,10
ss_AGTCCC,ss,6,nsp,-171.96,3.6516064957768988,28,-160.75,5.6280272742764925,9
ss_AGTCCG,ss,6,nsp,-164.68,2.740425514404633,23,-164.68,5.801839449691802,8
ss_AGTCCT,ss,6,nsp,-175.02,6.126158829152269,21,-159.85,5.7168248180261765,11
ss_AGTCG,ss,5,nsp,-202.76,3.3600263391824936,22,-149.6,5.708991942541166,11
ss_AGTCGA,ss,6,nsp,-190.25,6.215179643421426,25,-161.84,6.197697152975455,12
ss_AGTCGC,ss,6,nsp,-185.16,6.754566529393296,23,-149.75,5.696953835164898,10
ss_AGTCGT,ss,6,nsp,-187.41,6.844738855500651,19,-174.75,5.22242836236171,10
ss_AGTCGG,ss,6,nsp,-196.02,6.432437018735598,21,-169.99,6.83961468212941,10
ss_AGTCT,ss,5,nsp,-187.01,3.4944498851750807,22,-144.83,5.9666707634995255,10
ss_AGTCTA,ss,6,nsp,-195.5,6.065394133937227,23,-178.39,5.06427329436317,12
ss_AGTCTC,ss,6,nsp,-183.86,6.850566837860959,16,-165.03,6.047112203357904,8
ss_AGTCTG,ss,6,nsp,-179.75,6.451063323204944,27,-164.67,4.2515386626490805,12
ss_AGTCTT,ss,6,nsp,-163.15,2.437958777338135,25,-163.15,3.2574758633027594,8
ss_AGTG,ss,4,rebuild-ss-fb,-145.25,3.5263196111526995,10,-145.25,5.8251933015137,5
ss_AGTGA,ss,5,nsp,-214.0,3.2969563236415786,21,-165.73,6.18767557326659,6
ss_AGTGAA,ss,6,nsp,-185.9,6.984681023497078,20,-153.16,4.674780315694008,11
ss_AGTGAC,ss,6,nsp,-181.91,6.951276573407236,27,-144.74,6.9078455396744305,11
ss_AGTGAG,ss,6,nsp,-185.01,6.002160777586694,23,-177.06,5.608167882651163,12
ss_AGTGC,ss,5,nsp,-207.21,3.122967338926241,19,-170.07,6.29914875201405,9
ss_AGTGAT,ss,6,nsp,-194.76,6.063639913451327,27,-159.61,5.727638256733747,10
ss_AGTGCC,ss,6,nsp,-187.56,2.9193713364352947,26,-187.56,6.03450437070022,15
ss_AGTGCA,ss,6,nsp,-177.04,6.634835717634634,23,-154.9,5.852783098663414,13
ss_AGTGCG,ss,6,nsp,-178.76,6.331741782479781,20,-168.12,3.9539217240607987,11
ss_AGTGG,ss,5,nsp,-202.69,3.554652303671931,22,-182.16,5.66679706712707,9
ss_AGTGCT,ss,6,nsp,-198.54,2.8467007218884146,22,-198.54,3.7564754757618344,10
ss_AGTGGA,ss,6,nsp,-184.17,3.0955881509012353,31,-184.17,5.89742062261122,18
ss_AGTGGC,ss,6,nsp,-185.26,5.708364827163722,21,-178.29,5.291101019636652,14
ss_AGTGT,ss,5,nsp,-216.05,3.9291287838400133,27,-149.0,6.965267044414037,8
ss_AGTGGG,ss,6,nsp,-186.84,5.373364774515145,27,-175.16,5.921533078519453,11
ss_AGTGGT,ss,6,nsp,-173.48,5.104330514376985,26,-172.88,4.974820800792734,14
ss_AGTGTA,ss,6,nsp,-198.98,6.2287602297728775,29,-176.9,3.009737197829737,15
ss_AGTGTC,ss,6,nsp,-208.39,6.784859762736467,18,-174.38,5.449070654708017,8
ss_AGTGTG,ss,6,nsp,-185.63,6.992136511825276,24,-184.99,3.87824883162491,10
ss_AGTT,ss,4,rebuild-ss-fb,-175.52,6.1276731309690655,13,-153.46,5.677271703908497,10
ss_AGTTA,ss,5,nsp,-195.36,3.8486374212180814,25,-151.41,5.143327327713069,11
ss_AGTGTT,ss,6,nsp,-182.15,2.572962494868499,27,-182.15,3.3422390698452555,6
ss_AGTTAA,ss,6,nsp,-187.61,6.281070848191439,22,-168.09,2.73080299545757,11
ss_AGTTAC,ss,6,nsp,-191.13,5.879834266371827,22,-168.01,4.2101840814862195,10
ss_AGTTAG,ss,6,nsp,-194.82,5.950410574069665,21,-159.28,4.107934274060376,7
ss_AGTTC,ss,5,nsp,-194.57,4.079676580318589,21,-145.23,5.881015898635189,6
ss_AGTTAT,ss,6,nsp,-159.96,2.559510304726277,24,-159.96,5.523377499320509,9
ss_AGTTCA,ss,6,nsp,-177.92,5.486296838487696,22,-155.16,5.5168785558502185,13
ss_AGTTCC,ss,6,nsp,-178.51,3.6398831025185494,24,-176.96,5.6447807751940315,12
ss_AGTTCG,ss,6,nsp,-181.86,6.295567806004481,21,-165.72,5.130462064960624,11
ss_AGTTG,ss,5,nsp,-199.22,3.286571770097233,22,-151.76,5.932939996325593,8
ss_AGTTCT,ss,6,nsp,-183.3,5.604189415071557,21,-164.0,5.155638854691037,11
ss_AGTTGA,ss,6,nsp,-162.93,2.3979854044593516,23,-162.93,2.598030792735139,12
ss_AGTTGC,ss,6,nsp,-178.71,3.8523556429800245,22,-165.57,5.882333720556844,11
ss_AGTTGG,ss,6,nsp,-188.05,6.29723836296515,18,-183.07,6.106642121493618,8
ss_AGTTGT,ss,6,nsp,-188.42,6.2659960900083655,24,-150.81,4.342136110257252,9
ss_AGTTT,ss,5,nsp,-192.15,3.6261496108130995,21,-145.18,3.3104401520039675,10
ss_ATA,ss,3,rebuild-ss-fb,-139.71,3.079528210619278,11,-139.71,5.815908097623281,4
ss_AGTTTA,ss,6,nsp,-187.18,6.6838008647774725,19,-160.73,2.5822921988032466,8
ss_AGTTTC,ss,6,nsp,-189.09,6.354961054168652,22,-155.95,6.249282918863579,13
ss_AGTTTG,ss,6,nsp,-205.76,5.972849654896744,25,-157.27,6.936644217487306,12
ss_ATAA,ss,4,rebuild-ss-fb,-171.07,6.926998845098803,14,-144.87,6.286952998074654,7
ss_AGTTTT,ss,6,nsp,-186.9,5.918215778425135,23,-164.56,5.576342618598692,10
ss_ATAAA,ss,5,nsp,-193.23,3.190026488918244,26,-146.15,6.299625861906412,10
ss_ATAAAA,ss,6,nsp,-200.18,6.791767001303868,31,-173.02,6.692749061484378,17
ss_ATAAAG,ss,6,nsp,-198.25,6.294407517789124,25,-184.83,6.681771322037301,12
ss_ATAAAC,ss,6,nsp,-204.53,6.117563158644134,28,-180.7,5.18414139467666,10
ss_ATAAC,ss,5,nsp,-189.0,3.289496314027432,26,-135.5,6.884955918522654,10
ss_ATAAAT,ss,6,nsp,-209.38,5.816260912304397,21,-162.17,5.776411862047228,6
ss_ATAACA,ss,6,nsp,-196.06,6.036911461997765,23,-169.79,6.869087421193603,9
ss_ATAACC,ss,6,nsp,-202.14,6.626476137435354,21,-177.13,6.42915072151835,8
ss_ATAACG,ss,6,nsp,-198.22,2.2947710125413328,24,-198.22,5.323069603151921,12
ss_ATAACT,ss,6,nsp,-204.3,5.104607428588426,26,-177.18,5.152310258515105,13
ss_ATAAG,ss,5,nsp,-187.01,3.2580394411363662,19,-136.0,3.3761300330407824,6
ss_ATAAGA,ss,6,nsp,-208.46,6.306859836717493,22,-174.87,6.161294101079744,9
ss_ATAAGC,ss,6,nsp,-210.15,6.2564713697099466,23,-172.28,6.986449956880807,12
ss_ATAAGG,ss,6,nsp,-213.7,5.998269917234487,22,-187.33,4.568999233967985,10
ss_ATAAT,ss,5,nsp,-189.5,3.2776994981236705,24,-156.27,6.297002064474809,9
ss_ATAAGT,ss,6,nsp,-195.43,5.256943123146765,20,-152.9,4.118118138179138,8
ss_ATAATA,ss,6,nsp,-206.98,5.619073411159537,23,-163.13,5.057211583471666,12
ss_ATAC,ss,4,rebuild-ss-fb,-139.37,2.769959566491911,11,-139.37,5.869402099021686,8
ss_ATAATC,ss,6,nsp,-193.22,5.798591639355218,30,-170.98,6.070938148260125,11
ss_ATAATG,ss,6,nsp,-193.86,5.750324947339939,28,-174.18,4.70701699593278,12
ss_ATACA,ss,5,nsp,-180.79,2.578713051116782,21,-147.02,3.3340439409222,7
ss_ATAATT,ss,6,nsp,-189.39,5.045895163397665,20,-172.77,6.150306821614662,8
ss_ATACAA,ss,6,nsp,-212.94,6.673216315990377,26,-199.37,4.797800641960868,15
ss_ATACAC,ss,6,nsp,-205.69,5.80525675573441,24,-169.57,6.515478340076037,10
ss_ATACAG,ss,6,nsp,-212.78,6.110105236409621,25,-184.5,6.302658090044247,13
ss_ATACAT,ss,6,nsp,-212.24,5.756306541524701,23,-173.43,4.933075713994268,9
ss_ATACC,ss,5,nsp,-187.19,2.829833210632744,25,-138.94,5.854630133492649,11
ss_ATACCA,ss,6,nsp,-192.57,2.077779824716759,24,-192.57,4.7578264995689015,7
ss_ATACCC,ss,6,nsp,-193.27,6.027312751135464,18,-178.47,6.227408530038797,5
ss_ATACCG,ss,6,nsp,-196.25,2.2748261472033575,23,-196.25,5.686664927705884,8
ss_ATACG,ss,5,nsp,-177.66,3.507865020208176,18,-148.08,6.303087259430894,5
ss_ATACCT,ss,6,nsp,-196.7,6.270805131719549,28,-173.61,4.799181701081963,10
ss_ATACGA,ss,6,nsp,-211.83,6.373577802145358,23,-176.81,4.792238412266234,9
ss_ATACGG,ss,6,nsp,-209.29,6.192655165597392,22,-187.63,5.664944306875401,7
ss_ATACGC,ss,6,nsp,-208.91,6.341036350629147,23,-148.73,5.165408599520467,6
ss_ATACT,ss,5,nsp,-187.88,2.56204703313583,21,-141.85,3.826486377866771,9
ss_ATACGT,ss,6,nsp,-213.24,5.332339355292395,23,-170.25,3.466685015977082,8
ss_ATACTA,ss,6,nsp,-186.83,6.180444644198348,23,-166.42,6.05696409102779,10
ss_ATACTC,ss,6,nsp,-182.75,6.071803768238917,18,-178.37,2.6972613888905825,3
ss_ATACTG,ss,6,nsp,-198.26,5.85591811759694,17,-179.74,3.417124814811437,7
ss_ATAG,ss,4,rebuild-ss-fb,-172.09,6.81540732458452,10,-167.08,2.7047031260380563,5
ss_ATACTT,ss,6,nsp,-190.65,4.953993136854363,25,-175.89,6.277963443665469,12
ss_ATAGA,ss,5,nsp,-176.2,3.452759186505783,27,-141.58,6.544772417739216,7
ss_ATAGAA,ss,6,nsp,-202.57,6.601638735950342,26,-172.84,5.019326847297348,11
ss_ATAGAC,ss,6,nsp,-202.78,6.134625090419161,31,-154.57,4.98909180111973,11
ss_ATAGAG,ss,6,nsp,-197.17,6.973322307193312,19,-169.33,6.257796816771858,6
ss_ATAGC,ss,5,nsp,-180.7,3.2789824641190215,20,-138.41,6.192512737168974,4
ss_ATAGAT,ss,6,nsp,-198.32,5.799648351408912,28,-175.7,4.093479815511497,10
ss_ATAGCC,ss,6,nsp,-196.5,6.68647246311536,26,-163.86,6.550722860875735,11
ss_ATAGCA,ss,6,nsp,-193.69,6.123688839253682,25,-190.95,5.9872532099452735,14
ss_ATAGCG,ss,6,nsp,-207.18,2.3645282827659297,25,-207.18,5.392113129377014,9
ss_ATAGCT,ss,6,nsp,-193.58,5.605820814118135,21,-169.8,4.8423305339474645,8
ss_ATAGG,ss,5,nsp,-178.17,3.2652519045243733,14,-138.07,6.133352345985027,3
ss_ATAGGC,ss,6,nsp,-198.84,6.077897498313058,26,-164.69,5.116037138254571,12
ss_ATAGGA,ss,6,nsp,-210.37,6.089486185221234,27,-166.51,4.5584965723361135,9
ss_ATAGGG,ss,6,nsp,-207.9,2.6458762253741273,27,-207.9,4.8173522810772464,12
ss_ATAGT,ss,5,nsp,-182.56,3.401115405275171,18,-151.37,6.7737721396574875,4
ss_ATAGGT,ss,6,nsp,-191.53,5.662750833296483,21,-157.02,5.1641543354163995,9
ss_ATAGTA,ss,6,nsp,-193.63,5.574063239684334,25,-160.1,4.1733546458454756,10
ss_ATAGTC,ss,6,nsp,-185.76,5.712655774681353,26,-165.02,3.3499394024370077,10
ss_ATAT,ss,4,rebuild-ss-fb,-126.8,2.254883145531047,6,-126.8,3.145452749605382,2
ss_ATAGTG,ss,6,nsp,-189.38,4.715910198466481,24,-157.53,3.862935412351602,8
ss_ATAGTT,ss,6,nsp,-170.49,2.8129601845742678,24,-170.49,3.266568229809387,7
ss_ATATA,ss,5,nsp,-186.66,3.6022928809301518,23,-141.89,4.058873858596736,6
ss_ATATAA,ss,6,nsp,-193.25,5.919586640974195,21,-186.96,6.351297269062435,6
ss_ATATAC,ss,6,nsp,-207.15,6.487435009308395,19,-179.61,5.403055431882975,6
ss_ATATC,ss,5,nsp,-184.99,3.122224527480386,23,-137.63,5.1177003624675175,8
ss_ATATAG,ss,6,nsp,-209.52,6.442766874565607,26,-200.51,4.923774669905191,9
ss_ATATAT,ss,6,nsp,-212.58,5.769767239672676,27,-175.37,5.272641937397227,10
ss_ATATCA,ss,6,nsp,-199.27,6.4671051483643085,25,-181.95,5.81887910168274,12
ss_ATATCC,ss,6,nsp,-198.71,2.422214895503711,28,-198.71,5.978231594710942,6
ss_ATATCG,ss,6,nsp,-199.0,6.381039570477536,19,-187.88,5.545323344945714,10
ss_ATATG,ss,5,nsp,-190.53,3.187476901877114,17,-136.5,6.010455806342815,3
ss_ATATCT,ss,6,nsp,-199.29,5.82460805548323,21,-172.48,5.954024017418793,10
ss_ATATGC,ss,6,nsp,-208.33,6.025838115980215,24,-172.8,6.536362061575227,9
ss_ATATGA,ss,6,nsp,-218.56,6.304745355682498,26,-185.68,6.291597412422385,9
ss_ATATGG,ss,6,nsp,-216.52,6.099372836611987,24,-205.4,4.788769988212009,11
ss_ATATGT,ss,6,nsp,-208.67,5.869644111869148,26,-174.41,5.364961323252938,10
ss_ATATT,ss,5,nsp,-195.76,3.3667494709289105,19,-134.21,1.9285587883183752,6
ss_ATATTA,ss,6,nsp,-208.23,6.303652909226521,26,-168.4,4.537416665901421,13
ss_ATC,ss,3,rebuild-ss-fb,-138.54,2.603135609222094,13,-138.54,5.898978301367125,7
ss_ATATTC,ss,6,nsp,-190.18,6.5571077465602166,16,-177.23,5.910842748711903,5
ss_ATCA,ss,4,rebuild-ss-fb,-170.79,6.353172514578851,13,-134.53,6.496425940469112,7
ss_ATATTG,ss,6,nsp,-213.87,5.639050629316965,26,-168.69,5.864170273789796,9
ss_ATATTT,ss,6,nsp,-179.83,6.49873787746514,23,-171.63,4.64401571918098,7
ss_ATCAA,ss,5,nsp,-189.98,3.797004740581739,24,-141.08,6.6469281626929,11
ss_ATCAAA,ss,6,nsp,-204.74,6.701031189302152,22,-177.17,6.2665277466871645,10
ss_ATCAAC,ss,6,nsp,-206.01,6.189571471434845,25,-176.78,3.813891188799187,12
ss_ATCAAG,ss,6,nsp,-203.73,6.477391295884486,17,-185.56,6.448630009544652,9
ss_ATCAC,ss,5,nsp,-189.47,3.716750327907446,17,-146.99,3.3214155114950663,6
ss_ATCAAT,ss,6,nsp,-206.9,5.716991516523373,25,-173.47,5.081246402212753,8
ss_ATCACC,ss,6,nsp,-178.42,2.7611903230309798,29,-174.53,4.550761254999009,10
ss_ATCACA,ss,6,nsp,-189.89,6.352440003652155,22,-179.74,4.335492936218441,5
ss_ATCACG,ss,6,nsp,-191.03,5.4368464204904825,24,-182.51,6.288916122830706,8
ss_ATCACT,ss,6,nsp,-184.68,6.613014592453292,28,-171.62,4.431934453486431,12
ss_ATCAG,ss,5,nsp,-210.83,3.678173595685803,23,-146.54,5.838145167773763,9
ss_ATCAGA,ss,6,nsp,-207.37,6.258318703933186,26,-165.56,6.340776056603799,9
ss_ATCAGG,ss,6,nsp,-205.64,6.2449880704449745,26,-178.28,6.415532246041649,12
ss_ATCAGC,ss,6,nsp,-206.03,6.518285203947454,28,-175.34,4.610060411751678,9
ss_ATCAT,ss,5,nsp,-193.12,3.7212364880507347,23,-137.98,6.754912508685807,7
ss_ATCAGT,ss,6,nsp,-203.18,5.365137370095951,22,-166.49,4.695560669398272,6
ss_ATCATA,ss,6,nsp,-185.38,5.997141735860516,29,-163.51,5.336741796264821,12
ss_ATCC,ss,4,rebuild-ss-fb,-170.8,6.5965459901375825,11,-130.8,5.165203287383763,5
ss_ATCATC,ss,6,nsp,-185.55,2.681264999958055,24,-185.55,2.8254228002194606,13
ss_ATCATG,ss,6,nsp,-186.1,5.456643748679217,22,-178.42,4.779357069732295,10
ss_ATCCA,ss,5,nsp,-196.83,3.6046782103261497,15,-137.08,5.963875334042466,5
ss_ATCATT,ss,6,nsp,-187.21,5.068739981494418,19,-179.42,3.2820185861752904,6
ss_ATCCAA,ss,6,nsp,-209.83,6.370574385406708,25,-174.14,5.293001228036879,9
ss_ATCCAC,ss,6,nsp,-210.18,6.396570721879041,22,-163.62,5.92887670642594,8
ss_ATCCAG,ss,6,nsp,-203.97,6.174009880134631,24,-178.58,5.646339522203751,11
ss_ATCCC,ss,5,nsp,-186.87,3.7516733599821985,22,-146.45,5.125873388994318,7
ss_ATCCCA,ss,6,nsp,-195.09,6.586568529970681,23,-190.46,4.875703949174942,8
ss_ATCCAT,ss,6,nsp,-206.09,5.8128215179893745,26,-164.43,5.154537127618736,10
ss_ATCCCC,ss,6,nsp,-181.28,2.5262315808334144,29,-181.28,5.62506088855934,11
ss_ATCCCG,ss,6,nsp,-196.71,6.676331327907578,21,-160.92,3.0300528048204236,8
ss_ATCCCT,ss,6,nsp,-196.75,5.21124495682175,21,-172.75,2.67214576698204,7
ss_ATCCG,ss,5,nsp,-206.62,3.5564832348824855,19,-136.84,5.830557177491703,7
ss_ATCCGA,ss,6,nsp,-210.13,6.275458708333604,21,-175.94,5.3371097983833895,8
ss_ATCCGG,ss,6,nsp,-206.27,6.693848743436017,30,-195.48,5.465655221471612,9
ss_ATCCGC,ss,6,nsp,-209.29,6.280944276141935,23,-171.99,6.15730533594038,8
ss_ATCCGT,ss,6,nsp,-203.11,5.978086399509471,25,-166.3,6.291789252668907,10
ss_ATCCT,ss,5,nsp,-191.54,3.7117766635399922,21,-139.83,3.4583211244764422,7
ss_ATCCTA,ss,6,nsp,-182.51,6.749245068894759,24,-160.75,6.591455833122147,10
ss_ATCCTC,ss,6,nsp,-180.07,5.844039955373342,23,-169.62,5.742097439089651,9
ss_ATCCTG,ss,6,nsp,-186.64,6.184429318862027,21,-169.46,5.9589013249088145,12
ss_ATCG,ss,4,rebuild-ss-fb,-169.3,6.702832684768438,10,-151.4,3.1887875438793523,6
ss_ATCGA,ss,5,nsp,-213.82,4.043918025875423,21,-153.06,6.4867394737263915,8
ss_ATCCTT,ss,6,nsp,-176.42,5.84175153528461,23,-172.37,2.9239919630532576,7
ss_ATCGAA,ss,6,nsp,-208.59,2.873831936630954,28,-208.59,5.447944015865068,15
ss_ATCGAC,ss,6,nsp,-191.11,6.452154213904067,27,-181.99,5.635469279483304,11
ss_ATCGAG,ss,6,nsp,-200.62,6.509135810535863,26,-191.54,5.35406397048075,6
ss_ATCGC,ss,5,nsp,-206.48,3.632628249628642,24,-135.49,3.9480837123850434,10
ss_ATCGAT,ss,6,nsp,-190.69,5.453571673683214,26,-173.38,4.498593891428746,12
ss_ATCGCA,ss,6,nsp,-189.0,5.529575933107364,27,-184.95,4.772179166795827,9
ss_ATCGCC,ss,6,nsp,-171.12,5.838618757891299,27,-166.85,5.441603440163567,11
ss_ATCGCG,ss,6,nsp,-172.6,3.0166759852526317,29,-172.6,5.767404355513844,9
ss_ATCGG,ss,5,nsp,-211.28,3.5980543353318115,19,-135.02,6.031737477709062,5
ss_ATCGCT,ss,6,nsp,-182.14,5.531438330127163,25,-168.83,4.8857180639083255,13
ss_ATCGGA,ss,6,nsp,-198.04,4.68166103001917,28,-177.59,5.512068940062342,12
ss_ATCGGC,ss,6,nsp,-199.44,6.157951363887176,27,-173.24,5.734557088389652,11
ss_ATCGGG,ss,6,nsp,-194.37,2.415779170371349,24,-194.37,5.735457697516399,13
ss_ATCGGT,ss,6,nsp,-186.13,5.634669644264874,28,-167.19,4.275744262698612,10
ss_ATCGT,ss,5,nsp,-214.08,3.9790487556701475,26,-138.76,6.536516809432982,8
ss_ATCGTC,ss,6,nsp,-166.45,5.9320598446071084,24,-163.26,4.694333285994937,5
ss_ATCGTG,ss,6,nsp,-186.72,5.2779622014561784,29,-164.02,5.717323149866551,12
ss_ATCGTA,ss,6,nsp,-192.16,6.89108765000127,28,-166.44,3.191642367183406,10
ss_ATCT,ss,4,rebuild-ss-fb,-137.44,6.0264897743213774,8,-132.82,4.917168494164083,6
ss_ATCGTT,ss,6,nsp,-178.8,2.6775701671478176,23,-178.8,2.6775701671478176,4
ss_ATCTA,ss,5,nsp,-202.09,3.4886956015106936,17,-154.11,6.394385740632166,4
ss_ATCTAA,ss,6,nsp,-203.04,6.740198884306011,29,-171.68,6.151034547131084,8
ss_ATCTAC,ss,6,nsp,-169.02,2.5948720585030842,22,-164.38,6.601165200174882,7
ss_ATCTAG,ss,6,nsp,-187.91,6.185872048466577,25,-175.66,6.319981487314664,10
ss_ATCTC,ss,5,nsp,-190.32,4.096193843069447,18,-147.3,6.996484617291751,8
ss_ATCTAT,ss,6,nsp,-199.84,6.584224024135274,23,-173.64,5.165378882521583,6
ss_ATCTCA,ss,6,nsp,-174.17,2.2059877606188305,26,-174.17,5.695288052416676,12
ss_ATCTCC,ss,6,nsp,-183.72,2.28051529264771,28,-183.72,5.284943992134651,10
ss_ATCTCG,ss,6,nsp,-183.48,3.752926591341767,28,-172.5,4.761099137804217,10
ss_ATCTG,ss,5,nsp,-211.45,3.67656374893733,19,-144.53,5.6239306539110245,7
ss_ATCTCT,ss,6,nsp,-201.11,5.991105824470141,25,-171.43,6.20356486223848,8
ss_ATCTGA,ss,6,nsp,-211.12,6.154666034806454,27,-180.18,5.665431139816277,10
ss_ATCTGC,ss,6,nsp,-172.07,3.487349423272654,25,-170.52,5.576070300848087,9
ss_ATCTT,ss,5,nsp,-191.7,3.7222706779598944,23,-140.49,5.781371031165538,10
ss_ATCTGG,ss,6,nsp,-189.16,6.617852295118134,24,-148.58,3.60099555678705,10
ss_ATCTGT,ss,6,nsp,-206.29,5.64018882662628,22,-157.51,4.378186382510465,6
ss_ATCTTA,ss,6,nsp,-191.0,6.080204766288741,21,-178.02,4.846642858721889,9
ss_ATG,ss,3,rebuild-ss-fb,-138.18,5.519574893051101,12,-128.5,3.3683031336267857,5
ss_ATCTTC,ss,6,nsp,-189.92,6.53010643098564,25,-186.4,3.010864825926269,8
ss_ATCTTG,ss,6,nsp,-190.87,6.336457212038929,26,-167.01,6.533415110032433,10
ss_ATGA,ss,4,rebuild-ss-fb,-154.65,6.731264442881449,13,-147.8,6.42383133340222,7
ss_ATCTTT,ss,6,nsp,-181.41,5.812859709299722,26,-179.87,6.15912282715649,11
ss_ATGAA,ss,5,nsp,-179.97,3.552295595808446,23,-147.78,3.524560256258938,11
ss_ATGAAA,ss,6,nsp,-213.95,6.382573618846869,22,-194.95,5.303901394256883,6
ss_ATGAAC,ss,6,nsp,-200.11,2.441066365341159,24,-194.78,6.2598628579227,12
ss_ATGAAT,ss,6,nsp,-197.4,6.008265140620878,19,-163.47,6.464666812759968,8
ss_ATGAAG,ss,6,nsp,-200.59,6.894036480901445,19,-174.58,4.74295540776003,9
ss_ATGAC,ss,5,nsp,-180.8,3.00617714048924,24,-139.46,4.712528620602739,10
ss_ATGACA,ss,6,nsp,-197.96,2.5101091609728887,28,-197.96,4.82834971807139,7
ss_ATGACC,ss,6,nsp,-201.3,2.442880676578376,26,-201.3,5.226426216833071,10
ss_ATGACG,ss,6,nsp,-166.28,2.7779569831082895,25,-166.28,6.551800439573837,14
ss_ATGACT,ss,6,nsp,-201.57,6.01907218763822,21,-160.17,6.213795699892298,7
ss_ATGAG,ss,5,nsp,-173.77,2.8143979818071374,26,-173.77,6.47906767984407,12
ss_ATGAGA,ss,6,nsp,-208.65,6.433889103800298,30,-180.74,4.827070436610596,14
ss_ATGAGG,ss,6,nsp,-207.71,6.340915233623633,24,-188.34,4.396830449312335,12
ss_ATGAGC,ss,6,nsp,-200.66,2.915931069144115,23,-200.66,6.158247315592323,12
ss_ATGAT,ss,5,nsp,-189.07,3.923415986101917,23,-140.55,5.251974961859584,12
ss_ATGAGT,ss,6,nsp,-195.74,5.520714899358596,22,-163.02,3.8820605353343027,8
ss_ATGATA,ss,6,nsp,-200.06,5.932025370815613,23,-155.88,6.374364046710862,6
ss_ATGATC,ss,6,nsp,-194.99,5.903136539162903,22,-184.1,2.494408146234295,7
ss_ATGC,ss,4,rebuild-ss-fb,-147.02,3.138670578445593,15,-147.02,6.2592491562487,6
ss_ATGCA,ss,5,nsp,-176.27,3.2714593074039775,25,-155.92,3.090524227376317,8
ss_ATGATG,ss,6,nsp,-192.03,6.0959644027832205,19,-169.56,6.588068002077695,5
ss_ATGATT,ss,6,nsp,-191.9,6.099422513648339,18,-137.28,4.331582043549451,3
ss_ATGCAA,ss,6,nsp,-212.97,6.017137359243187,21,-179.59,5.776647730301726,5
ss_ATGCAC,ss,6,nsp,-186.99,3.0570583900213686,29,-186.99,5.91029187096544,14
ss_ATGCAG,ss,6,nsp,-212.17,6.094812056167123,23,-199.28,5.438944842522317,7
ss_ATGCC,ss,5,nsp,-175.83,3.5440512129482897,19,-147.74,3.8010958946072377,9
ss_ATGCAT,ss,6,nsp,-208.39,5.91551333360007,18,-159.82,4.9743133194441915,7
ss_ATGCCA,ss,6,nsp,-176.42,2.488463381285737,30,-176.42,4.951983844884809,13
ss_ATGCCC,ss,6,nsp,-199.36,2.436449260707058,27,-199.36,5.028461693201998,9
ss_ATGCCG,ss,6,nsp,-158.24,2.7542884743613913,32,-158.24,3.25292453032651,19
ss_ATGCG,ss,5,nsp,-162.24,3.2317513827644793,20,-146.61,6.518667578577695,8
ss_ATGCCT,ss,6,nsp,-194.53,5.701643008817741,17,-162.59,6.641009110067534,4
ss_ATGCGA,ss,6,nsp,-202.62,6.254065317855269,21,-174.34,6.301435233341683,8
ss_ATGCGC,ss,6,nsp,-190.72,2.501139940107311,31,-190.72,6.7598323943719185,12
ss_ATGCT,ss,5,nsp,-193.16,3.1054645385191573,22,-146.22,3.568998458951748,8
ss_ATGCGG,ss,6,nsp,-211.81,6.190832738816314,24,-194.17,4.511569128363208,10
ss_ATGCGT,ss,6,nsp,-207.1,5.680671879276267,24,-175.24,5.02530297594085,8
ss_ATGCTC,ss,6,nsp,-195.17,5.986213076728907,21,-168.81,6.4031003428026985,8
ss_ATGCTA,ss,6,nsp,-194.46,6.128207976235804,18,-191.41,4.371343958098028,5
ss_ATGCTG,ss,6,nsp,-188.14,6.104760355656899,16,-167.48,3.8130334380909936,6
ss_ATGG,ss,4,rebuild-ss-fb,-164.18,2.2263184857517486,12,-164.18,2.6922550027811245,4
ss_ATGCTT,ss,6,nsp,-174.08,6.218110725935994,16,-144.36,3.6241012679007785,4
ss_ATGGA,ss,5,nsp,-181.35,3.5353104531285635,18,-155.0,4.6599421670231,8
ss_ATGGAA,ss,6,nsp,-201.18,6.473443673965224,28,-179.31,5.056377458220466,12
ss_ATGGAC,ss,6,nsp,-197.56,6.288132791218726,27,-188.62,3.9240726292972807,8
ss_ATGGAG,ss,6,nsp,-199.08,6.56366086875305,27,-176.18,6.685611565144956,6
ss_ATGGC,ss,5,nsp,-163.18,2.650983779656175,20,-142.15,6.148542428901336,8
ss_ATGGAT,ss,6,nsp,-194.84,5.949189020362351,26,-171.3,3.8815597380434363,13
ss_ATGGCA,ss,6,nsp,-191.47,2.767445392415179,25,-191.47,4.739198666441421,8
ss_ATGGCC,ss,6,nsp,-198.78,2.933299507380734,26,-198.78,5.817386182814422,11
ss_ATGGCG,ss,6,nsp,-196.24,5.829849569242775,24,-173.94,6.534638551595661,8
ss_ATGGG,ss,5,nsp,-177.14,3.297829740905394,23,-147.96,5.976725524900744,10
ss_ATGGCT,ss,6,nsp,-184.89,5.92296530464261,25,-167.37,4.830318208979622,9
ss_ATGGGA,ss,6,nsp,-207.91,6.017179488763825,24,-170.75,4.694492198310687,10
ss_ATGGGC,ss,6,nsp,-204.33,6.172961525880445,27,-159.16,6.428783010803845,9
ss_ATGGGG,ss,6,nsp,-204.23,5.300650809098851,23,-197.19,4.850648925659337,11
ss_ATGGT,ss,5,nsp,-189.73,3.475301138031082,28,-152.04,6.224821925163808,11
ss_ATGGGT,ss,6,nsp,-193.92,6.405521524434984,26,-158.63,4.2754051270025935,10
ss_ATGGTA,ss,6,nsp,-184.78,6.371039946507967,23,-160.89,5.073276061875611,9
ss_ATGGTC,ss,6,nsp,-191.58,6.0173303881372595,25,-168.77,2.577367067377102,8
ss_ATGT,ss,4,rebuild-ss-fb,-149.87,6.496188420912675,14,-148.86,2.59532849558586,8
ss_ATGGTG,ss,6,nsp,-185.93,5.951467550108969,27,-175.19,3.7930611648113635,13
ss_ATGGTT,ss,6,nsp,-180.15,6.130789671812275,30,-161.01,6.565431745132994,13
ss_ATGTA,ss,5,nsp,-187.17,3.1907228021249523,20,-153.93,6.206104978164651,9
ss_ATGTAA,ss,6,nsp,-192.8,2.4731447592084006,24,-192.8,4.6450890195990935,11
ss_ATGTAC,ss,6,nsp,-200.13,2.2798651275897854,30,-200.13,5.804498600223806,15
ss_ATGTAG,ss,6,nsp,-180.77,2.585532827097751,26,-180.77,6.447597459519335,11
ss_ATGTC,ss,5,nsp,-178.26,3.1977087109366544,21,-146.66,6.974521990789064,7
ss_ATGTAT,ss,6,nsp,-197.56,5.860300760199949,19,-146.35,3.8453444579126987,6
ss_ATGTCA,ss,6,nsp,-197.9,2.683994783899551,29,-197.9,4.339901957417935,10
ss_ATGTCC,ss,6,nsp,-179.64,3.2189476541254964,28,-179.64,6.80980256688841,12
ss_ATGTCG,ss,6,nsp,-187.75,2.380335060448437,30,-187.75,5.529252209838149,14
ss_ATGTG,ss,5,nsp,-186.08,3.5124995373665207,22,-147.9,3.854915952391186,7
ss_ATGTCT,ss,6,nsp,-202.3,2.570883894694586,28,-202.3,5.173254488230787,10
ss_ATGTGA,ss,6,nsp,-222.36,2.958195733889161,27,-222.36,5.305011404323287,15
ss_ATGTGC,ss,6,nsp,-195.36,3.686693098157225,26,-170.99,5.5089263019212735,9
ss_ATGTGG,ss,6,nsp,-179.86,2.4300292179313434,28,-179.86,6.630804702296714,13
ss_ATGTGT,ss,6,nsp,-210.19,5.186080793817252,18,-179.57,5.618245366660294,10
ss_ATGTT,ss,5,nsp,-192.76,3.239207464797527,18,-150.84,5.362669298026868,7
ss_ATGTTA,ss,6,nsp,-205.28,5.93853660424857,21,-167.96,5.739360678681911,9
ss_ATGTTC,ss,6,nsp,-196.78,2.99696346324076,28,-179.15,6.152291686843199,11
ss_ATGTTG,ss,6,nsp,-170.08,5.012511845372545,25,-169.71,6.272925473812037,10
ss_ATT,ss,3,rebuild-ss-fb,-139.11,4.481680265257672,14,-136.1,5.637308755070998,10
ss_ATTA,ss,4,rebuild-ss-fb,-165.19,5.855575975085634,13,-131.2,5.147806231784556,8
ss_ATGTTT,ss,6,nsp,-182.18,6.386136703829646,24,-177.62,6.568271766606492,9
ss_ATTAA,ss,5,nsp,-190.95,3.7044018410534347,21,-152.93,6.4239342306720495,6
ss_ATTAAA,ss,6,nsp,-204.16,6.559040859759912,24,-169.41,6.525808225806205,11
ss_ATTAAC,ss,6,nsp,-203.84,6.381697814845212,27,-180.13,4.386290574050012,10
ss_ATTAAG,ss,6,nsp,-177.96,6.692597701939077,24,-163.67,3.1127674182309146,11
ss_ATTAAT,ss,6,nsp,-202.42,5.578017658631072,22,-165.88,4.854735420185126,6
ss_ATTAC,ss,5,nsp,-185.67,3.3539903100635438,19,-140.51,6.356084407872521,10
ss_ATTACA,ss,6,nsp,-193.12,2.5237856485842847,25,-193.12,4.782863577397965,12
ss_ATTACC,ss,6,nsp,-171.19,3.2434315161569294,26,-157.32,6.522783454936998,12
ss_ATTACG,ss,6,nsp,-178.7,6.800966181359841,20,-164.51,6.674135899125827,9
ss_ATTACT,ss,6,nsp,-191.46,5.72452661798337,25,-171.7,4.613798760240863,10
ss_ATTAG,ss,5,nsp,-189.94,3.589453718882607,24,-152.21,6.882913990454931,8
ss_ATTAGA,ss,6,nsp,-191.08,5.960582102446042,21,-182.2,5.449897338482634,7
ss_ATTAGC,ss,6,nsp,-194.45,6.032374076597056,23,-161.15,4.794219227361234,6
ss_ATTAGG,ss,6,nsp,-180.49,3.0811614693164,28,-180.49,6.481202820464716,12
ss_ATTAGT,ss,6,nsp,-200.13,5.755997394023049,23,-171.13,5.60470070565771,10
ss_ATTAT,ss,5,nsp,-187.27,3.3769190099852957,25,-131.67,5.802222763734605,9
ss_ATTATA,ss,6,nsp,-191.0,6.154125445585284,27,-180.77,4.816635443958795,12
ss_ATTC,ss,4,rebuild-ss-fb,-176.23,6.324182872118757,13,-141.82,5.093070782936359,6
ss_ATTATG,ss,6,nsp,-182.17,3.482964972548547,24,-174.67,6.771532027539988,12
ss_ATTATC,ss,6,nsp,-192.1,6.203444607635361,25,-177.06,3.588937447211924,8
ss_ATTATT,ss,6,nsp,-175.14,5.176082398880476,30,-173.51,6.067645095092489,12
ss_ATTCA,ss,5,nsp,-176.31,4.660817417578176,18,-140.28,3.8174107717142554,7
ss_ATTCAA,ss,6,nsp,-205.86,6.40139781610238,23,-183.63,5.2840401209680525,10
ss_ATTCAC,ss,6,nsp,-207.05,6.378379339612861,24,-174.02,3.6330623446343484,11
ss_ATTCC,ss,5,nsp,-176.15,3.400700369041661,19,-141.07,3.1703868849085404,8
ss_ATTCAG,ss,6,nsp,-182.19,2.2760944620116335,26,-182.19,6.808595009251184,13
ss_ATTCCA,ss,6,nsp,-184.15,1.7967910284727084,20,-184.15,4.494080773639932,9
ss_ATTCAT,ss,6,nsp,-197.86,6.082757105129223,29,-159.66,2.8188907392802784,14
ss_ATTCCC,ss,6,nsp,-189.66,3.1694999605616108,24,-189.66,5.995472124862239,10
ss_ATTCCG,ss,6,nsp,-179.14,6.734900518938663,17,-145.42,4.997836832070455,7
ss_ATTCG,ss,5,nsp,-190.06,3.5996202577494376,19,-143.22,5.448453083215465,7
ss_ATTCCT,ss,6,nsp,-197.31,5.879893281344485,24,-163.37,5.091298950169796,11
ss_ATTCGA,ss,6,nsp,-202.91,6.2180013669989,29,-178.69,4.884592613514459,11
ss_ATTCGC,ss,6,nsp,-202.01,6.6656328281716855,24,-163.69,4.942533055023503,9
ss_ATTCGG,ss,6,nsp,-174.28,2.8070301031517353,27,-174.28,6.546280012342893,13
ss_ATTCGT,ss,6,nsp,-203.6,5.877538430329497,28,-167.8,5.219665602315935,17
ss_ATTCT,ss,5,nsp,-174.14,3.48142973503704,21,-153.91,6.796072468713095,9
ss_ATTCTA,ss,6,nsp,-186.17,5.707841886387542,25,-170.35,2.9558751665116167,5
ss_ATTCTC,ss,6,nsp,-187.62,6.084207918866697,22,-163.17,5.945527142314643,9
ss_ATTCTG,ss,6,nsp,-162.66,2.7957313891001796,25,-154.16,4.754735534180622,13
ss_ATTG,ss,4,rebuild-ss-fb,-169.66,6.351008108954055,16,-139.04,2.7489543466561965,7
ss_ATTGA,ss,5,nsp,-190.32,4.137821044946255,19,-156.97,6.868081173078832,6
ss_ATTCTT,ss,6,nsp,-183.87,5.318775893003977,23,-169.18,3.8815730058830664,10
ss_ATTGAA,ss,6,nsp,-203.59,6.588512275165009,29,-183.2,5.468650473380072,12
ss_ATTGAC,ss,6,nsp,-200.41,6.5149853415030865,26,-168.71,3.654812991111861,10
ss_ATTGC,ss,5,nsp,-186.32,3.559917133867048,21,-136.53,5.90551784350873,10
ss_ATTGAG,ss,6,nsp,-205.06,3.1949513298327497,30,-205.06,5.854462913026273,12
ss_ATTGAT,ss,6,nsp,-186.88,5.914201890365275,28,-177.24,3.797710494495343,11
ss_ATTGCA,ss,6,nsp,-183.9,6.757208003310234,27,-176.33,6.336000789141355,15
ss_ATTGCC,ss,6,nsp,-186.05,6.804932475785494,27,-170.06,4.603776384665102,15
ss_ATTGCG,ss,6,nsp,-194.98,2.495141478954652,29,-194.98,4.781606947460256,13
ss_ATTGCT,ss,6,nsp,-182.64,3.0084166932125336,20,-182.64,3.0697548762075555,10
ss_ATTGG,ss,5,nsp,-187.78,5.314503363438604,19,-161.05,5.973588703618631,7
ss_ATTGGA,ss,6,nsp,-199.82,6.292920307774445,33,-180.65,6.215835342092011,15
ss_ATTGGT,ss,6,nsp,-185.82,6.224029964580842,29,-164.34,4.802220840402907,14
ss_ATTGGC,ss,6,nsp,-177.36,5.134620628634595,29,-157.18,3.4133877599827356,11
ss_ATTGGG,ss,6,nsp,-193.9,5.6894742287842375,25,-180.27,5.365298314166712,9
ss_ATTGT,ss,5,nsp,-197.46,3.930710368368566,18,-150.29,6.314416600130226,7
ss_ATTGTA,ss,6,nsp,-191.59,2.512757250511868,28,-191.59,4.64590776920937,10
ss_ATTGTG,ss,6,nsp,-170.51,5.1512540220804635,23,-163.69,5.982610884889639,10
ss_ATTGTC,ss,6,nsp,-176.19,5.9983202648741765,23,-169.21,4.62693375790059,11
ss_ATTT,ss,4,rebuild-ss-fb,-178.11,5.690021177465005,10,-136.86,2.9816909631952084,5
ss_ATTTA,ss,5,nsp,-192.6,3.468747036034785,20,-141.37,6.201864880824147,9
ss_ATTGTT,ss,6,nsp,-182.76,2.630880080885492,23,-182.76,3.522609827954267,11
ss_ATTTAA,ss,6,nsp,-193.0,6.273008289489191,23,-174.58,6.211610902173447,10
ss_ATTTAC,ss,6,nsp,-163.29,2.555978286292731,28,-163.29,6.973074572955604,11
ss_ATTTC,ss,5,nsp,-187.39,3.9532045229155726,20,-145.79,5.508624056876642,8
ss_ATTTAG,ss,6,nsp,-182.61,6.29884862494726,27,-165.85,6.787277657500102,10
ss_ATTTAT,ss,6,nsp,-201.64,5.592186870983484,23,-156.73,6.891801361037612,11
ss_ATTTCA,ss,6,nsp,-166.9,3.0155322913210525,25,-166.9,5.188045296641112,10
ss_ATTTCC,ss,6,nsp,-178.51,2.7354109380493425,23,-178.51,5.639914981628707,10
ss_ATTTCG,ss,6,nsp,-173.41,5.796376281781579,17,-141.77,6.806512249309485,7
ss_ATTTCT,ss,6,nsp,-187.21,6.666716358148142,22,-177.6,3.6018606302854095,7
ss_ATTTG,ss,5,nsp,-193.37,3.9454259592596537,20,-146.0,4.170255387862937,7
ss_ATTTGC,ss,6,nsp,-178.84,2.807738413741554,23,-178.84,5.743338837296656,10
ss_ATTTGA,ss,6,nsp,-175.74,6.629901055068646,27,-166.42,6.112338014213551,11
ss_ATTTGG,ss,6,nsp,-190.96,6.067400184593073,23,-160.83,3.3969177205225365,9
ss_ATTTGT,ss,6,nsp,-208.04,5.233277653631619,21,-179.18,4.868163103265962,8
ss_ATTTT,ss,5,nsp,-172.98,3.605474448668327,21,-145.23,5.1567646834037415,10
ss_CAA,ss,3,rebuild-ss-fb,-141.71,4.519807407401333,10,-124.81,6.064397331969601,7
ss_ATTTTA,ss,6,nsp,-186.09,6.150671833222783,20,-172.26,6.249906319297917,7
ss_ATTTTC,ss,6,nsp,-168.07,5.343386005146925,25,-155.99,3.2580279311264237,15
ss_ATTTTG,ss,6,nsp,-181.38,6.309445142007344,20,-160.5,6.425963974377701,10
ss_CAAA,ss,4,rebuild-ss-fb,-128.8,6.345395889934692,5,-118.1,3.6576769950338726,2
ss_ATTTTT,ss,6,nsp,-177.36,5.235491762957923,27,-168.28,6.129132809786387,12
ss_CAAAA,ss,5,nsp,-167.45,6.003655886208015,27,-152.93,6.333176848943992,10
ss_CAAAAA,ss,6,nsp,-206.1,6.219447322712855,26,-187.28,6.468016388352759,11
ss_CAAAC,ss,5,nsp,-172.43,5.061366317507555,25,-139.42,6.514257363660106,12
ss_CAAAAG,ss,6,nsp,-200.38,2.6230785348517602,26,-200.38,5.152385952158474,11
ss_CAAAAC,ss,6,nsp,-203.07,5.987884016912827,29,-196.03,5.958876488063831,14
ss_CAAAAT,ss,6,nsp,-197.81,5.585367758706675,28,-178.25,5.539027351439951,12
ss_CAAACA,ss,6,nsp,-194.27,6.569277433629972,20,-182.08,6.345495567723595,9
ss_CAAACC,ss,6,nsp,-192.61,2.7026440757154773,31,-192.61,5.737501459694803,11
ss_CAAACG,ss,6,nsp,-212.54,3.349979402921741,24,-212.54,5.645608027484726,8
ss_CAAAG,ss,5,nsp,-175.23,2.7921233855258056,24,-175.23,5.6901541279652585,11
ss_CAAACT,ss,6,nsp,-186.06,2.6015212857095933,22,-186.06,4.6638709244574965,10
ss_CAAAGA,ss,6,nsp,-204.3,6.504364919037064,24,-190.32,6.12152464668729,11
ss_CAAAGC,ss,6,nsp,-200.33,6.41963347863413,26,-188.73,6.135211813784423,12
ss_CAAAGT,ss,6,nsp,-191.46,5.998147880804535,19,-148.97,3.481997846064805,6
ss_CAAAGG,ss,6,nsp,-221.07,3.600625084620741,26,-221.07,5.815209884432383,10
ss_CAAAT,ss,5,nsp,-170.39,3.6495461361654464,27,-154.41,6.485653166798231,13
ss_CAAATA,ss,6,nsp,-195.9,5.934878684522553,29,-184.59,3.510460511101083,17
ss_CAAC,ss,4,rebuild-ss-fb,-127.89,6.33452358113853,9,-125.05,6.364594723939616,6
ss_CAAATC,ss,6,nsp,-189.21,6.208304196799639,25,-172.4,4.554574184267958,11
ss_CAAATG,ss,6,nsp,-178.95,2.8393967669207507,22,-178.95,3.9463208181798977,10
ss_CAAATT,ss,6,nsp,-198.3,4.702273280021058,28,-180.47,6.036426923271745,11
ss_CAACA,ss,5,nsp,-172.43,4.899164928842472,24,-140.41,6.547210321961561,9
ss_CAACAA,ss,6,nsp,-193.22,6.7640193672106035,30,-181.55,5.962498301886559,16
ss_CAACAC,ss,6,nsp,-211.46,6.159457362463032,28,-194.44,5.545216497126151,11
ss_CAACC,ss,5,nsp,-169.54,3.921299529492754,25,-153.04,5.745717535695621,11
ss_CAACAG,ss,6,nsp,-217.64,3.0454884665682074,25,-217.64,5.013553829370942,13
ss_CAACAT,ss,6,nsp,-197.73,5.907665020970648,19,-157.34,6.771455013510764,8
ss_CAACCC,ss,6,nsp,-182.3,2.356945056635831,30,-182.3,5.3698552122007985,9
ss_CAACCA,ss,6,nsp,-195.57,6.817228322419597,21,-191.52,4.052648516711044,12
ss_CAACCG,ss,6,nsp,-206.37,3.2790706000328966,25,-206.37,6.040028476754067,9
ss_CAACG,ss,5,nsp,-163.79,5.132958308811798,22,-153.8,5.3770201785003655,11
ss_CAACCT,ss,6,nsp,-203.01,5.9752705378083215,21,-191.25,6.647841228549316,9
ss_CAACGA,ss,6,nsp,-193.04,2.8941199007643146,20,-193.04,4.7850796231619865,11
ss_CAACGC,ss,6,nsp,-210.82,6.337785259852229,23,-195.29,3.2207160694479215,10
ss_CAACGG,ss,6,nsp,-204.82,2.4160666381538496,26,-204.82,5.401269665550877,11
ss_CAACT,ss,5,nsp,-174.67,3.4547198149777953,25,-156.74,6.201373638154711,9
ss_CAACGT,ss,6,nsp,-197.97,5.347772433453018,20,-183.4,4.376397034090952,9
ss_CAACTA,ss,6,nsp,-189.04,2.8509179223541325,25,-189.04,4.464228152771779,12
ss_CAACTC,ss,6,nsp,-198.59,5.9966892532463465,20,-190.97,6.045858830637735,8
ss_CAACTG,ss,6,nsp,-192.81,4.70671329060949,24,-163.76,4.051492687886776,11
ss_CAAG,ss,4,rebuild-ss-fb,-164.8,5.7778820514095095,11,-141.72,2.3466527224964464,5
ss_CAAGA,ss,5,nsp,-175.14,3.3147355852314875,24,-158.78,6.285845209675472,7
ss_CAACTT,ss,6,nsp,-196.02,2.5532796556585966,23,-196.02,4.504280297672424,8
ss_CAAGAA,ss,6,nsp,-214.77,3.1268266661265507,28,-214.77,5.491669418309889,13
ss_CAAGAT,ss,6,nsp,-192.83,6.268845587506535,25,-172.54,6.081286788172382,9
ss_CAAGAC,ss,6,nsp,-192.96,5.6610619145174566,26,-166.07,6.754042123054895,12
ss_CAAGAG,ss,6,nsp,-224.25,3.339003593888448,30,-224.25,5.642458418101113,16
ss_CAAGC,ss,5,nsp,-173.12,6.10196476554889,28,-148.17,5.934352955461958,10
ss_CAAGCA,ss,6,nsp,-197.63,3.006115433578691,25,-197.63,4.891967906681317,11
ss_CAAGCG,ss,6,nsp,-203.48,6.104563948391397,29,-188.54,5.769503704825928,13
ss_CAAGCC,ss,6,nsp,-178.36,2.676868693081534,22,-178.36,3.445328576493109,9
ss_CAAGCT,ss,6,nsp,-187.74,5.659125462472105,24,-183.37,2.480051007539965,11
ss_CAAGG,ss,5,nsp,-162.64,3.663395829008943,25,-152.88,6.071422732770301,10
ss_CAAGGA,ss,6,nsp,-207.6,3.3684557292622976,24,-207.6,5.295996695618307,9
ss_CAAGGC,ss,6,nsp,-185.97,6.2943137830902645,24,-179.93,4.954830673191576,14
ss_CAAGGG,ss,6,nsp,-216.57,3.6680725183670977,19,-216.57,5.680011091538475,8
ss_CAAGT,ss,5,nsp,-174.84,5.7069477831849955,26,-168.32,6.353797998048099,10
ss_CAAGGT,ss,6,nsp,-198.99,3.9698115824305833,26,-177.16,5.665468559616219,12
ss_CAAGTA,ss,6,nsp,-201.87,6.3172022288351775,32,-163.14,6.028279854154085,16
ss_CAAT,ss,4,rebuild-ss-fb,-145.12,5.739323479296166,10,-141.03,3.123874037153236,5
ss_CAAGTC,ss,6,nsp,-194.35,2.6264826289164804,24,-194.35,2.6264826289164804,11
ss_CAAGTG,ss,6,nsp,-178.15,4.926943677372422,24,-160.88,6.567689852604186,9
ss_CAATA,ss,5,nsp,-170.08,2.906109426707833,25,-143.41,6.918338167508158,10
ss_CAAGTT,ss,6,nsp,-190.83,5.665391336880441,25,-159.49,4.723970469848445,8
ss_CAATAA,ss,6,nsp,-188.32,6.732941556259057,22,-168.79,4.86613090658277,11
ss_CAATAC,ss,6,nsp,-187.3,2.6006454967949972,29,-187.3,6.124977795878126,12
ss_CAATAG,ss,6,nsp,-176.52,2.661720684068868,24,-176.52,6.090444729245966,9
ss_CAATC,ss,5,nsp,-169.17,3.467439833652524,28,-134.01,6.091637136271329,7
ss_CAATAT,ss,6,nsp,-209.8,5.915885817018444,20,-181.8,5.20560092592584,8
ss_CAATCA,ss,6,nsp,-188.16,2.971136146325187,29,-188.16,6.611520021901181,14
ss_CAATCG,ss,6,nsp,-192.74,2.935098635480589,30,-192.74,6.452149874266718,11
ss_CAATCC,ss,6,nsp,-187.09,2.4039885607049176,29,-187.09,5.651961164056246,9
ss_CAATCT,ss,6,nsp,-174.2,2.744079627124563,26,-174.2,6.84319238367592,15
ss_CAATG,ss,5,nsp,-173.66,4.871580236432532,25,-152.9,5.344014034412717,13
ss_CAATGA,ss,6,nsp,-215.13,6.512414068530973,23,-194.28,6.7601663441072235,13
ss_CAATGC,ss,6,nsp,-178.17,2.8232468896644707,27,-178.17,6.653799516066003,11
ss_CAATGT,ss,6,nsp,-203.86,5.591647163403652,25,-184.48,6.11174394097136,11
ss_CAATGG,ss,6,nsp,-176.14,3.006660606054511,29,-169.26,5.943124599064037,8
ss_CAATT,ss,5,nsp,-173.99,3.668340633038327,22,-146.17,6.34607918324377,10
ss_CAATTA,ss,6,nsp,-201.09,2.069976569915724,27,-201.09,4.643109518415433,11
ss_CAC,ss,3,rebuild-ss-fb,-139.61,3.8529445882337905,10,-123.24,6.322931993940786,7
ss_CAATTC,ss,6,nsp,-201.78,6.030759653642328,26,-172.74,5.697282510109541,12
ss_CACA,ss,4,rebuild-ss-fb,-174.21,6.4542734680210385,9,-130.44,4.851989591909686,6
ss_CAATTG,ss,6,nsp,-177.05,3.021078946336911,23,-160.89,6.887617367421047,10
ss_CACAA,ss,5,nsp,-199.7,3.3259864702070083,30,-142.29,6.669409119254884,11
ss_CAATTT,ss,6,nsp,-182.58,2.2689070055866085,25,-182.58,4.311190206891833,16
ss_CACAAA,ss,6,nsp,-196.26,6.339140793514545,26,-188.57,6.680727654978922,10
ss_CACAAC,ss,6,nsp,-206.2,2.7542962803590996,26,-206.2,6.512034474724468,11
ss_CACAAG,ss,6,nsp,-181.23,5.344921421312029,23,-158.47,6.0933205233271535,10
ss_CACAC,ss,5,nsp,-196.89,3.454572911374149,26,-141.11,5.888709536052874,9
ss_CACAAT,ss,6,nsp,-196.86,6.620179302707764,24,-168.51,5.151934102839432,9
ss_CACACA,ss,6,nsp,-176.84,3.6527751094202427,25,-162.04,6.794364870979482,9
ss_CACACG,ss,6,nsp,-169.84,4.787921887416301,22,-166.66,5.817396238868386,11
ss_CACACC,ss,6,nsp,-182.11,3.1975911245811184,27,-182.11,6.9585272867180805,11
ss_CACACT,ss,6,nsp,-182.96,2.316463468306824,26,-182.96,6.63504559140328,13
ss_CACAG,ss,5,nsp,-205.65,3.7977557846707475,22,-179.8,5.817510206265224,6
ss_CACAGA,ss,6,nsp,-196.79,6.504315644247293,28,-186.55,4.629708522142625,14
ss_CACAGC,ss,6,nsp,-200.3,2.9364790140574635,22,-200.3,6.281284980002091,13
ss_CACAGG,ss,6,nsp,-162.67,4.596069842811363,22,-158.53,6.523020006101482,9
ss_CACAGT,ss,6,nsp,-188.95,6.569452031943022,22,-163.15,6.564088436332956,10
ss_CACAT,ss,5,nsp,-199.02,3.4445633975875904,25,-164.3,6.938401905338152,7
ss_CACATA,ss,6,nsp,-196.03,2.3425594976435637,15,-196.03,4.808206526346378,9
ss_CACATG,ss,6,nsp,-167.59,3.8483370434513766,23,-163.82,3.5223226711929776,10
ss_CACATC,ss,6,nsp,-178.12,6.31788406034807,28,-170.44,4.735628574962357,15
ss_CACC,ss,4,rebuild-ss-fb,-183.37,6.318881388347173,9,-126.59,5.243608681051629,6
ss_CACATT,ss,6,nsp,-183.62,3.733895552904514,24,-158.23,6.088709961888476,8
ss_CACCA,ss,5,nsp,-207.59,3.203661811115533,28,-136.64,2.783136539949127,14
ss_CACCAC,ss,6,nsp,-204.86,3.206079381425211,27,-204.86,6.688202523847509,12
ss_CACCAA,ss,6,nsp,-207.02,6.009400053249923,27,-190.35,5.395604136702386,11
ss_CACCC,ss,5,nsp,-193.87,3.065538778094325,22,-136.96,6.822075710515086,10
ss_CACCAG,ss,6,nsp,-181.24,6.036002402252673,24,-159.66,6.052342191251255,10
ss_CACCAT,ss,6,nsp,-204.07,6.122157871208496,23,-187.46,4.846912831896205,9
ss_CACCCA,ss,6,nsp,-175.66,2.941314502055157,26,-175.66,6.011288131507246,10
ss_CACCCC,ss,6,nsp,-177.76,2.4883826072370954,21,-177.76,5.6375814849986785,5
ss_CACCCG,ss,6,nsp,-173.04,4.106567666555627,28,-158.14,6.673112392279946,13
ss_CACCG,ss,5,nsp,-201.83,2.8589888072533767,21,-149.79,5.463118614857272,7
ss_CACCCT,ss,6,nsp,-185.97,2.548227030701954,20,-185.97,4.314938006507158,7
ss_CACCGC,ss,6,nsp,-195.93,4.421448179047244,26,-154.53,6.053701347109899,9
ss_CACCGA,ss,6,nsp,-207.39,6.698316057040017,26,-193.62,5.144117125416188,9
ss_CACCGG,ss,6,nsp,-192.59,6.351439600594502,23,-156.45,5.115832190367465,11
ss_CACCT,ss,5,nsp,-191.95,3.3702989481647103,25,-142.17,6.246108068229378,9
ss_CACCGT,ss,6,nsp,-194.54,5.022153024351226,26,-157.47,6.576249386998637,10
ss_CACCTA,ss,6,nsp,-176.33,5.88168190231331,23,-158.3,6.67150785055373,9
ss_CACG,ss,4,rebuild-ss-fb,-165.12,5.836808974088504,11,-141.38,2.421702500308409,5
ss_CACCTC,ss,6,nsp,-186.67,6.460220661865967,25,-180.63,3.6078253838011736,10
ss_CACCTG,ss,6,nsp,-197.8,6.175148095390112,22,-152.65,5.616974719544326,6
ss_CACCTT,ss,6,nsp,-179.69,5.662773701994467,25,-173.64,5.5739090412384895,13
ss_CACGA,ss,5,nsp,-216.2,3.270297998653967,18,-141.77,6.203437998400564,9
ss_CACGAA,ss,6,nsp,-181.67,2.375724100142935,29,-181.67,5.170802935715106,10
ss_CACGAC,ss,6,nsp,-199.23,6.427955584787436,21,-179.15,6.149985040632225,11
ss_CACGAG,ss,6,nsp,-191.14,4.192981159032316,27,-186.08,6.1481628150204495,11
ss_CACGC,ss,5,nsp,-206.6,3.2460995055605006,24,-147.44,5.904123728378329,11
ss_CACGAT,ss,6,nsp,-167.63,3.0330908327974533,17,-167.63,3.397162639615599,7
ss_CACGCA,ss,6,nsp,-186.2,4.7480549701957,32,-176.76,6.300938818938021,14
ss_CACGCC,ss,6,nsp,-185.34,3.4077758142225423,30,-166.78,5.174899999033811,10
ss_CACGCG,ss,6,nsp,-214.19,3.249501654100211,25,-214.19,5.557660029184944,14
ss_CACGCT,ss,6,nsp,-168.95,4.774280783531704,27,-165.05,6.883141361326235,12
ss_CACGG,ss,5,nsp,-211.9,3.3259687310616872,19,-177.0,5.596238111445944,7
ss_CACGGA,ss,6,nsp,-195.22,6.627839693293732,27,-174.53,5.431308774135384,12
ss_CACGGC,ss,6,nsp,-191.16,6.326091210218215,25,-170.6,5.77011940950967,13
ss_CACGGG,ss,6,nsp,-190.17,6.314370039837718,31,-189.41,4.986231542959084,15
ss_CACGT,ss,5,nsp,-211.22,3.0324310379628048,23,-162.42,6.202646773757156,8
ss_CACGGT,ss,6,nsp,-179.73,6.102324229340812,25,-171.38,6.34946533182125,9
ss_CACGTA,ss,6,nsp,-170.05,5.176620615807192,25,-164.39,5.375172276308927,8
ss_CACGTC,ss,6,nsp,-192.1,6.367564526567438,29,-176.6,2.6372739713575455,11
ss_CACGTG,ss,6,nsp,-184.5,6.927690379917399,26,-149.55,6.640189605726624,13
ss_CACT,ss,4,rebuild-ss-fb,-133.5,2.7742757613474565,9,-133.5,3.255691785166405,4
ss_CACGTT,ss,6,nsp,-174.16,3.732484695213092,34,-162.13,5.987054367550046,12
ss_CACTA,ss,5,nsp,-205.51,3.2882831386606726,29,-151.94,6.024649865344883,12
ss_CACTAC,ss,6,nsp,-170.52,6.560347704199845,22,-166.01,6.382162407836404,9
ss_CACTAA,ss,6,nsp,-178.2,3.47042475786465,24,-168.77,5.920509859800942,11
ss_CACTC,ss,5,nsp,-204.59,3.2797887127069876,23,-144.38,5.837648156578139,7
ss_CACTAG,ss,6,nsp,-191.56,5.107540895577828,23,-173.4,6.264930406636621,11
ss_CACTAT,ss,6,nsp,-203.48,5.946761471591083,20,-179.52,6.756597442500194,8
ss_CACTCC,ss,6,nsp,-186.66,3.0539133910443685,24,-186.66,6.9238539123814675,6
ss_CACTCA,ss,6,nsp,-183.23,3.7531569378324847,26,-167.64,6.888450696637093,14
ss_CACTCG,ss,6,nsp,-179.28,3.7709730839665205,28,-160.47,4.0377480109585875,13
ss_CACTG,ss,5,nsp,-216.38,3.2386802867834987,24,-146.91,5.980406424315992,7
ss_CACTGA,ss,6,nsp,-180.6,2.906741990614247,27,-174.47,6.692317535801775,12
ss_CACTCT,ss,6,nsp,-182.25,3.26956663795067,26,-174.06,5.596170923050872,9
ss_CACTGC,ss,6,nsp,-174.8,3.3386260647158656,22,-158.04,6.77986032304501,8
ss_CACTGG,ss,6,nsp,-194.44,5.150120484027551,27,-166.42,6.360997563275763,11
ss_CACTT,ss,5,nsp,-190.77,3.8087406055020345,28,-153.08,6.760200440815339,9
ss_CACTGT,ss,6,nsp,-202.4,6.065954665178432,28,-176.49,6.5311035055340945,15
ss_CACTTA,ss,6,nsp,-181.35,4.726615808377062,22,-156.98,4.858642402976378,9
ss_CAG,ss,3,rebuild-ss-fb,-152.45,3.000742741389226,12,-119.87,6.813609982967894,4
ss_CACTTC,ss,6,nsp,-173.03,3.4857748062661784,23,-161.39,6.86778901830858,9
ss_CAGA,ss,4,rebuild-ss-fb,-134.92,3.093238594095175,8,-134.92,6.222232236103058,5
ss_CACTTG,ss,6,nsp,-189.26,5.625734529819216,22,-150.35,4.08217295077021,10
ss_CACTTT,ss,6,nsp,-188.5,4.090936567584494,22,-180.41,6.911240988418802,8
ss_CAGAA,ss,5,nsp,-180.98,3.3677869588202927,20,-131.95,6.306562137963919,6
ss_CAGAAA,ss,6,nsp,-179.15,2.4923647405626594,28,-179.15,6.080125080950232,14
ss_CAGAC,ss,5,nsp,-177.27,3.3139554915538696,24,-155.08,6.475754473418533,10
ss_CAGAAC,ss,6,nsp,-194.06,3.112847410330273,27,-194.06,6.105044962979403,12
ss_CAGAAG,ss,6,nsp,-176.68,2.8190094004809563,23,-169.51,6.4529790794640025,14
ss_CAGAAT,ss,6,nsp,-196.88,5.788577459099956,23,-173.83,6.962054079077528,12
ss_CAGACA,ss,6,nsp,-185.29,2.664435775168922,31,-185.29,4.616197677743019,18
ss_CAGACC,ss,6,nsp,-198.81,2.519774791524048,27,-198.81,5.064962981108559,10
ss_CAGACG,ss,6,nsp,-169.98,2.7458341173494034,24,-169.98,6.302070374091354,12
ss_CAGACT,ss,6,nsp,-187.28,2.78139910836255,28,-187.28,5.796731061555291,10
ss_CAGAG,ss,5,nsp,-195.58,3.6152638907830883,26,-157.03,5.283407044701362,9
ss_CAGAGA,ss,6,nsp,-189.9,2.617690776237727,26,-189.9,4.508543334603767,10
ss_CAGAGC,ss,6,nsp,-191.0,2.887824613788031,25,-191.0,6.923717209707509,11
ss_CAGAGG,ss,6,nsp,-184.89,6.2058066357243264,23,-170.72,5.853826611713049,11
ss_CAGAT,ss,5,nsp,-190.97,3.761439750946459,26,-154.85,6.151816967368272,12
ss_CAGAGT,ss,6,nsp,-200.44,5.691925772530786,25,-187.44,5.6250187555242785,9
ss_CAGATA,ss,6,nsp,-203.36,2.600374203840672,23,-203.36,5.08198996457096,6
ss_CAGC,ss,4,rebuild-ss-fb,-133.44,6.305275093126392,3,,,0
ss_CAGATC,ss,6,nsp,-193.4,2.2526477753967824,30,-193.4,5.575591986506901,17
ss_CAGCA,ss,5,nsp,-176.02,4.01260090215811,27,-135.95,6.0560374008092115,9
ss_CAGATG,ss,6,nsp,-165.43,3.885092534290546,20,-163.98,5.885491143481563,10
ss_CAGATT,ss,6,nsp,-204.18,4.4919076125851225,28,-175.8,6.572388454740035,12
ss_CAGCAA,ss,6,nsp,-187.88,2.817232152308355,27,-164.19,6.41450590458844,7
ss_CAGCAC,ss,6,nsp,-197.98,3.022402024880226,24,-196.3,6.140987705573105,9
ss_CAGCAG,ss,6,nsp,-167.66,6.680431872266943,28,-167.52,4.415492384774315,10
ss_CAGCAT,ss,6,nsp,-189.57,5.247919016143465,21,-177.43,5.394941704967738,9
ss_CAGCC,ss,5,nsp,-175.77,3.653389248355573,27,-157.43,6.002644250661546,15
ss_CAGCCA,ss,6,nsp,-181.78,2.560886955724522,31,-181.78,4.270499970729419,16
ss_CAGCCC,ss,6,nsp,-193.64,2.7531936001669064,27,-193.64,5.624608075235106,13
ss_CAGCCG,ss,6,nsp,-163.3,2.8151422699394972,26,-163.3,3.725784883752683,17
ss_CAGCCT,ss,6,nsp,-187.8,2.587189208388141,31,-187.8,5.60122897228815,15
ss_CAGCG,ss,5,nsp,-186.36,3.300649784512153,21,-138.54,3.477532889851648,7
ss_CAGCGA,ss,6,nsp,-192.69,2.5722394911827275,27,-192.69,4.558127795487964,11
ss_CAGCT,ss,5,nsp,-184.69,4.16445686734778,27,-147.85,6.722740512618364,10
ss_CAGCGC,ss,6,nsp,-200.42,2.9130755225362983,28,-167.64,6.9890294032862625,11
ss_CAGCGG,ss,6,nsp,-202.67,3.4051236394586333,24,-166.78,4.345077559722031,6
ss_CAGCGT,ss,6,nsp,-193.15,5.3957451755990125,22,-174.31,5.5179646609959185,12
ss_CAGCTA,ss,6,nsp,-188.94,6.2030506204608855,18,-165.05,6.640538381788019,10
ss_CAGCTC,ss,6,nsp,-194.78,2.6291346485108127,22,-194.78,6.113598858283072,9
ss_CAGCTG,ss,6,nsp,-182.46,3.0628316963228834,23,-177.33,6.004751535242743,12
ss_CAGCTT,ss,6,nsp,-199.28,4.6769812913887145,15,-189.14,3.2942006617690933,6
ss_CAGG,ss,4,rebuild-ss-fb,-136.58,5.097950372453618,7,-125.19,3.693796691752265,3
ss_CAGGA,ss,5,nsp,-187.58,3.81431723903506,21,-159.02,6.380477333240823,10
ss_CAGGAA,ss,6,nsp,-204.51,3.181704103149756,19,-204.51,5.147688801782788,10
ss_CAGGAC,ss,6,nsp,-204.95,2.8736772609324217,22,-177.42,6.653552284306485,10
ss_CAGGAG,ss,6,nsp,-197.8,6.501046300404268,26,-170.5,6.459881500461138,11
ss_CAGGC,ss,5,nsp,-177.08,4.578387816688347,21,-150.73,5.803901274143101,9
ss_CAGGAT,ss,6,nsp,-182.17,6.359577737554613,31,-174.71,6.418775662071404,10
ss_CAGGCA,ss,6,nsp,-188.2,3.075182108428703,27,-158.19,6.3463212178395185,13
ss_CAGGCC,ss,6,nsp,-191.9,2.4580736360003645,29,-160.37,6.8306676833234965,11
ss_CAGGCG,ss,6,nsp,-180.61,3.8519644338960424,30,-173.57,6.879863516088098,13
ss_CAGGCT,ss,6,nsp,-172.58,2.7434828229824912,28,-172.58,6.57158344693271,15
ss_CAGGG,ss,5,nsp,-189.52,3.61302283413765,29,-165.73,5.660584775445031,13
ss_CAGGGA,ss,6,nsp,-199.86,6.449650610692039,15,-138.75,3.2057231633439605,5
ss_CAGGGC,ss,6,nsp,-202.28,2.937777050764733,28,-202.28,6.276749636555532,11
ss_CAGGGG,ss,6,nsp,-198.53,6.442030270031349,24,-165.51,6.482983032524462,13
ss_CAGGT,ss,5,nsp,-184.83,3.6774092782827537,24,-142.56,6.4423335058036395,9
ss_CAGGGT,ss,6,nsp,-188.15,5.969760966738964,22,-172.36,6.7242716334187564,11
ss_CAGGTA,ss,6,nsp,-181.21,5.362801599910277,20,-171.32,3.2065688827779812,6
ss_CAGGTC,ss,6,nsp,-177.25,6.501836125280308,23,-173.61,2.619122181189737,9
ss_CAGGTG,ss,6,nsp,-181.16,4.921929499698277,24,-172.94,5.618665855877183,11
ss_CAGT,ss,4,rebuild-ss-fb,-127.65,3.1264642969335146,5,-127.65,3.1264642969335146,1
ss_CAGGTT,ss,6,nsp,-180.4,5.299772542288962,26,-159.88,4.550278892551537,9
ss_CAGTA,ss,5,nsp,-179.09,4.917824519032782,21,-156.18,6.121230431865801,8
ss_CAGTAA,ss,6,nsp,-212.92,3.4187404113211164,27,-171.3,5.452048605799476,10
ss_CAGTAC,ss,6,nsp,-205.77,2.981062562241868,19,-191.11,6.336901451024782,8
ss_CAGTAG,ss,6,nsp,-196.09,2.4130785316686345,31,-161.46,6.343073308736075,15
ss_CAGTC,ss,5,nsp,-181.34,5.262990499706438,20,-147.53,5.087645624451464,6
ss_CAGTAT,ss,6,nsp,-206.23,3.627430495543661,25,-190.0,5.48500583408988,12
ss_CAGTCA,ss,6,nsp,-206.88,3.8125088852355633,29,-158.19,4.772518098446569,14
ss_CAGTCC,ss,6,nsp,-200.89,2.2375944672795622,31,-200.89,5.005563804408066,15
ss_CAGTCG,ss,6,nsp,-206.59,3.3711506937542985,33,-165.13,5.47634412724403,13
ss_CAGTG,ss,5,nsp,-180.55,4.0898265244384415,24,-140.99,6.362129046160562,7
ss_CAGTCT,ss,6,nsp,-212.39,4.767520110078205,30,-164.39,6.787575192953672,13
ss_CAGTGA,ss,6,nsp,-191.84,3.5069686340199833,24,-190.77,4.357583963620218,9
ss_CAGTGC,ss,6,nsp,-208.17,2.459818082704491,24,-208.17,6.299734359478984,11
ss_CAGTT,ss,5,nsp,-190.9,3.98912083045879,23,-150.83,6.037469917109322,10
ss_CAGTGT,ss,6,nsp,-203.52,2.644687127053026,25,-203.52,5.744016451926306,10
ss_CAGTGG,ss,6,nsp,-196.46,2.8188254646217583,26,-167.95,5.6111130803076925,12
ss_CAGTTA,ss,6,nsp,-202.72,3.2705316081640463,24,-171.9,6.518739908908772,9
ss_CAT,ss,3,rebuild-ss-fb,-141.13,3.094288609680757,8,-127.2,6.050432711798397,4
ss_CAGTTC,ss,6,nsp,-202.37,4.9779571111049385,28,-184.34,6.386282878169434,7
ss_CAGTTG,ss,6,nsp,-190.16,3.457096324952495,24,-177.75,5.976974987399565,14
ss_CATA,ss,4,rebuild-ss-fb,-179.71,6.266520725250987,11,-131.22,3.9685051341783675,5
ss_CAGTTT,ss,6,nsp,-197.2,3.1945955925594207,21,-197.2,6.72332930920389,9
ss_CATAA,ss,5,nsp,-189.25,3.3894675098015137,21,-153.5,6.378499274907856,5
ss_CATAAA,ss,6,nsp,-178.69,5.253483606141736,29,-158.07,3.0914393088009953,11
ss_CATAAG,ss,6,nsp,-183.6,6.241170002491542,28,-166.82,6.265204944772359,9
ss_CATAAT,ss,6,nsp,-193.76,5.919885556326237,22,-175.94,6.903382504251083,6
ss_CATAAC,ss,6,nsp,-210.5,2.5910663827852582,26,-210.5,6.821216533727694,15
ss_CATAC,ss,5,nsp,-178.39,5.384600728002036,24,-142.74,6.034064467670191,11
ss_CATACA,ss,6,nsp,-170.47,3.6234533252134007,30,-154.35,3.6081744691741395,11
ss_CATACC,ss,6,nsp,-187.25,3.1193797460392494,31,-187.25,6.0022459962917285,8
ss_CATACT,ss,6,nsp,-194.22,5.849280126648069,24,-193.52,5.865578402851673,9
ss_CATACG,ss,6,nsp,-175.95,2.7587897708959317,21,-175.95,4.491627544665733,10
ss_CATAG,ss,5,nsp,-198.37,2.9195926085671817,24,-178.46,5.5690879863762195,12
ss_CATAGA,ss,6,nsp,-182.77,5.897351439417539,26,-170.3,5.218676939608365,13
ss_CATAGG,ss,6,nsp,-183.19,5.548521064211652,25,-164.29,3.0143956276507535,11
ss_CATAGC,ss,6,nsp,-209.45,3.357579634200804,19,-163.45,6.644380482783919,6
ss_CATAGT,ss,6,nsp,-193.44,6.060734773936247,21,-166.06,5.604477228074013,8
ss_CATAT,ss,5,nsp,-187.0,3.3077356303066447,24,-168.21,6.819475712985575,8
ss_CATATA,ss,6,nsp,-189.87,6.91380893574591,30,-167.58,5.2113075134749,11
ss_CATATC,ss,6,nsp,-174.2,3.8371085468096906,30,-169.15,5.902126227047337,11
ss_CATC,ss,4,rebuild-ss-fb,-172.57,5.639720383139595,9,-130.78,4.60648358295132,5
ss_CATATG,ss,6,nsp,-185.8,5.806176280479284,23,-181.38,6.6249520752983635,12
ss_CATATT,ss,6,nsp,-179.42,2.9909147430175955,23,-179.42,4.816789906151202,7
ss_CATCA,ss,5,nsp,-180.23,3.551529388868992,28,-153.32,5.954794202993092,8
ss_CATCAA,ss,6,nsp,-179.74,6.5625943802737154,25,-169.62,4.409043773881138,8
ss_CATCAC,ss,6,nsp,-197.07,2.719492783590345,23,-197.07,6.189084100252637,9
ss_CATCAG,ss,6,nsp,-169.59,2.16062814940471,22,-168.72,4.933252578167866,10
ss_CATCAT,ss,6,nsp,-194.67,5.921285248997902,24,-185.95,3.5716489189168787,10
ss_CATCC,ss,5,nsp,-179.78,3.111586572795329,24,-141.46,6.091250528421894,6
ss_CATCCA,ss,6,nsp,-170.51,3.107995012866024,24,-170.51,6.23249059365516,12
ss_CATCCC,ss,6,nsp,-183.83,3.2774271921737705,31,-183.83,6.551844396809198,10
ss_CATCCG,ss,6,nsp,-176.23,6.028872614345096,25,-156.89,2.9235883773199056,9
ss_CATCG,ss,5,nsp,-191.65,3.572093503815403,23,-144.13,6.099422349698367,7
ss_CATCCT,ss,6,nsp,-196.41,6.296890184845229,29,-191.19,5.983849429923848,11
ss_CATCGC,ss,6,nsp,-176.24,4.100209994622241,21,-170.96,5.886192742342017,9
ss_CATCGA,ss,6,nsp,-185.24,6.992484679997547,22,-164.52,2.8204762009277733,9
ss_CATCGG,ss,6,nsp,-187.69,6.947549927852266,23,-179.77,4.533249937958423,8
ss_CATCT,ss,5,nsp,-175.2,3.1213519506778105,24,-165.3,6.9060095569004245,14
ss_CATCTA,ss,6,nsp,-161.59,2.842192991336081,23,-161.59,6.0474532656317495,11
ss_CATCGT,ss,6,nsp,-200.7,5.474074990352264,23,-183.91,3.7483406995629167,11
ss_CATCTC,ss,6,nsp,-158.18,2.4359995894909177,22,-158.18,4.465346347149354,9
ss_CATG,ss,4,rebuild-ss-fb,-167.31,6.66701799907577,9,-129.07,5.49290242039671,6
ss_CATCTG,ss,6,nsp,-174.13,2.9061126956812853,20,-174.13,4.096568442001193,9
ss_CATCTT,ss,6,nsp,-183.09,2.6524907162891243,19,-183.09,3.8788772860197427,12
ss_CATGA,ss,5,nsp,-214.63,3.271017272959603,27,-145.88,5.7093693171838185,11
ss_CATGAA,ss,6,nsp,-184.73,2.427505097831944,31,-184.73,5.441089780549478,11
ss_CATGAG,ss,6,nsp,-179.65,5.764064017687549,25,-173.06,5.152020477443783,11
ss_CATGAC,ss,6,nsp,-196.54,6.729644641435397,25,-190.01,5.356267170334202,11
ss_CATGC,ss,5,nsp,-193.24,3.478356795959862,25,-147.04,6.645125280986047,11
ss_CATGAT,ss,6,nsp,-193.16,4.099091362729076,29,-152.89,6.167144720208863,10
ss_CATGCA,ss,6,nsp,-198.7,3.205176594198836,23,-198.7,6.032045175560293,10
ss_CATGCC,ss,6,nsp,-196.42,3.1252452703748053,27,-196.42,6.167071103854744,11
ss_CATGCG,ss,6,nsp,-179.55,5.115939112225633,23,-162.01,2.812506888880446,12
ss_CATGG,ss,5,nsp,-190.67,3.6375190721149493,29,-156.23,6.048256690981299,14
ss_CATGCT,ss,6,nsp,-200.43,4.750457872668716,18,-171.68,6.057369891297709,9
ss_CATGGA,ss,6,nsp,-195.44,6.465345234401653,24,-183.21,5.152300262989326,15
ss_CATGGC,ss,6,nsp,-192.59,6.076764106002473,22,-183.57,5.243307353188443,10
ss_CATGGG,ss,6,nsp,-182.06,4.869489500964142,29,-171.32,2.60195176742383,11
ss_CATGGT,ss,6,nsp,-187.76,5.991126271411747,18,-155.53,4.967359660825855,7
ss_CATGT,ss,5,nsp,-210.0,3.529528155433825,22,-160.2,6.103502109445036,9
ss_CATGTA,ss,6,nsp,-189.86,6.398660719244299,26,-167.48,3.671614086474785,14
ss_CATGTG,ss,6,nsp,-186.79,5.613530172716631,25,-181.52,6.5605509677160585,12
ss_CATT,ss,4,rebuild-ss-fb,-135.93,2.850223500008363,8,-135.89,3.04530934389266,4
ss_CATGTC,ss,6,nsp,-183.47,2.8716988003619037,29,-183.47,4.691173094227084,11
ss_CATGTT,ss,6,nsp,-184.46,4.777070441180464,27,-146.97,4.233174931419678,11
ss_CATTA,ss,5,nsp,-188.32,3.637030794480598,27,-146.93,5.612591112846194,10
ss_CATTAA,ss,6,nsp,-193.29,5.460962735635564,25,-169.98,4.1026120947513505,12
ss_CATTAC,ss,6,nsp,-171.7,2.7075080793969946,22,-171.7,6.961500484809299,8
ss_CATTAG,ss,6,nsp,-184.71,4.2374672860094105,29,-167.91,6.499764995751771,14
ss_CATTC,ss,5,nsp,-179.16,2.876454240901474,27,-144.72,5.133896765615776,6
ss_CATTAT,ss,6,nsp,-191.3,4.747991364777313,24,-162.77,5.715069553382548,12
ss_CATTCA,ss,6,nsp,-174.66,3.127709865061023,28,-174.66,4.950664702845472,13
ss_CATTCC,ss,6,nsp,-181.09,2.4965181753794727,23,-181.09,5.591085136178852,11
ss_CATTCG,ss,6,nsp,-190.17,4.765289917728001,20,-170.48,4.4994334087749275,5
ss_CATTG,ss,5,nsp,-197.08,3.189320146990597,22,-147.86,6.0277216259545385,6
ss_CATTCT,ss,6,nsp,-175.01,2.904208153696993,20,-175.01,5.6038752662778,9
ss_CATTGA,ss,6,nsp,-186.73,5.136746830436561,22,-158.42,6.976741789689513,9
ss_CATTGC,ss,6,nsp,-173.79,5.315081184704529,26,-167.98,6.5203907858348575,8
ss_CATTT,ss,5,nsp,-176.43,3.2688877313239275,25,-153.63,6.686718253373609,10
ss_CATTGG,ss,6,nsp,-186.87,4.963133385271861,24,-164.58,5.381826269957063,9
ss_CATTGT,ss,6,nsp,-186.34,4.511352014640417,23,-163.79,3.1119010267037783,9
ss_CATTTA,ss,6,nsp,-183.78,5.147404297313371,27,-164.38,6.0343090739537155,12
ss_CATTTC,ss,6,nsp,-189.02,5.2859154363270076,19,-160.01,5.2439944698674115,11
ss_CATTTG,ss,6,nsp,-184.63,4.919437467841212,29,-170.19,4.751814600760426,18
ss_CCA,ss,3,rebuild-ss-fb,-141.57,6.720439420156997,11,-119.17,3.201900997844868,7
ss_CATTTT,ss,6,nsp,-185.86,4.922505459621144,21,-165.86,5.214484634170489,10
ss_CCAA,ss,4,rebuild-ss-fb,-135.49,6.913048748562405,12,-131.97,5.970602482162091,7
ss_CCAAA,ss,5,nsp,-184.14,6.1000195081655155,23,-143.48,2.8379043324256013,7
ss_CCAAAA,ss,6,nsp,-202.12,3.173925172400899,26,-202.12,5.094911775487385,12
ss_CCAAAC,ss,6,nsp,-187.28,2.3858730058408524,24,-187.28,5.976400505320902,11
ss_CCAAAG,ss,6,nsp,-206.05,1.8336469125761508,31,-206.05,5.292793118949585,15
ss_CCAAC,ss,5,nsp,-185.87,6.654861456108612,24,-150.34,6.064697931471951,11
ss_CCAAAT,ss,6,nsp,-189.85,5.615571386778024,20,-177.68,4.887630305168348,5
ss_CCAACA,ss,6,nsp,-188.16,2.7855279571384863,27,-188.16,4.586312353078452,16
ss_CCAACC,ss,6,nsp,-184.26,2.7641977136232487,29,-184.26,6.454518804682509,12
ss_CCAACG,ss,6,nsp,-186.26,6.077937232318237,23,-168.36,5.96142675875498,13
ss_CCAACT,ss,6,nsp,-145.54,2.699239152057484,16,-145.54,4.819972095354906,6
ss_CCAAG,ss,5,nsp,-194.48,6.343467190740421,27,-187.93,6.1845260125574635,11
ss_CCAAGC,ss,6,nsp,-201.66,2.9005759772844977,29,-201.66,6.937435116813692,15
ss_CCAAGA,ss,6,nsp,-198.27,6.657322359627785,27,-184.25,6.742401204318822,14
ss_CCAAT,ss,5,nsp,-183.48,6.79371187201812,25,-152.95,6.171074055624363,9
ss_CCAAGG,ss,6,nsp,-202.19,2.4549633398484922,23,-202.19,6.289306957050214,11
ss_CCAAGT,ss,6,nsp,-191.88,4.903365069011287,29,-181.28,3.782576370676485,14
ss_CCAATA,ss,6,nsp,-183.46,2.367679243478739,19,-183.46,5.344650503073137,8
ss_CCAC,ss,4,rebuild-ss-fb,-141.23,2.907061402860281,8,-132.46,5.840171658436068,4
ss_CCAATC,ss,6,nsp,-194.04,5.8981357224126345,28,-184.47,2.8717534713132995,11
ss_CCAATG,ss,6,nsp,-186.15,6.308306587349736,20,-141.94,3.7848463641210306,9
ss_CCACA,ss,5,nsp,-180.8,6.640320323598866,24,-168.21,6.083433569950437,13
ss_CCAATT,ss,6,nsp,-199.51,2.9001944762377416,21,-199.51,4.364590244226827,10
ss_CCACAA,ss,6,nsp,-204.81,6.656596803172028,29,-203.73,5.431289349684848,12
ss_CCACAC,ss,6,nsp,-179.5,2.6180867059744246,21,-179.5,6.641442388517731,7
ss_CCACAG,ss,6,nsp,-200.13,5.947376984856445,19,-186.28,6.291298276190702,7
ss_CCACC,ss,5,nsp,-186.43,6.707903174614253,28,-149.71,6.317631043357948,14
ss_CCACAT,ss,6,nsp,-206.99,5.65848080318384,21,-189.26,4.39226524699956,9
ss_CCACCA,ss,6,nsp,-194.13,2.61734846743799,25,-194.13,4.8980469577169226,11
ss_CCACCC,ss,6,nsp,-198.71,2.386882695064843,25,-198.71,5.325011643179749,6
ss_CCACCG,ss,6,nsp,-182.23,2.548815214957728,24,-182.23,4.703359012450573,9
ss_CCACG,ss,5,nsp,-193.15,6.324871777356458,18,-138.26,4.908274034729519,4
ss_CCACCT,ss,6,nsp,-192.97,5.957270348070504,20,-161.32,6.815845802246401,8
ss_CCACGA,ss,6,nsp,-213.08,6.539517260471139,26,-186.28,5.7647447471679145,14
ss_CCACGC,ss,6,nsp,-179.58,3.3502331262167497,32,-179.58,5.795414480431917,15
ss_CCACGG,ss,6,nsp,-199.59,2.8088364138910014,23,-199.59,5.442917048789194,11
ss_CCACT,ss,5,nsp,-196.75,3.6670398143461878,27,-149.83,4.67573662645792,11
ss_CCACGT,ss,6,nsp,-192.73,5.235512295850337,22,-180.95,6.412076886625728,13
ss_CCACTA,ss,6,nsp,-195.17,6.104052014850466,21,-168.7,6.777364532028651,12
ss_CCACTC,ss,6,nsp,-189.82,5.879690978274285,22,-159.23,6.911228761949652,9
ss_CCACTG,ss,6,nsp,-197.0,2.6475564205508495,22,-197.0,4.279016475780384,7
ss_CCAG,ss,4,rebuild-ss-fb,-137.07,5.33670478853759,7,-123.61,3.8044452946520484,3
ss_CCACTT,ss,6,nsp,-159.14,6.348381210986007,16,-151.24,2.5591057031705553,5
ss_CCAGA,ss,5,nsp,-188.36,6.730467888638953,23,-146.66,6.237043209726856,9
ss_CCAGAA,ss,6,nsp,-195.79,6.069623052546201,23,-193.37,5.82850684137885,12
ss_CCAGAC,ss,6,nsp,-191.11,6.724270666771219,27,-183.66,5.564130300415334,11
ss_CCAGC,ss,5,nsp,-179.27,6.482454164897738,24,-145.2,6.526497835746211,10
ss_CCAGAG,ss,6,nsp,-195.44,6.603857811915691,25,-174.07,6.30261890010812,13
ss_CCAGAT,ss,6,nsp,-182.32,6.631199665218958,19,-171.3,6.28265182864688,6
ss_CCAGCA,ss,6,nsp,-211.07,3.15687345327619,26,-211.07,5.427960390422904,11
ss_CCAGCC,ss,6,nsp,-189.7,3.4039214150741017,26,-174.58,6.689174986498698,9
ss_CCAGCG,ss,6,nsp,-203.9,6.290590035918728,21,-168.59,4.975884845934447,9
ss_CCAGG,ss,5,nsp,-189.09,6.645845770103313,21,-183.27,5.716566189593198,10
ss_CCAGCT,ss,6,nsp,-204.88,4.127091106336289,23,-186.36,6.138233296315804,8
ss_CCAGGA,ss,6,nsp,-199.62,5.78512877989764,29,-180.78,6.654602467465662,15
ss_CCAGGC,ss,6,nsp,-188.9,6.078258549946703,24,-174.74,5.46949522351011,10
ss_CCAGGG,ss,6,nsp,-210.28,5.828492944149469,22,-207.62,5.337115138349543,12
ss_CCAGT,ss,5,nsp,-184.03,3.29125781427102,25,-143.13,5.439727199042241,8
ss_CCAGGT,ss,6,nsp,-173.21,6.930590523180553,24,-164.68,4.491534370346079,12
ss_CCAGTA,ss,6,nsp,-195.89,4.9688687847436785,21,-166.51,3.8395700280109604,9
ss_CCAT,ss,4,rebuild-ss-fb,-131.38,5.353657814989685,5,-124.11,5.7496339883509116,3
ss_CCAGTC,ss,6,nsp,-190.3,6.678216528385412,29,-173.91,5.36598499811545,12
ss_CCAGTG,ss,6,nsp,-190.31,2.5445007368833625,20,-190.31,4.843236211460279,10
ss_CCAGTT,ss,6,nsp,-184.48,2.8904383750566334,23,-184.48,2.8904383750566334,11
ss_CCATA,ss,5,nsp,-182.18,3.127354313153547,19,-173.29,5.701673877029445,5
ss_CCATAA,ss,6,nsp,-200.62,2.441156078582434,23,-200.62,5.249946761634829,11
ss_CCATAC,ss,6,nsp,-184.25,2.2771684171356354,24,-184.25,5.725287765693524,11
ss_CCATAG,ss,6,nsp,-184.86,2.739874997148598,26,-184.86,4.941434811873976,13
ss_CCATC,ss,5,nsp,-187.0,6.539987155950698,21,-143.31,3.180172007926615,4
ss_CCATAT,ss,6,nsp,-201.08,5.628100656527039,19,-173.76,6.85537876415301,8
ss_CCATCC,ss,6,nsp,-181.16,4.46455664092194,19,-174.68,5.808600089522429,6
ss_CCATCG,ss,6,nsp,-189.08,2.3654346323667457,35,-189.08,5.694297937410729,18
ss_CCATCA,ss,6,nsp,-205.16,2.6801652934100915,30,-205.16,4.8691299017380825,14
ss_CCATG,ss,5,nsp,-182.97,3.8876976477087353,21,-148.98,6.745334165184124,8
ss_CCATCT,ss,6,nsp,-212.06,2.576373420139243,23,-212.06,5.598340647013182,7
ss_CCATGA,ss,6,nsp,-205.7,2.694851758446088,24,-205.7,4.9691582788235,11
ss_CCATGC,ss,6,nsp,-189.34,2.8786145973367137,26,-189.34,6.662574277259502,12
ss_CCATGG,ss,6,nsp,-188.01,2.292384348227836,20,-188.01,4.732454754141874,13
ss_CCATT,ss,5,nsp,-185.85,6.998144968489861,23,-153.25,6.553589016714441,9
ss_CCATGT,ss,6,nsp,-185.64,5.522233787155328,22,-168.52,3.56117592938064,7
ss_CCATTA,ss,6,nsp,-207.18,6.009358451615281,21,-185.92,5.5255737258677495,11
ss_CCATTC,ss,6,nsp,-197.98,2.3800531506670346,26,-197.98,6.13982198439012,12
ss_CCATTG,ss,6,nsp,-170.84,2.871841569446354,24,-170.84,6.055789543899302,7
ss_CCC,ss,3,rebuild-ss-fb,-133.43,4.465403677160662,15,-118.16,6.669258879365815,7
ss_CCCA,ss,4,rebuild-ss-fb,-163.62,5.894658683927342,12,-134.2,4.839043293875345,6
ss_CCATTT,ss,6,nsp,-200.43,4.639839975688826,21,-187.68,2.018707754975935,6
ss_CCCAA,ss,5,nsp,-187.92,5.348811643720485,30,-168.41,5.961751252777999,12
ss_CCCAAA,ss,6,nsp,-175.77,2.6336706324064147,26,-175.77,6.0434700297097566,9
ss_CCCAAC,ss,6,nsp,-180.3,3.0474687857302216,25,-180.3,6.816739689910423,12
ss_CCCAC,ss,5,nsp,-191.39,4.026194481144697,25,-136.55,5.753926224761674,9
ss_CCCAAG,ss,6,nsp,-172.09,3.92315803913125,22,-162.46,5.16329100477594,8
ss_CCCAAT,ss,6,nsp,-202.45,6.043303980439851,22,-175.98,6.369975274677293,10
ss_CCCACA,ss,6,nsp,-174.91,3.7209860252358116,31,-165.97,5.157204863101723,13
ss_CCCACC,ss,6,nsp,-181.67,3.018865681013306,30,-179.18,6.698945364757063,14
ss_CCCACG,ss,6,nsp,-175.79,5.230782255074278,30,-163.15,3.221467212311804,11
ss_CCCAG,ss,5,nsp,-192.49,3.670447384175397,27,-183.99,6.49934104352126,12
ss_CCCACT,ss,6,nsp,-180.28,3.90753042214646,35,-155.2,6.03355732549214,15
ss_CCCAGA,ss,6,nsp,-181.39,3.009449451311663,26,-181.39,5.964753641182511,12
ss_CCCAGC,ss,6,nsp,-187.88,3.653795560783331,22,-187.88,6.925918928200081,8
ss_CCCAGG,ss,6,nsp,-181.32,3.811312241210368,27,-160.35,6.575417020995709,10
ss_CCCAT,ss,5,nsp,-190.03,4.617411829152783,26,-151.13,5.984170535671605,13
ss_CCCAGT,ss,6,nsp,-200.51,5.665817593251669,22,-164.13,5.769696872453537,9
ss_CCCATA,ss,6,nsp,-189.28,6.1065912750077,20,-184.08,6.096235641771078,12
ss_CCCC,ss,4,rebuild-ss-fb,-170.45,5.5995773947682865,14,-138.74,4.775036020806551,8
ss_CCCATC,ss,6,nsp,-186.06,4.066596980277261,25,-178.77,6.8207317056163514,10
ss_CCCATG,ss,6,nsp,-182.81,6.141581636679598,30,-168.77,6.087034499655812,11
ss_CCCATT,ss,6,nsp,-191.52,5.847391640723256,19,-163.29,4.893997241519457,10
ss_CCCCA,ss,5,nsp,-186.93,3.604904020913739,23,-151.44,5.525912956245327,12
ss_CCCCAA,ss,6,nsp,-187.48,2.8683748011722603,26,-187.48,4.977003214786986,12
ss_CCCCAC,ss,6,nsp,-186.64,2.786822204590724,24,-179.28,6.711002533154046,12
ss_CCCCAG,ss,6,nsp,-172.08,3.805594171742449,25,-166.91,4.875623549865194,9
ss_CCCCAT,ss,6,nsp,-189.54,6.5274052271940475,19,-178.75,4.4740179928113735,9
ss_CCCCC,ss,5,nsp,-189.89,4.2631444967300975,23,-134.63,6.906011873722783,7
ss_CCCCCA,ss,6,nsp,-174.31,2.57706984771467,23,-174.31,5.398726053431487,8
ss_CCCCCC,ss,6,nsp,-177.7,2.8169440889020194,27,-177.7,6.479818207326507,13
ss_CCCCCG,ss,6,nsp,-170.98,2.3692424949759907,28,-170.98,4.8680823739949295,15
ss_CCCCG,ss,5,nsp,-196.72,3.3235566792218365,21,-161.69,5.844900426867857,8
ss_CCCCCT,ss,6,nsp,-173.55,3.0381872884995302,26,-173.55,5.862849392573552,7
ss_CCCCGA,ss,6,nsp,-183.08,3.4646341798233196,23,-167.99,6.805296613667924,12
ss_CCCCGG,ss,6,nsp,-168.2,4.0998254840907675,25,-163.76,4.75856511986545,8
ss_CCCCGC,ss,6,nsp,-186.77,3.1101311869437134,26,-179.09,6.814232752115248,9
ss_CCCCGT,ss,6,nsp,-195.47,5.5972177016800275,21,-159.31,4.116227398966205,9
ss_CCCCT,ss,5,nsp,-183.81,3.400227051242337,20,-143.54,2.732136709610262,7
ss_CCCCTA,ss,6,nsp,-190.23,6.407836452344891,16,-159.98,6.740222251528488,6
ss_CCCCTC,ss,6,nsp,-174.9,4.597176633543694,28,-159.05,6.823894122859741,9
ss_CCCCTG,ss,6,nsp,-166.9,2.7666944175315065,23,-166.9,6.430531004512771,7
ss_CCCG,ss,4,rebuild-ss-fb,-169.28,6.381372031154436,15,-136.08,3.7984109835561504,9
ss_CCCCTT,ss,6,nsp,-183.22,2.574946601388085,23,-183.22,5.747858818725451,7
ss_CCCGA,ss,5,nsp,-195.43,3.4499660867898627,23,-179.23,6.653277162421549,9
ss_CCCGAC,ss,6,nsp,-198.31,3.029445823909053,31,-182.06,6.954797193304796,14
ss_CCCGAA,ss,6,nsp,-196.62,6.530923594714622,28,-194.96,4.721925560616144,12
ss_CCCGAG,ss,6,nsp,-216.61,3.2715455063318446,27,-216.61,5.306476797273304,16
ss_CCCGC,ss,5,nsp,-192.87,3.16231861139894,24,-158.25,6.083478363568009,8
ss_CCCGAT,ss,6,nsp,-191.54,6.534759827262217,21,-163.3,5.816789234620759,6
ss_CCCGCA,ss,6,nsp,-187.58,2.631748658211869,29,-187.58,4.9490387955642525,13
ss_CCCGCC,ss,6,nsp,-179.34,4.481785804788093,30,-166.99,5.036835117412515,8
ss_CCCGCG,ss,6,nsp,-180.89,4.945456399565153,32,-172.71,6.465689599725617,12
ss_CCCGG,ss,5,nsp,-204.64,3.7619215834464286,23,-161.78,5.753911886708047,6
ss_CCCGCT,ss,6,nsp,-193.24,4.567308507206423,22,-179.97,4.809330098880715,10
ss_CCCGGA,ss,6,nsp,-196.04,6.4121067520745445,24,-185.84,5.1735502317074396,14
ss_CCCGGC,ss,6,nsp,-214.02,2.614642231740304,25,-182.69,6.865937590744637,13
ss_CCCGGG,ss,6,nsp,-223.23,3.4398921494721417,31,-223.23,5.513482202746288,15
ss_CCCGT,ss,5,nsp,-193.96,3.3146767564877506,24,-144.43,6.111417347882563,10
ss_CCCGGT,ss,6,nsp,-187.37,5.634956787766879,23,-168.38,5.007109445578363,11
ss_CCCGTA,ss,6,nsp,-194.78,5.700971408453129,22,-155.18,5.064590506645129,12
ss_CCCGTC,ss,6,nsp,-178.81,5.459135645869226,21,-160.47,6.875200287991608,10
ss_CCCT,ss,4,rebuild-ss-fb,-155.17,5.953034604300571,9,-152.56,2.721315490714009,3
ss_CCCGTG,ss,6,nsp,-186.86,2.630584155658204,23,-186.86,4.836028742677197,11
ss_CCCTA,ss,5,nsp,-186.58,6.0578322030244545,18,-155.39,5.934014324215957,6
ss_CCCGTT,ss,6,nsp,-186.72,4.236254713777265,23,-165.39,2.9085558272104826,12
ss_CCCTAA,ss,6,nsp,-182.77,3.458909365681641,33,-179.68,5.799940172105247,12
ss_CCCTAC,ss,6,nsp,-189.62,3.0299962046180884,22,-189.62,6.652197606806346,8
ss_CCCTAT,ss,6,nsp,-191.43,2.952024898268991,24,-191.43,6.682363129911457,9
ss_CCCTAG,ss,6,nsp,-169.66,2.6353692340922477,29,-169.66,5.246252090778715,10
ss_CCCTC,ss,5,nsp,-190.75,4.4653897926161035,20,-147.46,5.7866893816758465,8
ss_CCCTCA,ss,6,nsp,-193.33,3.263164721554827,27,-193.33,6.00269922618151,11
ss_CCCTCC,ss,6,nsp,-184.05,2.4297781791760356,32,-184.05,5.193711004667083,9
ss_CCCTCG,ss,6,nsp,-179.88,4.483363692586193,27,-171.81,4.6497085930195805,11
ss_CCCTCT,ss,6,nsp,-184.23,2.8381973151985136,26,-184.23,5.768120491113203,11
ss_CCCTG,ss,5,nsp,-196.35,3.7055382874826894,23,-147.52,3.084592193467398,8
ss_CCCTGA,ss,6,nsp,-187.72,2.9182792875254515,28,-187.72,5.019087765719996,12
ss_CCCTGG,ss,6,nsp,-183.13,3.2439460538054563,29,-161.71,5.2246011331009825,14
ss_CCCTGC,ss,6,nsp,-169.35,2.816425749065671,25,-169.35,6.530301218167525,9
ss_CCCTT,ss,5,nsp,-188.99,5.314378232681602,26,-136.93,2.340194436366346,13
ss_CCCTGT,ss,6,nsp,-191.03,3.089685259051482,28,-191.03,6.765821901291818,11
ss_CCCTTA,ss,6,nsp,-196.78,3.0556565579266266,28,-196.78,5.871124083171806,13
ss_CCG,ss,3,rebuild-ss-fb,-145.14,6.77800118028907,13,-121.67,3.0082714305727087,6
ss_CCCTTC,ss,6,nsp,-171.62,2.873451931040444,26,-171.62,6.755550680736541,13
ss_CCCTTG,ss,6,nsp,-180.75,6.141494036470306,25,-146.22,5.420556705726829,8
ss_CCGA,ss,4,rebuild-ss-fb,-152.17,4.903299909244797,12,-140.1,6.058473240016824,8
ss_CCCTTT,ss,6,nsp,-190.17,5.557893575807312,23,-184.94,5.506754942795263,7
ss_CCGAA,ss,5,nsp,-182.35,5.922480392538268,27,-174.84,6.192463564688947,13
ss_CCGAAA,ss,6,nsp,-195.36,2.4010832971806613,26,-195.36,4.8385730334469566,13
ss_CCGAAC,ss,6,nsp,-195.84,2.4068404600222157,22,-178.53,6.887952598559316,12
ss_CCGAAG,ss,6,nsp,-178.49,3.2252747169815064,25,-173.7,6.397199856187072,12
ss_CCGAC,ss,5,nsp,-192.69,6.700248502854203,26,-155.71,5.58371534016554,12
ss_CCGACA,ss,6,nsp,-194.51,2.656616268865349,26,-194.51,4.824416648673706,13
ss_CCGAAT,ss,6,nsp,-191.08,2.49330724139645,25,-191.08,5.164777729970574,9
ss_CCGACG,ss,6,nsp,-187.28,6.901568155136933,29,-171.77,5.960506270443819,12
ss_CCGACC,ss,6,nsp,-182.76,3.8545397909478134,28,-153.02,6.893731790547126,13
ss_CCGAG,ss,5,nsp,-189.39,5.941453273400375,21,-181.71,6.262690635821005,9
ss_CCGACT,ss,6,nsp,-199.41,2.407834711935191,26,-199.41,5.444661421980267,13
ss_CCGAGC,ss,6,nsp,-189.54,2.917148436401545,26,-178.73,6.271664611568442,12
ss_CCGAGA,ss,6,nsp,-184.55,2.62191170713279,27,-184.55,4.9793763665744475,16
ss_CCGAGG,ss,6,nsp,-191.15,6.896335331174088,25,-179.26,4.563031996381346,10
ss_CCGAGT,ss,6,nsp,-199.17,2.666201230215016,25,-199.17,5.497704339085556,12
ss_CCGAT,ss,5,nsp,-186.07,6.810805972864011,28,-148.27,6.73697803172907,13
ss_CCGATA,ss,6,nsp,-181.31,2.784980251276473,25,-181.31,5.39318690571724,11
ss_CCGATC,ss,6,nsp,-199.76,6.748053126643281,28,-159.84,6.346498247065072,14
ss_CCGC,ss,4,rebuild-ss-fb,-155.77,5.404649294820152,12,-134.39,6.332813750616696,4
ss_CCGATG,ss,6,nsp,-181.1,2.4581246917111352,24,-181.1,4.457970165893886,10
ss_CCGATT,ss,6,nsp,-196.92,2.773002884960631,26,-196.92,4.375244678872267,13
ss_CCGCA,ss,5,nsp,-189.14,6.6000322726483756,24,-145.14,6.101088755296059,10
ss_CCGCAA,ss,6,nsp,-186.34,6.670394965817248,26,-169.66,5.318387913644508,11
ss_CCGCAC,ss,6,nsp,-189.18,6.164937144853948,22,-183.04,6.455276368986849,8
ss_CCGCAG,ss,6,nsp,-173.45,3.1279728259689428,28,-171.11,4.392447267754056,10
ss_CCGCC,ss,5,nsp,-187.84,6.474422136376345,21,-145.99,5.348482214610049,9
ss_CCGCAT,ss,6,nsp,-192.96,2.5273359491765257,25,-192.96,5.487348084457558,10
ss_CCGCCA,ss,6,nsp,-193.89,2.5669072830937996,23,-193.89,4.6314721201795015,11
ss_CCGCCG,ss,6,nsp,-165.5,2.5687674087001278,28,-165.5,5.031878178175628,15
ss_CCGCCC,ss,6,nsp,-193.15,2.4602392160113364,26,-193.15,5.28683430797676,11
ss_CCGCCT,ss,6,nsp,-194.83,2.6929374296481594,29,-194.83,5.669533843271437,8
ss_CCGCG,ss,5,nsp,-184.55,6.108307376024898,24,-170.83,6.0661177865254166,7
ss_CCGCGA,ss,6,nsp,-191.39,3.475919446707594,27,-188.6,5.431259430371559,12
ss_CCGCGC,ss,6,nsp,-184.93,2.644214439110422,27,-184.93,6.657819087358876,11
ss_CCGCGG,ss,6,nsp,-194.74,4.092400518033405,26,-180.79,4.43722818885845,11
ss_CCGCT,ss,5,nsp,-188.1,6.8999410867050335,24,-138.01,5.760281677140444,9
ss_CCGCGT,ss,6,nsp,-200.71,2.5645387499509553,22,-200.71,5.536616024251646,10
ss_CCGCTA,ss,6,nsp,-194.51,2.642401559188149,28,-194.51,4.985530764121315,12
ss_CCGCTC,ss,6,nsp,-167.93,2.916875211592038,24,-158.37,6.606437088173939,13
ss_CCGCTG,ss,6,nsp,-174.61,5.373208166449531,26,-170.53,6.7021630836618735,9
ss_CCGG,ss,4,rebuild-ss-fb,-140.3,3.483833951266926,12,-139.74,6.126399758422564,6
ss_CCGCTT,ss,6,nsp,-187.93,2.039993382342196,20,-187.93,4.282966261833041,11
ss_CCGGA,ss,5,nsp,-194.41,6.781418951812377,23,-157.83,5.257253275237946,8
ss_CCGGAA,ss,6,nsp,-171.47,2.7819951473717577,24,-167.7,5.468372152661154,9
ss_CCGGAC,ss,6,nsp,-202.52,2.404837832370425,27,-202.52,6.194864808855811,14
ss_CCGGAG,ss,6,nsp,-190.26,6.898436054643109,24,-173.1,6.2739884443629625,9
ss_CCGGC,ss,5,nsp,-185.12,5.980242135566079,25,-145.08,6.034328297333527,10
ss_CCGGAT,ss,6,nsp,-179.63,6.488114132781573,18,-165.33,4.426561758295031,6
ss_CCGGCC,ss,6,nsp,-191.41,2.466860555442912,31,-191.41,5.253612947296369,12
ss_CCGGCA,ss,6,nsp,-197.6,2.735507448353965,23,-197.6,4.791654098534245,11
ss_CCGGCG,ss,6,nsp,-189.45,6.694681247079659,29,-188.94,6.163316071726328,14
ss_CCGGG,ss,5,nsp,-199.56,6.915403531248208,19,-183.43,6.306659654682495,9
ss_CCGGCT,ss,6,nsp,-201.99,2.515970389332919,30,-201.99,5.563835457667674,11
ss_CCGGGA,ss,6,nsp,-191.18,4.609624496637446,25,-187.99,5.138634254352035,12
ss_CCGGGC,ss,6,nsp,-197.6,2.8558114433554445,30,-197.03,5.725130042191176,14
ss_CCGGGG,ss,6,nsp,-190.05,2.3267838318159364,25,-190.05,5.439946782827939,15
ss_CCGGT,ss,5,nsp,-185.72,4.864591246960034,23,-149.95,5.178260711860688,8
ss_CCGGGT,ss,6,nsp,-185.22,6.0504816337214145,17,-165.2,4.4778998425601255,4
ss_CCGGTA,ss,6,nsp,-212.25,6.249944159750557,21,-161.29,4.2162971906638775,6
ss_CCGGTC,ss,6,nsp,-197.33,3.9005918781641524,29,-151.59,4.553950922001693,12
ss_CCGT,ss,4,rebuild-ss-fb,-146.26,3.7235163488294343,11,-129.33,6.523274637787387,5
ss_CCGGTG,ss,6,nsp,-176.64,6.288326486435018,22,-155.83,6.837828968320278,7
ss_CCGTA,ss,5,nsp,-180.86,4.013989910301219,20,-134.11,4.838185403640524,8
ss_CCGGTT,ss,6,nsp,-179.64,6.312171417190769,21,-151.91,5.0561242073351,9
ss_CCGTAA,ss,6,nsp,-196.42,2.7211624354308666,24,-196.42,6.8240965702428475,10
ss_CCGTAC,ss,6,nsp,-202.75,3.2226189659964595,26,-160.15,6.288003498726761,8
ss_CCGTAG,ss,6,nsp,-172.74,3.798209709850165,23,-166.96,4.836488188758459,13
ss_CCGTC,ss,5,nsp,-190.46,6.139261356221952,25,-146.38,6.211162451586655,9
ss_CCGTAT,ss,6,nsp,-202.88,2.5437706264520097,25,-202.88,5.50970661650873,9
ss_CCGTCA,ss,6,nsp,-191.49,2.242832584032959,24,-191.49,4.243112183291883,12
ss_CCGTCC,ss,6,nsp,-199.14,2.4029583849913125,22,-199.14,5.438013056255012,6
ss_CCGTCG,ss,6,nsp,-184.38,2.5992408507100593,25,-184.38,6.127870266250742,12
ss_CCGTCT,ss,6,nsp,-205.79,2.473988884372778,22,-205.79,5.6252206178958195,8
ss_CCGTG,ss,5,nsp,-194.49,6.552460682827486,21,-167.87,5.495940319908884,8
ss_CCGTGA,ss,6,nsp,-196.11,6.6848194440837325,25,-190.72,5.0731694235457985,9
ss_CCGTGC,ss,6,nsp,-203.55,2.8559681370771837,24,-203.55,6.640978918804073,10
ss_CCGTGG,ss,6,nsp,-187.88,3.7127000956177536,26,-169.43,4.949420269082038,13
ss_CCGTT,ss,5,nsp,-188.29,6.262838573682075,24,-138.63,5.773985625198588,9
ss_CCGTGT,ss,6,nsp,-211.67,2.661605718358753,20,-211.67,5.704439060941935,12
ss_CCGTTA,ss,6,nsp,-201.78,2.6449638938934408,28,-201.78,5.184126059424088,11
ss_CCT,ss,3,rebuild-ss-fb,-134.58,4.229436369068572,9,-121.06,6.188906607794301,4
ss_CCGTTC,ss,6,nsp,-198.15,2.4869294320507045,24,-198.15,6.437128940762333,12
ss_CCGTTG,ss,6,nsp,-195.05,2.5570510358614427,27,-195.05,4.569854811698083,11
ss_CCTA,ss,4,rebuild-ss-fb,-170.34,6.653576331567864,11,-134.36,2.861172312182546,8
ss_CCGTTT,ss,6,nsp,-182.92,3.4876658383509436,33,-169.71,6.082811685396815,16
ss_CCTAA,ss,5,nsp,-177.32,3.22778964618206,22,-172.72,6.940796856269478,9
ss_CCTAAA,ss,6,nsp,-180.79,3.4295285390269012,27,-180.79,6.574074535628572,12
ss_CCTAAC,ss,6,nsp,-196.98,2.8172000283969885,27,-196.98,6.903679815866313,10
ss_CCTAC,ss,5,nsp,-183.54,6.515925797613098,23,-142.74,6.539332152444936,7
ss_CCTAAT,ss,6,nsp,-189.72,6.1819664347196195,22,-175.63,6.944339709432426,8
ss_CCTAAG,ss,6,nsp,-183.41,5.36131038086774,27,-180.7,6.6338376525205955,11
ss_CCTACA,ss,6,nsp,-169.16,2.108521994194059,22,-169.16,3.8795794875218146,11
ss_CCTACC,ss,6,nsp,-185.53,3.2684800748971976,24,-185.53,5.666522831507885,9
ss_CCTACG,ss,6,nsp,-173.55,2.9798082153051606,29,-173.55,3.4978104579865295,15
ss_CCTACT,ss,6,nsp,-182.76,3.1935981275044774,20,-182.76,6.123799882425943,10
ss_CCTAG,ss,5,nsp,-190.47,3.4925139942454235,26,-187.73,5.703711598599646,13
ss_CCTAGA,ss,6,nsp,-185.66,3.263405889557718,27,-185.66,5.764445333247599,10
ss_CCTAGC,ss,6,nsp,-197.79,2.588979914947179,27,-176.19,6.832169860300611,13
ss_CCTAGG,ss,6,nsp,-178.56,2.759819015805228,24,-178.56,6.431201520711359,9
ss_CCTAT,ss,5,nsp,-179.63,6.885155190698326,25,-153.46,6.791296268018359,12
ss_CCTAGT,ss,6,nsp,-186.23,5.677033908653348,21,-182.72,4.366239342958664,12
ss_CCTATA,ss,6,nsp,-180.05,2.694686809260029,30,-180.05,6.494067754497191,12
ss_CCTATG,ss,6,nsp,-172.7,3.803601582710803,18,-157.29,2.7981556425617167,7
ss_CCTC,ss,4,rebuild-ss-fb,-132.47,3.1891356195684217,15,-132.47,3.1891356195684217,11
ss_CCTATC,ss,6,nsp,-172.75,3.1031356721870864,28,-172.75,6.801806598250204,14
ss_CCTCA,ss,5,nsp,-179.09,3.413029885600178,24,-179.09,6.848435952828932,11
ss_CCTATT,ss,6,nsp,-167.48,6.56887265822685,25,-157.03,2.800228026429267,10
ss_CCTCAA,ss,6,nsp,-170.52,3.330592289668598,24,-159.79,6.272284033747183,11
ss_CCTCAC,ss,6,nsp,-204.61,2.5143923719260624,23,-150.63,4.224120618542995,7
ss_CCTCAG,ss,6,nsp,-171.44,1.9205272713502415,26,-171.44,5.9421270602369445,10
ss_CCTCC,ss,5,nsp,-176.89,6.733736332824443,30,-146.59,6.020372579832582,14
ss_CCTCAT,ss,6,nsp,-193.04,6.7797516916182134,20,-176.87,5.783022566098109,7
ss_CCTCCA,ss,6,nsp,-171.21,3.2263356923915802,24,-171.21,6.751322907401179,11
ss_CCTCCC,ss,6,nsp,-195.66,2.807177229887704,28,-195.66,5.976533610714492,11
ss_CCTCCG,ss,6,nsp,-166.97,3.052193473553091,28,-166.97,3.1537114642909256,15
ss_CCTCG,ss,5,nsp,-178.42,3.2359199619273804,20,-159.02,6.195476172175961,8
ss_CCTCCT,ss,6,nsp,-181.11,2.5669616280731677,25,-181.11,5.672334792658147,10
ss_CCTCGA,ss,6,nsp,-183.55,3.170999369284101,25,-183.55,5.63351346852034,12
ss_CCTCGC,ss,6,nsp,-173.99,3.208685868077473,26,-173.99,6.683399808480726,13
ss_CCTCGG,ss,6,nsp,-179.37,6.561909554390427,24,-173.38,6.455614688006104,8
ss_CCTCT,ss,5,nsp,-179.0,6.988038566006925,24,-141.54,5.976814954472001,9
ss_CCTCGT,ss,6,nsp,-198.86,5.722463542915761,24,-186.13,4.198590596855087,9
ss_CCTCTA,ss,6,nsp,-176.84,2.65139585878835,22,-176.84,6.197283114397798,9
ss_CCTCTC,ss,6,nsp,-173.91,4.865303793187023,29,-156.5,6.7837024551494025,12
ss_CCTCTG,ss,6,nsp,-164.1,2.8219831679157963,19,-164.1,5.958075024703881,9
ss_CCTG,ss,4,rebuild-ss-fb,-174.44,6.265539801166393,15,-139.5,2.743623516446815,9
ss_CCTCTT,ss,6,nsp,-176.43,6.801008307596756,16,-174.9,6.566434268307268,7
ss_CCTGA,ss,5,nsp,-193.27,3.142195888228508,23,-157.33,5.857183708916765,14
ss_CCTGAA,ss,6,nsp,-204.41,3.353088874455927,27,-204.41,5.312542988061378,10
ss_CCTGAG,ss,6,nsp,-186.6,5.371346293062854,28,-156.84,4.698832301753277,9
ss_CCTGAC,ss,6,nsp,-200.98,2.7648575008488057,29,-169.78,6.732233953154038,12
ss_CCTGC,ss,5,nsp,-178.66,6.131772092959738,28,-142.77,4.091286961336257,11
ss_CCTGAT,ss,6,nsp,-186.8,6.727717146254022,17,-173.04,6.332625442894926,9
ss_CCTGCA,ss,6,nsp,-180.9,3.2339148102570676,29,-180.9,6.065453404321887,17
ss_CCTGCC,ss,6,nsp,-172.6,2.943992017652238,32,-172.6,6.370662524416106,15
ss_CCTGCG,ss,6,nsp,-179.49,3.016492333820858,25,-179.49,5.569242497862704,12
ss_CCTGG,ss,5,nsp,-195.22,2.809842344331806,22,-195.22,6.215750075413265,8
ss_CCTGCT,ss,6,nsp,-174.66,5.5390502796057,26,-156.58,6.708495956620977,10
ss_CCTGGA,ss,6,nsp,-203.23,3.419330197567951,29,-203.23,5.376888040493308,12
ss_CCTGGC,ss,6,nsp,-187.48,4.221677510184792,28,-166.84,6.653965885094402,15
ss_CCTGGG,ss,6,nsp,-181.13,2.74345621433986,27,-181.13,6.191124857406773,10
ss_CCTGGT,ss,6,nsp,-184.52,5.503971384373302,23,-178.12,4.567081015265669,12
ss_CCTGT,ss,5,nsp,-177.22,6.693617332952339,29,-150.64,6.43970472925585,10
ss_CCTGTA,ss,6,nsp,-191.66,2.638707638219891,22,-191.66,5.093629059913959,11
ss_CCTGTC,ss,6,nsp,-184.45,2.772988279816563,23,-184.45,2.9309334690504385,14
ss_CCTGTG,ss,6,nsp,-182.15,3.567892515197191,19,-166.54,6.315874761266265,12
ss_CCTT,ss,4,rebuild-ss-fb,-180.02,5.399667119369498,17,-153.74,2.6709101445013084,11
ss_CCTGTT,ss,6,nsp,-175.88,2.6271202865495287,20,-175.88,2.6271202865495287,10
ss_CCTTA,ss,5,nsp,-180.18,6.76333564153075,20,-148.11,4.768053376379099,5
ss_CCTTAA,ss,6,nsp,-171.87,2.3987751040895815,27,-171.87,5.8114753720548435,9
ss_CCTTAC,ss,6,nsp,-171.44,4.540282920699986,24,-170.93,5.535709620274542,11
ss_CCTTC,ss,5,nsp,-180.47,6.794823691605266,23,-139.18,4.0801477914409086,9
ss_CCTTAG,ss,6,nsp,-185.08,6.522187439808832,18,-178.5,6.900704674161916,11
ss_CCTTAT,ss,6,nsp,-180.39,3.169978864282836,25,-160.43,6.29659757329307,12
ss_CCTTCA,ss,6,nsp,-171.65,3.3323616250340966,27,-164.71,6.039769697596087,13
ss_CCTTCC,ss,6,nsp,-171.23,5.483993891316798,24,-170.55,5.39794312678451,8
ss_CCTTG,ss,5,nsp,-184.52,6.750947637183984,27,-149.79,5.736303862244419,10
ss_CCTTCT,ss,6,nsp,-178.77,2.468749481012603,30,-178.77,5.68548098229165,17
ss_CCTTCG,ss,6,nsp,-164.09,6.365942899524001,33,-159.35,4.827384074216598,16
ss_CCTTGA,ss,6,nsp,-178.02,3.0722542212518924,25,-178.02,6.627383571214218,14
ss_CCTTGG,ss,6,nsp,-181.7,6.671090240732769,22,-175.88,6.162977040359645,9
ss_CCTTGC,ss,6,nsp,-179.54,2.9828474650910324,27,-179.54,6.545749307756918,13
ss_CCTTT,ss,5,nsp,-181.67,6.729229822201053,20,-142.22,4.149843972970559,9
ss_CCTTGT,ss,6,nsp,-175.29,3.189366865068997,25,-169.42,6.179922976866296,12
ss_CCTTTC,ss,6,nsp,-171.44,5.275293925460466,25,-145.9,6.002913542605799,10
ss_CCTTTA,ss,6,nsp,-181.92,4.8118443449471595,22,-164.15,3.6110632783156773,10
ss_CCTTTG,ss,6,nsp,-165.77,2.7229943077428405,22,-165.77,4.905410584242665,12
ss_CGA,ss,3,rebuild-ss-fb,-150.01,3.4466266116305766,7,-127.04,6.070701030358853,3
ss_CGAA,ss,4,rebuild-ss-fb,-133.89,6.073780783004943,8,-125.79,3.913354060138183,6
ss_CCTTTT,ss,6,nsp,-184.12,2.778679722458138,25,-184.12,6.174144232199319,14
ss_CGAAA,ss,5,nsp,-177.29,5.994139471183498,29,-158.33,5.497649224896046,14
ss_CGAAAA,ss,6,nsp,-217.13,6.052731697341291,27,-198.35,6.752894564555255,12
ss_CGAAAG,ss,6,nsp,-175.27,5.764806154590109,25,-162.65,5.653639270416888,9
ss_CGAAAT,ss,6,nsp,-206.91,5.691046037417034,26,-179.45,6.701393735634397,9
ss_CGAAAC,ss,6,nsp,-195.07,6.357489048358631,24,-169.49,5.505732739608786,10
ss_CGAAC,ss,5,nsp,-176.03,4.546002419708991,26,-145.94,5.588851223641578,13
ss_CGAACA,ss,6,nsp,-198.92,2.9604131468428574,18,-198.92,4.8635079932082,7
ss_CGAACG,ss,6,nsp,-180.9,5.179419755146333,22,-157.11,6.102028924874091,11
ss_CGAACC,ss,6,nsp,-191.24,2.399520993865251,29,-191.24,5.137831157210213,12
ss_CGAACT,ss,6,nsp,-182.52,5.946125881614012,18,-159.29,2.7764642983478103,6
ss_CGAAG,ss,5,nsp,-175.83,3.1157873804225087,23,-175.35,5.74394298370032,9
ss_CGAAGA,ss,6,nsp,-210.04,6.257670333279002,29,-185.04,5.530097738738432,13
ss_CGAAGC,ss,6,nsp,-210.35,4.09466482144754,26,-169.57,5.417694435827861,10
ss_CGAAGG,ss,6,nsp,-177.96,6.0842940428615195,27,-165.99,6.558400567211474,11
ss_CGAAGT,ss,6,nsp,-203.49,5.824552858374654,27,-190.02,6.260685425734137,12
ss_CGAAT,ss,5,nsp,-179.0,3.4274413197019253,27,-149.81,6.5381297019866444,10
ss_CGAATA,ss,6,nsp,-173.49,4.977438096049015,22,-169.67,4.83932154335709,9
ss_CGAC,ss,4,rebuild-ss-fb,-132.75,3.3982179153197256,8,-125.48,6.057068680475728,6
ss_CGAATC,ss,6,nsp,-197.99,2.6401857889171425,28,-197.99,2.6401857889171425,12
ss_CGAATG,ss,6,nsp,-186.23,6.097549179793472,21,-172.07,4.744954899680302,6
ss_CGACA,ss,5,nsp,-176.0,5.539137297449851,26,-149.29,5.4733487007498365,12
ss_CGAATT,ss,6,nsp,-179.75,5.701721231347594,22,-143.2,2.7777098480582922,10
ss_CGACAA,ss,6,nsp,-206.23,3.02008509813881,26,-206.23,4.884525974953974,12
ss_CGACAC,ss,6,nsp,-212.38,6.378172543918827,27,-176.8,6.700692725382944,10
ss_CGACAG,ss,6,nsp,-181.67,4.861716672123134,24,-179.18,5.697207824891075,9
ss_CGACC,ss,5,nsp,-169.93,4.239105212188056,21,-145.86,6.307117328859523,9
ss_CGACAT,ss,6,nsp,-208.48,5.972666238791522,28,-187.65,5.87081374257436,11
ss_CGACCA,ss,6,nsp,-201.69,6.570272216582819,23,-195.11,2.998679876212201,8
ss_CGACCC,ss,6,nsp,-185.9,2.2498057693943423,28,-185.9,5.027252927792675,9
ss_CGACCG,ss,6,nsp,-164.15,6.537660284841973,25,-155.44,4.786286556402585,13
ss_CGACG,ss,5,nsp,-172.32,4.871206934631301,22,-154.72,5.036092731473489,11
ss_CGACCT,ss,6,nsp,-199.02,5.787470863857552,31,-191.91,2.905881105620129,12
ss_CGACGA,ss,6,nsp,-209.4,6.219670087713658,29,-198.87,5.139175809407569,11
ss_CGACGG,ss,6,nsp,-174.17,3.4166120646043687,22,-174.17,6.516057473656923,8
ss_CGACGC,ss,6,nsp,-204.89,6.3576836976999695,23,-193.85,6.195085148728795,9
ss_CGACT,ss,5,nsp,-178.33,3.3788549835706276,23,-151.62,6.36010227905181,10
ss_CGACGT,ss,6,nsp,-201.72,5.654589375012135,28,-181.46,6.552492121322998,12
ss_CGACTA,ss,6,nsp,-201.46,6.049889916353852,23,-186.06,6.827779507277614,9
ss_CGACTC,ss,6,nsp,-202.28,2.573686266816537,24,-202.28,2.573686266816537,10
ss_CGAG,ss,4,rebuild-ss-fb,-162.55,6.791815442133286,6,-130.18,3.919925254389439,3
ss_CGACTG,ss,6,nsp,-179.5,4.763408548508101,21,-173.06,5.648649661644805,10
ss_CGAGA,ss,5,nsp,-177.37,2.9315309993244036,19,-163.79,5.134034768094208,10
ss_CGACTT,ss,6,nsp,-200.25,4.366434930237737,19,-182.4,5.8719370739135135,6
ss_CGAGAA,ss,6,nsp,-210.76,5.8319528461742545,20,-208.61,5.298530456645495,10
ss_CGAGAC,ss,6,nsp,-194.79,6.647740217547625,20,-170.52,5.974196347627026,6
ss_CGAGC,ss,5,nsp,-178.35,2.897919598608653,23,-154.2,6.9853284818968975,12
ss_CGAGAG,ss,6,nsp,-225.33,3.272517990783241,25,-225.33,5.402712004169768,10
ss_CGAGAT,ss,6,nsp,-177.72,5.756545231299753,20,-167.07,5.346011410388119,9
ss_CGAGCC,ss,6,nsp,-185.66,3.170660183621071,29,-185.66,3.170660183621071,12
ss_CGAGCA,ss,6,nsp,-189.21,5.551962355780173,21,-159.01,6.62771959274078,8
ss_CGAGCG,ss,6,nsp,-205.64,2.8151619846822244,25,-205.64,5.3256080404025266,13
ss_CGAGG,ss,5,nsp,-166.23,3.2484166912512924,25,-154.92,5.650260259492482,8
ss_CGAGCT,ss,6,nsp,-195.16,6.370606643012898,28,-169.99,4.58114145164718,10
ss_CGAGGA,ss,6,nsp,-193.92,5.344901589365338,26,-179.96,6.071976531575213,12
ss_CGAGGC,ss,6,nsp,-190.93,5.581423743096396,23,-184.19,5.0200099601494825,8
ss_CGAGGG,ss,6,nsp,-218.34,3.502566773096563,25,-218.34,5.132923630836537,14
ss_CGAGT,ss,5,nsp,-185.71,3.139536430748981,22,-158.19,6.964288621244817,9
ss_CGAGGT,ss,6,nsp,-186.27,5.94945846275106,22,-165.12,4.979747182337685,9
ss_CGAGTA,ss,6,nsp,-179.39,4.84539327609225,24,-148.15,3.973817056684924,11
ss_CGAGTC,ss,6,nsp,-184.46,5.773628062146017,26,-163.5,4.047643264913555,10
ss_CGAGTG,ss,6,nsp,-186.47,5.093344088121295,17,-165.13,2.871243807133074,6
ss_CGAT,ss,4,rebuild-ss-fb,-137.14,2.703405629941619,5,-137.14,6.232696527186301,3
ss_CGAGTT,ss,6,nsp,-179.0,5.491885377536563,28,-162.57,4.237950683998119,8
ss_CGATA,ss,5,nsp,-179.17,6.5813792627381815,22,-166.74,5.6439803330628235,9
ss_CGATAA,ss,6,nsp,-186.0,4.7137214597386015,25,-179.82,6.157667253108114,10
ss_CGATAC,ss,6,nsp,-181.6,2.9067325298348536,22,-181.6,6.6547271920041915,6
ss_CGATAG,ss,6,nsp,-172.4,5.2774987446706305,25,-168.9,6.154095384376179,12
ss_CGATAT,ss,6,nsp,-203.89,5.854470001631244,28,-177.31,5.566423178307607,11
ss_CGATC,ss,5,nsp,-178.5,4.827538192495221,18,-155.32,6.665954470291565,8
ss_CGATCA,ss,6,nsp,-179.21,2.7394652762902543,26,-165.98,6.940901526458932,11
ss_CGATCC,ss,6,nsp,-195.33,2.3749421045575057,23,-195.33,5.4126058419212475,7
ss_CGATCG,ss,6,nsp,-166.83,2.601933896162617,22,-166.83,4.556681797097532,13
ss_CGATG,ss,5,nsp,-173.0,4.650807779300266,23,-166.47,5.255794611664347,10
ss_CGATCT,ss,6,nsp,-200.73,2.550846918182268,26,-200.73,2.550846918182268,10
ss_CGATGA,ss,6,nsp,-178.99,3.2317756729080234,24,-178.99,6.490838004449052,10
ss_CGATGG,ss,6,nsp,-185.62,4.2039877497442815,26,-176.2,5.65779647919576,11
ss_CGATGC,ss,6,nsp,-187.09,2.5662558329208065,22,-187.09,6.32878906268807,10
ss_CGATT,ss,5,nsp,-179.49,4.912434630608332,25,-152.48,6.76176293580306,11
ss_CGATGT,ss,6,nsp,-206.59,4.967444715344106,27,-197.51,6.126716902224233,13
ss_CGATTA,ss,6,nsp,-176.0,3.0387884098765654,23,-176.0,6.00141683271542,11
ss_CGC,ss,3,rebuild-ss-fb,-142.32,4.57122324985337,16,-135.37,6.517897283633749,12
ss_CGATTC,ss,6,nsp,-174.25,2.779243961943619,24,-174.25,5.844754999142387,11
ss_CGATTG,ss,6,nsp,-183.44,4.733342793417784,20,-168.72,6.30787840719843,8
ss_CGCA,ss,4,rebuild-ss-fb,-172.37,6.1492291386807345,16,-134.88,3.0309643679858858,10
ss_CGATTT,ss,6,nsp,-197.4,5.55012882733367,28,-187.5,5.811850049682962,10
ss_CGCAA,ss,5,nsp,-192.44,3.310724089983944,19,-152.28,5.5233057130671295,6
ss_CGCAAA,ss,6,nsp,-173.59,5.665106795109862,25,-166.1,5.649633704940526,12
ss_CGCAAC,ss,6,nsp,-208.39,3.138105957420816,20,-208.39,6.297342693549404,8
ss_CGCAAG,ss,6,nsp,-173.65,2.918358614015743,18,-173.65,5.619185172246966,9
ss_CGCAAT,ss,6,nsp,-197.36,5.98527685241044,29,-160.31,2.927780387938966,12
ss_CGCAC,ss,5,nsp,-184.57,3.5433039666390647,22,-147.06,5.7131462435334255,9
ss_CGCACA,ss,6,nsp,-169.64,3.594691085475929,20,-167.42,6.235827852017739,9
ss_CGCACC,ss,6,nsp,-183.91,2.9709289792924984,24,-183.91,5.812880611194428,9
ss_CGCACG,ss,6,nsp,-168.12,3.8035779208529545,22,-160.66,5.011812446610496,11
ss_CGCACT,ss,6,nsp,-196.56,5.965153560471027,28,-185.94,5.789935491868643,14
ss_CGCAG,ss,5,nsp,-202.13,3.274933434438037,25,-172.41,5.731550052123785,8
ss_CGCAGA,ss,6,nsp,-187.0,4.823439229429562,23,-180.7,6.10751348750046,10
ss_CGCAGC,ss,6,nsp,-196.66,2.716858479935978,25,-157.53,6.468597220418037,11
ss_CGCAGG,ss,6,nsp,-185.45,4.440139862661986,20,-171.5,5.9321850948870365,8
ss_CGCAT,ss,5,nsp,-195.63,3.4913769489987896,31,-158.87,5.369141551495919,13
ss_CGCAGT,ss,6,nsp,-199.78,5.364889654037643,29,-182.25,5.45743282139139,12
ss_CGCATA,ss,6,nsp,-184.15,5.417875321562884,22,-171.09,5.053096971165306,8
ss_CGCC,ss,4,rebuild-ss-fb,-176.67,6.070977104223024,9,-127.99,6.549378291105196,5
ss_CGCATG,ss,6,nsp,-185.91,5.256521853849756,27,-165.58,6.045569038560387,11
ss_CGCATC,ss,6,nsp,-175.17,6.911390091725424,24,-161.99,5.242031381058296,10
ss_CGCCA,ss,5,nsp,-208.0,3.6693771951109198,19,-151.47,5.903610166669203,6
ss_CGCATT,ss,6,nsp,-185.01,4.606752001139194,29,-181.55,5.716248507544098,12
ss_CGCCAA,ss,6,nsp,-188.42,4.6570806306096895,21,-150.59,5.940228951816593,9
ss_CGCCAC,ss,6,nsp,-187.75,3.9732909533534224,25,-154.62,5.934448163056117,8
ss_CGCCAG,ss,6,nsp,-194.94,6.236105274929241,20,-174.56,5.82351732203142,11
ss_CGCCC,ss,5,nsp,-193.99,3.432217650441193,22,-149.84,6.826704475806763,7
ss_CGCCAT,ss,6,nsp,-199.51,5.995515824347402,25,-182.36,6.164385776377083,11
ss_CGCCCA,ss,6,nsp,-188.74,4.490226274922019,29,-169.93,4.82840522325955,14
ss_CGCCCC,ss,6,nsp,-192.1,3.8444132192052245,26,-179.68,5.466503818712658,10
ss_CGCCCG,ss,6,nsp,-184.6,4.841804002642001,16,-154.18,5.471586333048223,6
ss_CGCCG,ss,5,nsp,-201.09,3.0410021374540572,24,-144.88,6.512423972684823,10
ss_CGCCCT,ss,6,nsp,-200.16,5.982895703587033,25,-189.16,2.669725079479171,11
ss_CGCCGA,ss,6,nsp,-181.04,2.785467285752992,22,-181.04,5.904819133555232,10
ss_CGCCGC,ss,6,nsp,-199.01,2.7439311215844957,25,-199.01,6.2758475124878625,11
ss_CGCCGG,ss,6,nsp,-189.12,6.581659821048187,19,-174.24,5.453935643184653,7
ss_CGCCT,ss,5,nsp,-198.61,3.400917670276664,25,-163.32,5.831099467510404,11
ss_CGCCGT,ss,6,nsp,-205.65,5.1908018648374785,28,-191.01,5.670412066155328,11
ss_CGCCTA,ss,6,nsp,-186.73,5.020401079595145,20,-151.47,3.5807704478226583,10
ss_CGCCTC,ss,6,nsp,-184.52,5.92440115117134,18,-163.78,6.796151043053707,11
ss_CGCCTG,ss,6,nsp,-188.72,6.129004731602031,21,-161.53,3.9419028399999996,10
ss_CGCG,ss,4,rebuild-ss-fb,-169.47,6.392162544866972,7,-138.86,2.4306842657984182,4
ss_CGCCTT,ss,6,nsp,-182.97,6.870348535554819,29,-174.29,6.385729245747906,10
ss_CGCGA,ss,5,nsp,-201.99,3.199697173171263,21,-154.14,6.290035135037016,7
ss_CGCGAA,ss,6,nsp,-206.06,2.9581637885688545,32,-206.06,5.443219451758303,15
ss_CGCGAC,ss,6,nsp,-176.81,3.264331631436979,24,-176.81,6.019286502568221,11
ss_CGCGC,ss,5,nsp,-207.58,3.4590163341620745,26,-154.4,5.583160843106713,11
ss_CGCGAT,ss,6,nsp,-186.01,5.74275247594742,24,-173.41,6.576948000402622,8
ss_CGCGAG,ss,6,nsp,-191.43,5.5968366958488325,26,-158.72,4.179290968573497,13
ss_CGCGCA,ss,6,nsp,-176.81,4.497349663968784,24,-166.79,6.048467243856066,11
ss_CGCGCC,ss,6,nsp,-177.07,3.5256278873414866,31,-168.42,5.071336411637475,16
ss_CGCGCG,ss,6,nsp,-172.2,5.519962409292305,20,-160.09,4.747528198968404,8
ss_CGCGG,ss,5,nsp,-213.1,3.3917387871120273,18,-149.04,5.6587706262049515,7
ss_CGCGCT,ss,6,nsp,-194.66,2.6934500180994743,33,-194.66,3.1008027992763454,15
ss_CGCGGA,ss,6,nsp,-194.67,6.238333270994752,21,-170.74,5.60406584543758,7
ss_CGCGGC,ss,6,nsp,-193.78,6.353460159629561,31,-187.53,6.907820568022888,12
ss_CGCGGG,ss,6,nsp,-180.61,5.561767794505629,27,-168.03,6.192500464271278,12
ss_CGCGT,ss,5,nsp,-207.62,3.4187964256445698,24,-161.93,6.18442770189773,9
ss_CGCGGT,ss,6,nsp,-184.16,6.186172403029211,28,-170.66,5.508659183503733,16
ss_CGCGTA,ss,6,nsp,-194.23,6.091602498522059,24,-185.54,5.760967540266137,7
ss_CGCT,ss,4,rebuild-ss-fb,-176.49,6.535975749649033,13,-153.75,3.0004223036099336,10
ss_CGCGTG,ss,6,nsp,-189.3,5.642793900188103,23,-166.7,2.90315741908702,10
ss_CGCGTC,ss,6,nsp,-182.26,4.111998662451144,25,-171.01,5.070261728944567,8
ss_CGCTA,ss,5,nsp,-206.31,3.3141413669305155,20,-149.75,5.3440653064871935,9
ss_CGCGTT,ss,6,nsp,-189.75,4.261487181724249,26,-169.52,6.352035972820053,9
ss_CGCTAC,ss,6,nsp,-171.73,3.9161514271028834,22,-169.17,5.77846086773978,6
ss_CGCTAA,ss,6,nsp,-181.85,4.724180881380403,20,-164.41,5.813285129769567,10
ss_CGCTAG,ss,6,nsp,-190.89,4.900066734239459,24,-174.59,6.541132088560819,14
ss_CGCTC,ss,5,nsp,-197.83,3.1983528573314355,24,-136.97,6.162256161504488,10
ss_CGCTAT,ss,6,nsp,-188.61,5.319243837238521,23,-158.16,2.7925912697707975,9
ss_CGCTCA,ss,6,nsp,-179.79,3.3477571596518225,22,-179.79,6.964104967617886,13
ss_CGCTCC,ss,6,nsp,-175.36,2.889947058338616,27,-174.9,5.766971215464851,10
ss_CGCTCG,ss,6,nsp,-194.11,5.114726678914534,23,-176.53,5.094478383505037,11
ss_CGCTG,ss,5,nsp,-205.65,3.762007044118872,18,-170.06,6.711752230230203,5
ss_CGCTCT,ss,6,nsp,-181.57,5.479903740030492,26,-165.19,6.7110014155862014,11
ss_CGCTGA,ss,6,nsp,-192.72,5.147778064369145,27,-169.21,4.633703162698273,13
ss_CGCTGC,ss,6,nsp,-181.43,3.9988025707703936,26,-159.67,6.711032260390349,11
ss_CGCTGG,ss,6,nsp,-185.72,5.802845336556894,23,-163.65,6.761392164340125,10
ss_CGCTT,ss,5,nsp,-192.28,3.386718470732432,22,-146.55,5.595578522369255,7
ss_CGCTGT,ss,6,nsp,-182.36,4.014222340628379,23,-166.09,6.2962586509767915,8
ss_CGCTTA,ss,6,nsp,-190.62,5.895606330141142,21,-157.83,5.748987650012834,12
ss_CGCTTC,ss,6,nsp,-188.13,5.957825190453324,19,-145.85,3.6325568130450376,9
ss_CGG,ss,3,rebuild-ss-fb,-135.25,4.650928186932155,12,-129.82,6.229899276874377,8
ss_CGCTTT,ss,6,nsp,-180.4,5.273770757247624,20,-160.48,6.276780942489558,10
ss_CGCTTG,ss,6,nsp,-191.95,6.461158023141075,23,-159.56,2.8605733690992903,10
ss_CGGA,ss,4,rebuild-ss-fb,-132.29,3.235692507022247,11,-129.47,2.4393185523830176,8
ss_CGGAA,ss,5,nsp,-178.41,5.717197652696635,26,-158.38,5.161506950494216,12
ss_CGGAAA,ss,6,nsp,-176.9,2.5538952601858993,21,-176.9,4.342993207454969,11
ss_CGGAAC,ss,6,nsp,-193.76,2.2286547511896058,23,-193.76,5.82580243399998,12
ss_CGGAAG,ss,6,nsp,-173.64,2.544775825097359,18,-173.64,4.975845757255747,9
ss_CGGAAT,ss,6,nsp,-188.68,5.95726145137176,21,-183.36,3.518488453867654,7
ss_CGGAC,ss,5,nsp,-180.9,6.3093622498633035,23,-156.97,5.781814680530673,12
ss_CGGACA,ss,6,nsp,-168.24,2.633052601069724,26,-164.01,4.717503047163821,14
ss_CGGACC,ss,6,nsp,-178.67,4.065020664154123,27,-176.49,5.223848485551623,11
ss_CGGACG,ss,6,nsp,-169.03,2.671867698820424,20,-165.07,6.1626209521599025,11
ss_CGGACT,ss,6,nsp,-182.62,2.7361341341389016,27,-182.62,5.568795740552905,13
ss_CGGAG,ss,5,nsp,-191.64,3.3073563460867237,23,-190.35,5.41166323785951,12
ss_CGGAGA,ss,6,nsp,-181.87,6.404921935511788,25,-156.38,5.75917589590734,12
ss_CGGAGC,ss,6,nsp,-197.34,3.0662706990740345,26,-197.34,5.950113444296661,9
ss_CGGAGG,ss,6,nsp,-177.25,4.860093106104033,26,-173.89,5.6808058407236555,9
ss_CGGAT,ss,5,nsp,-179.32,3.7654323788909148,27,-159.84,6.357769498810111,14
ss_CGGAGT,ss,6,nsp,-204.09,5.34432839559847,27,-180.58,6.194136420841904,10
ss_CGGATA,ss,6,nsp,-183.75,4.9490161648553945,23,-177.54,5.502609290145908,11
ss_CGGATC,ss,6,nsp,-181.19,2.5719896967134326,24,-181.19,6.820829421705249,11
ss_CGGATG,ss,6,nsp,-192.04,5.071788737713762,25,-168.84,5.372313933492733,9
ss_CGGC,ss,4,rebuild-ss-fb,-136.62,6.374052243275078,11,-126.03,6.703068327266264,5
ss_CGGCA,ss,5,nsp,-178.15,3.3305035655288147,24,-159.06,5.190614029187694,13
ss_CGGATT,ss,6,nsp,-188.91,4.174797839416914,22,-174.99,3.0161768847333925,11
ss_CGGCAA,ss,6,nsp,-177.69,2.302264320185679,25,-177.69,5.607874196163821,10
ss_CGGCAC,ss,6,nsp,-193.89,2.579573608176375,30,-193.89,6.5795915526725635,13
ss_CGGCAG,ss,6,nsp,-192.26,4.741300876341863,25,-185.1,5.523536005132962,12
ss_CGGCAT,ss,6,nsp,-207.12,5.9451319581654465,29,-196.01,6.088533813653345,14
ss_CGGCC,ss,5,nsp,-178.86,5.7846779512778586,22,-155.86,6.41787083073506,10
ss_CGGCCA,ss,6,nsp,-182.77,2.5448693483163396,26,-182.77,4.403767591506165,13
ss_CGGCCC,ss,6,nsp,-193.54,2.3652494583024555,28,-193.54,5.21422956916936,12
ss_CGGCG,ss,5,nsp,-189.49,3.696682025817216,20,-169.67,5.32972879234959,9
ss_CGGCCT,ss,6,nsp,-191.16,2.639515296413345,28,-191.16,5.587354561865585,11
ss_CGGCCG,ss,6,nsp,-170.05,2.536155752314914,26,-170.05,6.790243368245353,13
ss_CGGCGA,ss,6,nsp,-181.24,5.195980465706173,26,-176.28,5.982151619609793,11
ss_CGGCGC,ss,6,nsp,-194.82,2.6198240398927854,26,-194.82,6.95544340786409,9
ss_CGGCGG,ss,6,nsp,-183.29,4.984662576343552,25,-173.76,6.612249995273919,9
ss_CGGCT,ss,5,nsp,-182.29,4.34882639340778,25,-157.98,6.330789998096594,12
ss_CGGCGT,ss,6,nsp,-197.97,6.035627639276637,25,-166.71,4.247406385077847,12
ss_CGGCTA,ss,6,nsp,-192.95,4.4882961132260535,21,-174.42,5.96709016187957,14
ss_CGGCTC,ss,6,nsp,-187.62,2.5838121061718025,32,-187.62,6.061792804113327,15
ss_CGGCTG,ss,6,nsp,-186.34,4.95366742928913,24,-179.14,5.931254841936907,13
ss_CGGG,ss,4,rebuild-ss-fb,-138.19,6.489357287127917,10,-133.05,4.067260134291888,5
ss_CGGGA,ss,5,nsp,-182.51,3.5345247205246983,25,-150.5,5.461075077308504,12
ss_CGGCTT,ss,6,nsp,-187.68,6.031780997350635,17,-176.36,4.826079257534023,7
ss_CGGGAA,ss,6,nsp,-199.55,6.825575726632901,23,-198.98,5.761772817458184,11
ss_CGGGAC,ss,6,nsp,-199.08,3.2099604358932528,25,-174.19,5.353274605323371,11
ss_CGGGC,ss,5,nsp,-183.37,6.178776739776263,16,-144.54,5.435036430420678,5
ss_CGGGAG,ss,6,nsp,-169.84,2.802831782323013,23,-159.46,6.209091479435618,9
ss_CGGGAT,ss,6,nsp,-196.53,4.3793589713564485,23,-158.95,5.121793143031075,9
ss_CGGGCA,ss,6,nsp,-182.22,2.8383565667477386,24,-182.22,6.707546496298028,15
ss_CGGGCC,ss,6,nsp,-186.59,2.323352319386813,26,-186.59,5.492435707407056,11
ss_CGGGCG,ss,6,nsp,-184.94,2.4803769874758967,28,-184.94,6.021817167599831,17
ss_CGGGG,ss,5,nsp,-188.88,3.3694506970721534,25,-156.14,6.066939755758248,14
ss_CGGGCT,ss,6,nsp,-209.3,4.399383365882093,23,-192.54,2.661756375027593,10
ss_CGGGGC,ss,6,nsp,-200.05,2.9595084051240694,24,-200.05,6.70939386233959,13
ss_CGGGGA,ss,6,nsp,-203.05,4.817399090795776,24,-174.11,6.6901860213300495,12
ss_CGGGGG,ss,6,nsp,-182.33,5.937218288053774,23,-170.25,5.7213150586207,8
ss_CGGGT,ss,5,nsp,-200.95,3.750170529455972,21,-163.56,6.274208954123232,11
ss_CGGGGT,ss,6,nsp,-184.55,3.863128007198324,24,-169.78,3.5776387464359862,12
ss_CGGGTA,ss,6,nsp,-198.21,5.183916762449029,24,-164.21,3.6689050137609294,10
ss_CGGT,ss,4,rebuild-ss-fb,-134.62,3.214465118802822,12,-134.62,6.282408057425123,8
ss_CGGGTC,ss,6,nsp,-194.87,4.524298067103896,21,-176.94,2.925950956526784,10
ss_CGGGTG,ss,6,nsp,-185.91,6.112921151135531,22,-161.13,5.8622427448886905,8
ss_CGGTA,ss,5,nsp,-173.79,3.369146627856993,24,-161.17,5.673793351894315,12
ss_CGGGTT,ss,6,nsp,-196.89,3.0548638267523396,24,-196.89,3.1385611352975196,12
ss_CGGTAA,ss,6,nsp,-210.53,2.6149252379370336,26,-210.53,5.229961185324438,15
ss_CGGTAC,ss,6,nsp,-196.77,3.6899762871867,22,-171.75,5.338385804716628,11
ss_CGGTAG,ss,6,nsp,-184.85,5.890827191490175,27,-179.91,5.840749780636041,9
ss_CGGTC,ss,5,nsp,-175.7,5.891061788845879,30,-150.94,6.414634206250587,15
ss_CGGTAT,ss,6,nsp,-205.02,2.7578038363886748,23,-205.02,6.230958834721995,12
ss_CGGTCC,ss,6,nsp,-191.55,2.3983388000864383,25,-191.55,5.294122967971196,9
ss_CGGTCA,ss,6,nsp,-205.78,5.759903558220409,28,-184.83,4.071035740447388,13
ss_CGGTCG,ss,6,nsp,-203.4,5.990780249683685,27,-179.93,5.243513421361671,18
ss_CGGTCT,ss,6,nsp,-177.39,2.920019862946153,21,-177.39,6.674987790251001,11
ss_CGGTG,ss,5,nsp,-179.94,3.901080619520722,23,-167.46,5.220529187735671,7
ss_CGGTGA,ss,6,nsp,-191.12,2.8581172124320036,22,-170.58,5.362522167786362,9
ss_CGGTGC,ss,6,nsp,-202.36,2.911868987437472,20,-202.36,6.940926955385723,10
ss_CGGTT,ss,5,nsp,-187.84,4.344801491437805,25,-154.04,6.728285665754688,14
ss_CGGTGG,ss,6,nsp,-183.65,5.232098718487652,28,-157.78,3.524236796811493,11
ss_CGGTTA,ss,6,nsp,-186.08,6.40185535606673,25,-180.83,5.5937459720655935,13
ss_CGGTGT,ss,6,nsp,-201.67,2.4605034037773676,23,-201.67,5.367244823929689,10
ss_CGGTTC,ss,6,nsp,-198.63,2.9569814000091497,26,-198.63,6.619340526064522,16
ss_CGGTTG,ss,6,nsp,-192.57,5.775776484594961,31,-169.42,5.785202330083206,13
ss_CGT,ss,3,rebuild-ss-fb,-142.86,3.7729503044699677,11,-122.33,3.068577031785252,5
ss_CGGTTT,ss,6,nsp,-189.78,4.724475208951791,29,-179.43,5.949935209731275,16
ss_CGTA,ss,4,rebuild-ss-fb,-164.81,6.240448701816256,11,-137.9,5.839799140381466,7
ss_CGTAA,ss,5,nsp,-196.97,3.702572889221785,26,-163.0,5.576941903947005,11
ss_CGTAAC,ss,6,nsp,-175.07,2.8675344810481556,25,-175.07,5.969563049336197,13
ss_CGTAAA,ss,6,nsp,-176.13,2.624664930995955,24,-176.13,5.794167843616554,15
ss_CGTAAG,ss,6,nsp,-177.68,2.8195058077613506,23,-177.68,5.324320613937528,13
ss_CGTAC,ss,5,nsp,-181.3,4.865052826023589,22,-154.7,5.9927092370646635,11
ss_CGTAAT,ss,6,nsp,-183.74,2.861653542971253,24,-183.74,6.098574997489177,13
ss_CGTACC,ss,6,nsp,-175.61,2.8892948966832797,23,-175.61,5.945062741468761,11
ss_CGTACA,ss,6,nsp,-176.43,2.533142119976685,22,-176.43,5.012911928210984,12
ss_CGTACG,ss,6,nsp,-171.97,5.524528305656523,23,-164.0,6.931817294187733,8
ss_CGTAG,ss,5,nsp,-196.86,3.4651090891918583,21,-154.83,5.241641536770704,8
ss_CGTACT,ss,6,nsp,-171.99,5.685931585940875,22,-157.91,5.563209415436387,13
ss_CGTAGA,ss,6,nsp,-163.24,2.602920090974764,26,-163.24,6.975919007557362,13
ss_CGTAGC,ss,6,nsp,-186.7,5.820234187728191,23,-179.88,5.451975880357506,11
ss_CGTAT,ss,5,nsp,-185.7,3.2327502223339244,25,-144.94,6.642443300473108,7
ss_CGTAGG,ss,6,nsp,-181.71,5.259798190044948,24,-171.99,5.296946384474738,13
ss_CGTAGT,ss,6,nsp,-193.24,6.176077072057962,27,-175.32,5.262432422368967,11
ss_CGTATC,ss,6,nsp,-177.04,6.109644997870173,27,-151.94,6.274334387008717,10
ss_CGTATA,ss,6,nsp,-182.65,5.76812023106316,20,-171.0,2.6909914529778827,10
ss_CGTC,ss,4,rebuild-ss-fb,-142.15,2.8421101315747768,12,-142.15,3.3259779013096367,8
ss_CGTATG,ss,6,nsp,-179.73,5.094369637158254,19,-168.82,4.812800120511962,9
ss_CGTATT,ss,6,nsp,-182.57,3.8381201127635673,23,-173.12,5.437600389877882,9
ss_CGTCA,ss,5,nsp,-182.05,3.5154043864113476,23,-155.7,6.33002345967218,8
ss_CGTCAA,ss,6,nsp,-173.04,2.736098865172821,22,-173.04,6.345879056521628,12
ss_CGTCAC,ss,6,nsp,-173.54,5.618310600171559,26,-168.84,5.9948688893086,15
ss_CGTCAT,ss,6,nsp,-175.4,2.325922182705176,23,-175.4,5.1941191746050706,12
ss_CGTCC,ss,5,nsp,-190.67,3.725481713819039,24,-158.12,5.580730238956189,10
ss_CGTCAG,ss,6,nsp,-174.17,6.988528672045368,25,-170.45,5.402171137607545,11
ss_CGTCCC,ss,6,nsp,-173.64,5.623253239895928,26,-168.06,5.730844353147276,7
ss_CGTCCA,ss,6,nsp,-172.03,2.4113077364782693,24,-172.03,5.288854412819481,11
ss_CGTCCG,ss,6,nsp,-171.17,2.610644364903042,24,-171.17,5.508224577847201,12
ss_CGTCG,ss,5,nsp,-196.46,3.402872463081763,21,-160.84,5.751623509931785,9
ss_CGTCCT,ss,6,nsp,-173.08,6.507392488547173,19,-159.38,2.797336769143108,10
ss_CGTCGA,ss,6,nsp,-176.35,2.2823194342598034,21,-176.35,5.1937248675685534,10
ss_CGTCGC,ss,6,nsp,-185.37,5.93298019548356,26,-173.16,5.264413832517352,13
ss_CGTCT,ss,5,nsp,-182.54,3.068689948495964,22,-144.68,5.624800263120452,7
ss_CGTCGG,ss,6,nsp,-184.69,2.665461686087407,24,-184.69,4.765075970013501,11
ss_CGTCGT,ss,6,nsp,-187.42,6.033079727634984,26,-170.6,6.348464538768423,10
ss_CGTCTA,ss,6,nsp,-181.28,2.433046444275157,21,-181.28,5.311716201003215,8
ss_CGTCTC,ss,6,nsp,-177.47,6.414711606923589,22,-160.16,5.862072500404614,9
ss_CGTCTG,ss,6,nsp,-166.43,2.9191957796626125,19,-166.43,5.687615493332868,8
ss_CGTG,ss,4,rebuild-ss-fb,-168.77,6.174304900148692,17,-141.43,2.4318875385181777,9
ss_CGTGA,ss,5,nsp,-213.59,3.4147308825147724,23,-163.49,5.527219282785886,7
ss_CGTCTT,ss,6,nsp,-184.47,6.159476357613552,26,-151.61,5.281063339896618,11
ss_CGTGAA,ss,6,nsp,-185.2,4.971135081648875,22,-179.09,6.044181499591166,12
ss_CGTGAC,ss,6,nsp,-185.32,5.303172352469804,28,-179.89,5.9399890572289955,13
ss_CGTGAG,ss,6,nsp,-180.31,2.9700553866889376,24,-180.31,5.069956508689192,11
ss_CGTGAT,ss,6,nsp,-178.26,6.584064474167915,30,-175.78,3.442993755440176,15
ss_CGTGC,ss,5,nsp,-201.16,3.338629808768877,22,-174.44,6.951770781606658,10
ss_CGTGCA,ss,6,nsp,-180.05,5.751275858450906,20,-158.45,2.632556552099125,9
ss_CGTGCC,ss,6,nsp,-173.72,3.4992977866994988,30,-173.72,6.292994358808852,13
ss_CGTGCG,ss,6,nsp,-180.86,5.5432215362548884,21,-158.45,5.113900859422298,10
ss_CGTGCT,ss,6,nsp,-197.15,2.698873098165245,30,-197.15,2.698873098165245,11
ss_CGTGG,ss,5,nsp,-199.39,4.722134580886078,21,-162.74,5.922512051486267,10
ss_CGTGGA,ss,6,nsp,-183.67,3.005087353139665,27,-183.67,6.198052274706945,13
ss_CGTGGC,ss,6,nsp,-179.74,5.679212269320463,23,-178.25,5.316579445470566,11
ss_CGTGGG,ss,6,nsp,-183.71,5.732049982336176,27,-177.33,5.4855071780100735,11
ss_CGTGT,ss,5,nsp,-217.23,3.4751260408796867,25,-167.8,6.5588332041606385,10
ss_CGTGGT,ss,6,nsp,-181.87,3.743221072819509,33,-168.44,5.394168888716778,13
ss_CGTGTA,ss,6,nsp,-188.33,5.738329460740294,24,-167.62,2.6012068352978064,12
ss_CGTGTC,ss,6,nsp,-183.21,4.77666536403798,22,-178.99,5.017094378223312,8
ss_CGTGTG,ss,6,nsp,-185.83,2.771421656839662,25,-185.83,6.691783394581738,17
ss_CGTT,ss,4,rebuild-ss-fb,-172.54,5.439450431799166,11,-143.99,3.0418568342379375,7
ss_CGTTA,ss,5,nsp,-194.75,3.3312536679154383,22,-151.93,5.0808489448122724,7
ss_CGTGTT,ss,6,nsp,-175.52,4.885850795920829,26,-168.57,4.854617698645288,12
ss_CGTTAA,ss,6,nsp,-190.53,4.698647677789851,20,-155.26,3.9248156644612004,9
ss_CGTTAC,ss,6,nsp,-178.33,5.206181902315762,26,-152.76,5.076204881602008,8
ss_CGTTC,ss,5,nsp,-193.82,3.4313393886352976,21,-148.08,5.9178903335563735,10
ss_CGTTAG,ss,6,nsp,-182.11,5.067226558976833,19,-167.74,3.6217998288143893,9
ss_CGTTAT,ss,6,nsp,-187.43,5.166289771199448,19,-161.55,6.691564092198485,10
ss_CGTTCA,ss,6,nsp,-185.06,4.430227985104146,17,-172.91,5.335957739712702,7
ss_CGTTCG,ss,6,nsp,-188.35,4.877202169276999,13,-172.49,5.264755834794246,7
ss_CGTTCC,ss,6,nsp,-175.37,3.787850841836287,26,-163.55,5.5831493800542304,12
ss_CGTTCT,ss,6,nsp,-188.76,6.05371365361792,21,-167.53,5.394589326352851,13
ss_CGTTG,ss,5,nsp,-198.44,3.6219769463650757,25,-197.31,6.966883449577713,11
ss_CGTTGA,ss,6,nsp,-183.0,4.532872930052197,22,-167.91,5.101299638327474,13
ss_CGTTGC,ss,6,nsp,-180.75,2.5014903557679333,22,-180.75,5.464548471740382,11
ss_CGTTGT,ss,6,nsp,-187.35,6.38359350209583,24,-160.01,2.6906575404536346,10
ss_CGTTGG,ss,6,nsp,-195.53,5.067125911204506,22,-180.57,5.273502536265624,8
ss_CGTTT,ss,5,nsp,-176.39,3.052278001755415,22,-158.93,5.403831418539994,6
ss_CGTTTA,ss,6,nsp,-186.93,5.94310095825404,17,-166.02,6.762442975730001,9
ss_CTA,ss,3,rebuild-ss-fb,-140.93,3.214058337989543,12,-140.93,5.905109651818506,6
ss_CGTTTC,ss,6,nsp,-192.07,4.674878501094983,19,-174.65,5.23095650909087,11
ss_CGTTTG,ss,6,nsp,-191.88,4.97967719837341,20,-161.97,3.5662613476861167,9
ss_CTAA,ss,4,rebuild-ss-fb,-138.01,2.0822775991687568,6,-138.01,5.494688071219333,4
ss_CTAAA,ss,5,nsp,-187.76,3.3976176947973693,23,-146.59,5.140654530310319,7
ss_CGTTTT,ss,6,nsp,-183.51,4.633656007948798,22,-158.63,5.537755682584768,14
ss_CTAAAA,ss,6,nsp,-208.12,3.302097818054453,28,-208.12,5.460783185587935,15
ss_CTAAAC,ss,6,nsp,-208.26,6.212485895356231,25,-188.72,5.021826759258033,9
ss_CTAAAG,ss,6,nsp,-204.08,3.05043160880556,25,-204.08,5.924268224852764,9
ss_CTAAAT,ss,6,nsp,-202.93,5.95671327159533,21,-185.72,4.578602516052249,10
ss_CTAAC,ss,5,nsp,-189.87,3.514014940207291,23,-136.58,6.139130068666079,9
ss_CTAACA,ss,6,nsp,-196.73,6.0454652426426465,23,-193.66,5.830443293609842,8
ss_CTAACC,ss,6,nsp,-195.31,6.462278545528656,24,-187.49,6.7543201730448095,10
ss_CTAACG,ss,6,nsp,-217.29,2.769196453847216,27,-217.29,5.278809430165096,14
ss_CTAACT,ss,6,nsp,-194.24,5.958259980900463,29,-189.92,3.2287195604449774,11
ss_CTAAG,ss,5,nsp,-185.34,3.460728969451393,22,-163.37,5.794830886229567,8
ss_CTAAGA,ss,6,nsp,-202.79,6.64537169765545,29,-189.18,5.0380617304673825,12
ss_CTAAGC,ss,6,nsp,-205.08,5.664706347199305,33,-188.72,6.045282540957042,17
ss_CTAAGG,ss,6,nsp,-217.88,3.09125880508248,29,-217.88,5.002421513627172,14
ss_CTAAT,ss,5,nsp,-183.57,4.365818136386363,25,-152.63,6.115943508568415,12
ss_CTAAGT,ss,6,nsp,-191.01,5.223889451357112,26,-178.37,4.736232468956733,12
ss_CTAATA,ss,6,nsp,-196.58,5.844376271254286,25,-173.25,5.978102541776943,10
ss_CTAATC,ss,6,nsp,-187.36,5.685381781375833,28,-169.34,5.7276089251973135,13
ss_CTAC,ss,4,rebuild-ss-fb,-176.38,6.463750381937724,6,-128.19,6.4514303840311165,2
ss_CTAATG,ss,6,nsp,-188.73,5.526428865008583,17,-181.27,5.05767555305794,7
ss_CTACA,ss,5,nsp,-187.79,3.7150106325554524,19,-161.13,6.418640432365726,10
ss_CTAATT,ss,6,nsp,-186.91,5.55236292041507,24,-181.14,4.379606603337797,7
ss_CTACAC,ss,6,nsp,-204.5,5.828129717156274,24,-150.61,4.769454266475371,9
ss_CTACAA,ss,6,nsp,-208.0,6.451623206604678,29,-185.14,6.134115991730199,11
ss_CTACAG,ss,6,nsp,-202.75,6.5214548990236825,24,-195.9,5.646863731311406,10
ss_CTACC,ss,5,nsp,-192.35,3.270556068927749,20,-139.02,4.588517080713545,11
ss_CTACAT,ss,6,nsp,-204.52,6.0504037055390105,25,-159.01,5.293770962178104,7
ss_CTACCA,ss,6,nsp,-180.57,6.377726632586271,23,-170.01,6.642128423931583,8
ss_CTACCC,ss,6,nsp,-198.67,6.4155862553628,23,-198.08,6.364123977422204,9
ss_CTACCG,ss,6,nsp,-186.75,6.421662245867506,24,-178.2,6.161067521136259,13
ss_CTACG,ss,5,nsp,-179.09,3.1418430896529634,21,-161.67,5.35771546463604,12
ss_CTACCT,ss,6,nsp,-197.19,5.747293884951427,30,-172.54,6.706163359179372,13
ss_CTACGA,ss,6,nsp,-197.79,6.181883046451146,25,-184.8,6.679566527851953,10
ss_CTACGC,ss,6,nsp,-200.62,5.69905202643387,24,-188.43,4.863606275183056,8
ss_CTACGG,ss,6,nsp,-210.3,2.2504972783809385,27,-210.3,5.507115851332721,14
ss_CTACGT,ss,6,nsp,-207.06,5.260960843800315,29,-171.34,5.976626891483192,11
ss_CTACT,ss,5,nsp,-185.0,2.565209738013641,18,-140.31,4.1230454763438855,7
ss_CTACTA,ss,6,nsp,-202.54,2.1568451497499805,23,-202.54,5.133098966511371,8
ss_CTACTC,ss,6,nsp,-194.73,6.193794475117825,17,-162.84,4.162439068623137,6
ss_CTACTG,ss,6,nsp,-199.69,2.211976039653236,25,-199.69,4.645173193757159,7
ss_CTAG,ss,4,rebuild-ss-fb,-135.35,5.657948479793722,12,-122.23,6.280834419087976,8
ss_CTACTT,ss,6,nsp,-183.26,6.056780085160763,18,-178.76,4.222345675095766,8
ss_CTAGA,ss,5,nsp,-169.35,6.759273999476564,25,-158.97,5.6293237604529285,11
ss_CTAGAA,ss,6,nsp,-192.05,6.535082248908579,26,-173.47,5.297585582130793,14
ss_CTAGAC,ss,6,nsp,-198.48,6.827447619718526,26,-197.27,5.507249585773278,12
ss_CTAGC,ss,5,nsp,-173.69,2.920885482178338,22,-154.64,5.508359193080998,9
ss_CTAGAT,ss,6,nsp,-197.54,6.143010743926806,24,-172.43,5.522767422225919,11
ss_CTAGAG,ss,6,nsp,-205.61,6.281766948876732,34,-194.84,5.570412103246953,15
ss_CTAGCC,ss,6,nsp,-203.08,6.311303351923429,30,-196.73,2.1533831521584887,12
ss_CTAGCA,ss,6,nsp,-203.53,2.9802137507232644,27,-203.53,5.461862228214833,8
ss_CTAGCG,ss,6,nsp,-206.6,3.573025188828087,16,-206.6,5.661377747509884,5
ss_CTAGG,ss,5,nsp,-182.02,3.1455513030310085,23,-145.18,5.557728492828704,10
ss_CTAGCT,ss,6,nsp,-192.64,5.829361714630521,26,-184.23,2.271884900253542,11
ss_CTAGGG,ss,6,nsp,-198.1,2.5996470914337606,27,-198.1,5.442325422096696,11
ss_CTAGGA,ss,6,nsp,-197.2,3.4754572361057825,21,-197.2,5.48332754812258,10
ss_CTAGGC,ss,6,nsp,-203.0,6.133167778562749,28,-175.34,6.831515278472272,15
ss_CTAGT,ss,5,nsp,-190.98,3.6559610227681754,23,-144.16,6.448543789104646,9
ss_CTAGGT,ss,6,nsp,-186.16,5.29179336331268,31,-173.15,5.782547103137174,11
ss_CTAGTA,ss,6,nsp,-196.18,5.758830610462531,23,-177.98,5.654313132467988,7
ss_CTAGTC,ss,6,nsp,-200.12,2.714418722305031,26,-200.12,2.714418722305031,11
ss_CTAT,ss,4,rebuild-ss-fb,-131.78,3.2068933565056397,9,-128.61,5.651555272666098,6
ss_CTAGTG,ss,6,nsp,-191.35,5.152830096170471,21,-157.51,6.90881502140563,8
ss_CTATA,ss,5,nsp,-190.68,3.310004380661769,23,-142.62,5.862423645558217,8
ss_CTAGTT,ss,6,nsp,-182.56,2.292227519248484,22,-182.56,3.4541443224046087,9
ss_CTATAA,ss,6,nsp,-204.3,6.277047156107732,28,-190.92,5.43079570597165,12
ss_CTATAC,ss,6,nsp,-196.76,5.763299836031438,26,-188.94,4.410492716239317,13
ss_CTATC,ss,5,nsp,-190.52,2.904863163730805,22,-145.75,6.514049048019213,10
ss_CTATAG,ss,6,nsp,-204.34,6.883507608770402,27,-203.05,6.03810905830626,13
ss_CTATAT,ss,6,nsp,-212.24,5.7217397703845565,19,-181.76,4.336424909992096,10
ss_CTATCA,ss,6,nsp,-209.59,3.045461869733408,21,-209.59,5.445685080869086,7
ss_CTATCG,ss,6,nsp,-189.68,6.5997892390590875,21,-185.64,5.9034163837561,9
ss_CTATCC,ss,6,nsp,-195.27,2.3903662899229583,25,-195.27,5.185884881097917,9
ss_CTATG,ss,5,nsp,-183.63,4.035746523259367,20,-144.99,6.384209426389457,8
ss_CTATCT,ss,6,nsp,-196.03,6.112748808842069,26,-190.81,5.688957988946662,11
ss_CTATGC,ss,6,nsp,-208.81,6.455475815151055,26,-180.81,6.694626277844042,11
ss_CTATGA,ss,6,nsp,-213.65,6.210094443726294,21,-177.84,6.411561900192515,10
ss_CTATGT,ss,6,nsp,-210.08,5.140490638061713,20,-196.66,5.6777923526666605,9
ss_CTATGG,ss,6,nsp,-213.54,6.1116253975518005,27,-207.76,5.2710869846740405,13
ss_CTATT,ss,5,nsp,-194.0,3.6137577395282188,22,-132.29,4.647223902503518,8
ss_CTATTA,ss,6,nsp,-200.61,2.6652615256293326,27,-200.61,5.588305020308036,13
ss_CTATTC,ss,6,nsp,-189.38,6.3240160499480185,20,-173.32,5.61246701549328,8
ss_CTC,ss,3,rebuild-ss-fb,-132.79,3.2241820668194454,13,-132.79,5.719037069297606,6
ss_CTATTG,ss,6,nsp,-201.38,5.93188806367754,20,-178.87,3.764800393115158,8
ss_CTCA,ss,4,rebuild-ss-fb,-169.67,6.662094940782527,12,-135.47,4.8962737872794815,5
ss_CTCAA,ss,5,nsp,-177.69,3.986711175894234,18,-142.69,5.603232370694618,5
ss_CTATTT,ss,6,nsp,-180.4,6.692015615642287,21,-164.41,5.999654073361219,9
ss_CTCAAA,ss,6,nsp,-196.81,5.753934653782602,28,-196.29,5.471201421991339,14
ss_CTCAAC,ss,6,nsp,-189.27,2.4227723789080993,33,-189.27,4.976609890276702,14
ss_CTCAAG,ss,6,nsp,-199.74,6.776150160673833,29,-195.36,5.547788388177757,13
ss_CTCAC,ss,5,nsp,-192.75,3.6578160150559955,20,-142.8,5.7915695627351385,10
ss_CTCAAT,ss,6,nsp,-197.74,5.973320851921494,26,-184.26,5.767774700870353,10
ss_CTCACA,ss,6,nsp,-195.89,6.163272345110193,21,-186.39,6.743202058369614,11
ss_CTCACC,ss,6,nsp,-191.3,3.151964942698456,28,-191.3,6.183503941941016,9
ss_CTCACG,ss,6,nsp,-208.39,2.7635904182783744,22,-208.39,5.5873467764226,10
ss_CTCAG,ss,5,nsp,-201.47,3.5145163251861677,23,-171.9,5.305592898065216,9
ss_CTCACT,ss,6,nsp,-192.19,5.778679174344254,25,-187.01,6.0826047874245415,10
ss_CTCAGA,ss,6,nsp,-207.13,5.894809411677361,28,-191.44,5.734288621965246,13
ss_CTCAGC,ss,6,nsp,-198.31,6.360917072246738,24,-186.07,5.69240037242639,14
ss_CTCAGG,ss,6,nsp,-207.99,2.458820245564938,27,-207.99,5.502111867274233,11
ss_CTCAGT,ss,6,nsp,-210.24,5.689427211943224,28,-164.07,4.233208357735304,16
ss_CTCAT,ss,5,nsp,-191.89,3.9063664702636616,25,-152.27,5.528504770731418,11
ss_CTCATA,ss,6,nsp,-212.92,6.095230512458089,23,-174.72,5.004460210652099,9
ss_CTCC,ss,4,rebuild-ss-fb,-171.97,6.671678799222887,9,-131.95,4.916442412964889,6
ss_CTCATG,ss,6,nsp,-191.5,5.5524666590624525,31,-175.5,4.923386131515601,15
ss_CTCATT,ss,6,nsp,-180.42,5.465866536972894,24,-175.49,6.202260878099197,8
ss_CTCATC,ss,6,nsp,-186.31,2.4611917844816498,25,-186.31,4.907511996928794,13
ss_CTCCA,ss,5,nsp,-192.09,3.704258225340149,18,-148.26,2.7585521564763025,6
ss_CTCCAA,ss,6,nsp,-203.81,6.566020484281197,22,-190.19,5.9598931198470195,8
ss_CTCCAC,ss,6,nsp,-205.78,6.17604566045299,26,-171.83,2.843963079929151,9
ss_CTCCAG,ss,6,nsp,-207.02,3.2675596398535696,24,-207.02,5.397657454859474,10
ss_CTCCC,ss,5,nsp,-189.52,4.079690551990418,25,-144.59,5.570536239896486,14
ss_CTCCAT,ss,6,nsp,-206.7,6.077711246842844,26,-175.54,5.264709393689275,12
ss_CTCCCC,ss,6,nsp,-185.68,3.475014388459418,32,-185.13,5.250563969708413,15
ss_CTCCCA,ss,6,nsp,-192.11,6.716464620617031,20,-179.92,6.284703811636644,9
ss_CTCCCG,ss,6,nsp,-198.62,2.179238857950186,28,-198.62,5.180948368783469,15
ss_CTCCG,ss,5,nsp,-198.91,4.080762428762542,20,-183.55,5.374322003750807,10
ss_CTCCCT,ss,6,nsp,-201.69,5.971625071954885,23,-184.75,5.632248751608883,7
ss_CTCCGA,ss,6,nsp,-201.55,5.996021180749789,28,-193.59,5.91792962107527,11
ss_CTCCGC,ss,6,nsp,-203.1,6.013973561631272,25,-182.1,6.012320517071573,10
ss_CTCCT,ss,5,nsp,-187.0,3.3148696806963778,16,-132.66,4.884803373729603,5
ss_CTCCGG,ss,6,nsp,-200.48,2.136055710883971,20,-200.48,5.739399794403599,11
ss_CTCCGT,ss,6,nsp,-196.0,5.64172252064919,21,-184.1,5.565769847918618,9
ss_CTCCTA,ss,6,nsp,-195.03,6.4169860526574425,25,-193.58,4.837431136460756,12
ss_CTCCTC,ss,6,nsp,-189.61,6.3163772844883255,23,-183.14,4.960155844325873,10
ss_CTCCTG,ss,6,nsp,-200.93,2.542837784838034,24,-200.93,5.267658493106795,12
ss_CTCG,ss,4,rebuild-ss-fb,-164.75,2.5658536591161916,9,-164.75,2.5658536591161916,8
ss_CTCCTT,ss,6,nsp,-182.05,2.5325562185270427,24,-182.05,5.9843076458350755,10
ss_CTCGA,ss,5,nsp,-202.27,3.6902169312928126,23,-142.47,6.403162499890192,12
ss_CTCGAC,ss,6,nsp,-187.56,5.2084217379163995,25,-180.51,5.518471980539548,9
ss_CTCGAA,ss,6,nsp,-197.29,5.011482515184512,26,-176.02,5.997797095601028,15
ss_CTCGC,ss,5,nsp,-202.14,3.7920390293350175,18,-148.64,5.223817856702126,9
ss_CTCGAT,ss,6,nsp,-196.68,6.008241922559383,28,-175.01,3.897080702269348,10
ss_CTCGAG,ss,6,nsp,-213.96,3.407555868947723,22,-213.96,5.886575065349973,13
ss_CTCGCA,ss,6,nsp,-199.1,2.497088905105302,30,-199.1,4.82743575824683,10
ss_CTCGCC,ss,6,nsp,-180.95,5.362024710871848,19,-179.12,5.676184722152725,9
ss_CTCGG,ss,5,nsp,-204.35,3.730511627109627,15,-159.66,5.913640756758911,8
ss_CTCGCT,ss,6,nsp,-182.98,2.7430193218422727,28,-182.98,5.3563900156728685,17
ss_CTCGCG,ss,6,nsp,-205.21,3.3604913331237944,24,-205.21,5.57103051508427,14
ss_CTCGGC,ss,6,nsp,-194.53,6.358813096797232,27,-171.3,6.048425001601672,12
ss_CTCGGA,ss,6,nsp,-198.08,6.4017243770721715,26,-197.67,5.597307745693466,13
ss_CTCGGG,ss,6,nsp,-194.44,2.6317456184061543,25,-194.44,5.631561151226192,10
ss_CTCGGT,ss,6,nsp,-174.32,5.814339687359188,22,-168.44,4.920022967426075,9
ss_CTCGT,ss,5,nsp,-203.22,3.4618960123031086,24,-135.97,6.936411896650893,9
ss_CTCGTC,ss,6,nsp,-190.77,2.474326979200618,24,-190.77,2.474326979200618,13
ss_CTCGTA,ss,6,nsp,-187.98,5.05710648493781,27,-160.75,3.0953479610538186,13
ss_CTCGTG,ss,6,nsp,-185.09,2.998092226733542,27,-185.09,6.370741401124365,10
ss_CTCT,ss,4,rebuild-ss-fb,-152.67,2.6812484032629316,9,-152.67,2.893980131237941,7
ss_CTCGTT,ss,6,nsp,-180.03,5.994563703890396,28,-162.42,3.8854093735409783,10
ss_CTCTA,ss,5,nsp,-195.07,3.7287845204570482,18,-151.04,6.728003046967219,7
ss_CTCTAA,ss,6,nsp,-196.2,2.354432628044376,28,-196.2,5.24594796009263,12
ss_CTCTAC,ss,6,nsp,-178.6,2.7684002600780033,26,-178.6,6.786593107001485,7
ss_CTCTC,ss,5,nsp,-192.31,3.6187928926646475,16,-142.85,6.571369263707525,9
ss_CTCTAG,ss,6,nsp,-178.8,6.213920179725543,24,-178.34,6.599725600356443,8
ss_CTCTAT,ss,6,nsp,-197.47,6.273659936592049,25,-172.66,3.7650042496656027,8
ss_CTCTCA,ss,6,nsp,-180.37,3.5745156315226945,27,-175.21,4.93843132988605,11
ss_CTCTCC,ss,6,nsp,-185.18,2.517429045673394,28,-185.18,5.353016906380937,12
ss_CTCTCG,ss,6,nsp,-183.46,3.653428253024839,24,-167.0,4.557429319254442,11
ss_CTCTG,ss,5,nsp,-203.42,3.3844221072437386,17,-159.28,6.302394068923352,7
ss_CTCTCT,ss,6,nsp,-182.35,5.9369885463928656,26,-176.06,5.451172534418624,11
ss_CTCTGA,ss,6,nsp,-205.54,6.183457042787654,20,-181.88,6.84332821074658,9
ss_CTCTGG,ss,6,nsp,-166.35,3.056576516300577,21,-166.35,6.281567479538832,9
ss_CTCTGC,ss,6,nsp,-169.56,3.6364121053588034,24,-164.22,6.472921287950283,9
ss_CTCTT,ss,5,nsp,-187.86,4.065911951825811,22,-144.08,6.676904447421714,8
ss_CTCTGT,ss,6,nsp,-193.95,5.533131934085795,25,-188.92,4.926206248219831,13
ss_CTCTTA,ss,6,nsp,-189.78,6.2906687243885315,20,-181.02,4.559898573433406,8
ss_CTG,ss,3,rebuild-ss-fb,-154.85,2.512046376960433,14,-154.85,5.418459744244664,8
ss_CTCTTC,ss,6,nsp,-189.87,2.8463847245233764,28,-189.87,5.281525726530166,7
ss_CTCTTG,ss,6,nsp,-168.98,2.6579800601208294,24,-168.98,4.950367360105731,10
ss_CTGA,ss,4,rebuild-ss-fb,-147.38,2.6645189059190626,11,-147.38,5.652731109826483,6
ss_CTCTTT,ss,6,nsp,-185.04,2.8532483242788333,19,-169.3,4.691770987590943,6
ss_CTGAA,ss,5,nsp,-181.02,3.231419038131719,27,-156.54,5.189466639260727,13
ss_CTGAAA,ss,6,nsp,-190.45,6.0175986074180905,24,-181.32,5.177129996436242,10
ss_CTGAAC,ss,6,nsp,-203.78,2.354323894454608,24,-203.78,6.577468357962643,13
ss_CTGAC,ss,5,nsp,-180.45,2.978827621733104,22,-140.37,3.293766385158485,10
ss_CTGAAG,ss,6,nsp,-210.3,3.280108077487691,29,-210.3,5.503699210531031,11
ss_CTGAAT,ss,6,nsp,-200.23,5.831818412810886,25,-179.43,6.649058730376807,11
ss_CTGACA,ss,6,nsp,-195.46,2.5417366110594526,26,-195.46,4.635248213418565,13
ss_CTGACC,ss,6,nsp,-198.97,2.4544779485666623,25,-198.97,5.192546773982892,8
ss_CTGACG,ss,6,nsp,-173.75,2.4584493079988397,27,-173.75,4.224978224795955,12
ss_CTGACT,ss,6,nsp,-190.4,6.378808509431852,23,-168.69,4.200441643446558,12
ss_CTGAG,ss,5,nsp,-180.19,3.199519026353833,25,-174.3,5.472518067580944,10
ss_CTGAGA,ss,6,nsp,-206.77,6.303816859649401,25,-193.98,5.428397553606396,11
ss_CTGAGC,ss,6,nsp,-194.23,2.9367919572213523,25,-194.23,6.919153344159965,11
ss_CTGAGG,ss,6,nsp,-208.5,6.3276622855522255,27,-208.4,4.598708079450142,13
ss_CTGAGT,ss,6,nsp,-203.73,5.565751880923202,27,-190.43,5.400108702609612,10
ss_CTGAT,ss,5,nsp,-194.76,3.5453266422150893,23,-158.63,5.806244483312778,12
ss_CTGATA,ss,6,nsp,-204.9,5.905846764012781,23,-166.03,6.262570957681834,10
ss_CTGATC,ss,6,nsp,-201.49,5.723724836153488,23,-192.4,4.617053064455721,12
ss_CTGC,ss,4,rebuild-ss-fb,-139.31,6.399338168904654,11,-122.43,4.626732540357185,4
ss_CTGATG,ss,6,nsp,-185.25,5.985809302007564,26,-158.63,5.132066347973297,11
ss_CTGATT,ss,6,nsp,-188.96,2.6074886385179097,25,-188.96,4.524277953441861,12
ss_CTGCA,ss,5,nsp,-181.64,3.7013104436131843,19,-145.18,5.267995634014903,8
ss_CTGCAC,ss,6,nsp,-195.65,2.3824665789890975,30,-195.65,6.147134047668062,13
ss_CTGCAA,ss,6,nsp,-201.99,6.201938084179825,21,-196.6,5.825484786693723,12
ss_CTGCC,ss,5,nsp,-183.65,4.429191122541454,22,-140.09,3.471395252632565,8
ss_CTGCAG,ss,6,nsp,-213.87,3.6919855091806846,19,-213.87,6.152725331103285,10
ss_CTGCAT,ss,6,nsp,-195.35,6.004258905143918,16,-179.39,6.498668940636991,8
ss_CTGCCA,ss,6,nsp,-194.75,2.563749207703436,32,-194.75,4.876342891963213,12
ss_CTGCCC,ss,6,nsp,-189.19,2.5635695816575903,31,-189.19,5.684483881585044,15
ss_CTGCCG,ss,6,nsp,-165.06,2.8902084699896737,31,-165.06,6.530317833000172,13
ss_CTGCG,ss,5,nsp,-179.69,3.4831162771288775,23,-163.21,5.326166820519245,8
ss_CTGCCT,ss,6,nsp,-200.51,6.203010075761612,20,-184.04,6.201209398173869,8
ss_CTGCGA,ss,6,nsp,-210.56,6.296818879402512,23,-180.22,6.665308244935109,10
ss_CTGCGC,ss,6,nsp,-190.02,3.054689673272884,28,-190.02,6.197574122186844,12
ss_CTGCGT,ss,6,nsp,-189.47,5.554991359129197,18,-176.8,5.367206070200778,8
ss_CTGCGG,ss,6,nsp,-205.72,6.394966536268988,22,-205.27,5.562239207369655,12
ss_CTGCT,ss,5,nsp,-188.96,3.474038284187442,21,-146.75,6.5277381994072,11
ss_CTGCTA,ss,6,nsp,-192.71,6.045243915674545,21,-164.22,6.535148276818209,9
ss_CTGCTC,ss,6,nsp,-196.97,6.101312153955084,20,-165.91,5.4549847845800645,8
ss_CTGCTG,ss,6,nsp,-191.06,6.1928145459072255,22,-165.57,3.971935044786102,10
ss_CTGG,ss,4,rebuild-ss-fb,-148.95,6.884017213807648,11,-142.1,5.5778352431745475,6
ss_CTGCTT,ss,6,nsp,-185.82,6.9661886279371,19,-181.38,4.466842844784218,7
ss_CTGGA,ss,5,nsp,-183.18,2.79726741660503,20,-154.81,5.363776095252294,8
ss_CTGGAC,ss,6,nsp,-198.47,6.3647090271276285,28,-188.92,2.9600542224763435,12
ss_CTGGAA,ss,6,nsp,-210.08,3.415624247483921,25,-210.08,5.645431870105242,9
ss_CTGGAG,ss,6,nsp,-190.08,2.594875526879853,23,-190.08,5.554657145135065,12
ss_CTGGC,ss,5,nsp,-178.33,3.4470629527178747,21,-148.74,6.408429760869666,12
ss_CTGGAT,ss,6,nsp,-186.76,5.75293368638994,29,-168.81,6.230916305006836,12
ss_CTGGCA,ss,6,nsp,-207.36,6.094625008973071,28,-184.52,5.733005668931438,11
ss_CTGGCC,ss,6,nsp,-196.12,2.360324130283818,32,-196.12,5.430925335520633,14
ss_CTGGG,ss,5,nsp,-180.99,3.0337677893998563,25,-156.61,5.561460599518808,9
ss_CTGGCG,ss,6,nsp,-184.14,6.261511957985882,22,-181.12,5.2917355376095685,10
ss_CTGGCT,ss,6,nsp,-183.94,6.799827130155599,21,-182.71,2.3615234489625507,12
ss_CTGGGA,ss,6,nsp,-189.1,6.043495098037225,22,-172.86,6.370077393564379,11
ss_CTGGGC,ss,6,nsp,-209.03,6.08277543560503,25,-160.92,3.950025442956034,11
ss_CTGGGG,ss,6,nsp,-224.33,3.666116201104386,23,-224.33,5.924760754663444,12
ss_CTGGGT,ss,6,nsp,-188.87,5.871805599643105,24,-158.54,4.1626669335895725,11
ss_CTGGT,ss,5,nsp,-161.52,3.3250042105236517,24,-146.31,6.778046031121367,7
ss_CTGGTA,ss,6,nsp,-194.52,6.134761772065816,21,-168.47,5.2239963629390065,6
ss_CTGGTC,ss,6,nsp,-188.72,6.2696183296912125,25,-152.41,2.551939066670673,10
ss_CTGT,ss,4,rebuild-ss-fb,-136.85,6.3223481397341725,9,-121.81,5.303111256611548,2
ss_CTGGTG,ss,6,nsp,-194.19,5.576173957114336,22,-163.15,5.344283955779304,9
ss_CTGGTT,ss,6,nsp,-191.43,2.7341845219370375,19,-191.43,3.097885407822576,6
ss_CTGTA,ss,5,nsp,-192.09,3.0927486157138784,21,-146.54,6.925224833895285,7
ss_CTGTAA,ss,6,nsp,-200.62,2.5464331917409613,28,-200.62,6.487249108828806,10
ss_CTGTAC,ss,6,nsp,-200.97,3.787529405826452,27,-183.77,5.886495986578099,8
ss_CTGTC,ss,5,nsp,-185.64,3.2453663891770566,24,-144.97,6.912021484341624,10
ss_CTGTAG,ss,6,nsp,-180.43,2.0073679284077492,29,-180.43,5.737589563571103,13
ss_CTGTAT,ss,6,nsp,-204.99,6.042986761527792,19,-194.25,5.338544932844539,8
ss_CTGTCA,ss,6,nsp,-197.92,2.38574558576559,25,-197.92,4.709311308461155,9
ss_CTGTCC,ss,6,nsp,-192.15,3.2272176871106897,32,-183.53,6.997754854237193,11
ss_CTGTCG,ss,6,nsp,-169.93,2.8061466462036533,33,-169.93,6.241201567006152,14
ss_CTGTG,ss,5,nsp,-177.52,2.8307039760455535,22,-153.37,5.073585418616705,8
ss_CTGTCT,ss,6,nsp,-205.94,2.533687628734069,25,-205.94,6.101950262006411,8
ss_CTGTGA,ss,6,nsp,-218.93,2.8247238803111405,22,-218.93,5.206968887942406,12
ss_CTGTGC,ss,6,nsp,-201.08,2.411238063734075,26,-201.08,5.252723198494292,11
ss_CTGTGG,ss,6,nsp,-181.34,5.058456978170328,26,-180.98,4.194779016825561,12
ss_CTGTGT,ss,6,nsp,-197.66,5.878277809018555,24,-138.02,4.555009769473617,9
ss_CTGTT,ss,5,nsp,-199.77,4.026020615943247,22,-142.68,6.809474869620997,11
ss_CTGTTA,ss,6,nsp,-183.41,6.252076854933909,21,-176.41,5.869670774413169,12
ss_CTT,ss,3,rebuild-ss-fb,-131.32,6.24505924711689,10,-119.29,6.143849444769938,2
ss_CTGTTC,ss,6,nsp,-198.06,2.378140029518881,36,-198.06,6.30313779002174,17
ss_CTGTTG,ss,6,nsp,-169.71,5.548548098376733,24,-156.28,5.462188755434946,8
ss_CTTA,ss,4,rebuild-ss-fb,-134.53,2.9397600242196664,12,-134.53,3.34978730668083,7
ss_CTGTTT,ss,6,nsp,-189.22,5.415934453074573,19,-188.02,3.9320119531863034,8
ss_CTTAA,ss,5,nsp,-169.46,5.872584099014668,20,-151.41,5.837003769058242,8
ss_CTTAAA,ss,6,nsp,-194.49,5.656128534607421,30,-186.84,5.649122586738573,14
ss_CTTAAC,ss,6,nsp,-184.81,2.938241821225747,25,-184.81,5.067172880413689,7
ss_CTTAAG,ss,6,nsp,-190.78,2.0546741834169255,26,-149.5,5.66292512752907,10
ss_CTTAAT,ss,6,nsp,-189.49,5.768747697724355,29,-160.7,5.387115554728724,15
ss_CTTAC,ss,5,nsp,-185.2,3.824692536662265,19,-140.78,5.951482000308837,9
ss_CTTACA,ss,6,nsp,-192.12,2.527690843437937,25,-192.12,4.965229199140758,10
ss_CTTACC,ss,6,nsp,-181.2,3.0912536291931785,25,-178.06,6.360145359974091,9
ss_CTTACG,ss,6,nsp,-176.59,3.5653023714686594,17,-162.83,5.419910423614035,5
ss_CTTACT,ss,6,nsp,-172.73,5.973790588897468,19,-161.47,3.2311596989316462,9
ss_CTTAG,ss,5,nsp,-185.83,3.968051662970144,23,-180.94,5.303425591068474,9
ss_CTTAGA,ss,6,nsp,-201.9,6.275754137950275,24,-195.6,6.022845589918452,14
ss_CTTAGC,ss,6,nsp,-194.45,6.152340692777031,26,-178.14,6.526470025978815,12
ss_CTTAGG,ss,6,nsp,-177.14,2.8477131175734685,16,-177.14,6.777488251557518,8
ss_CTTAT,ss,5,nsp,-177.71,4.37330607206951,24,-161.91,5.612091410517116,7
ss_CTTAGT,ss,6,nsp,-188.16,5.260462051949439,25,-162.25,4.294058220378481,11
ss_CTTATA,ss,6,nsp,-202.22,5.9959888258735194,28,-165.92,3.9380547228295386,11
ss_CTTC,ss,4,rebuild-ss-fb,-178.18,6.228842187758489,12,-130.72,4.853475558813496,8
ss_CTTATC,ss,6,nsp,-188.03,6.250838823709998,27,-160.04,6.098446031572313,9
ss_CTTATG,ss,6,nsp,-177.49,3.564641075900922,23,-170.1,6.67000997000754,10
ss_CTTATT,ss,6,nsp,-177.01,4.156491910253174,27,-173.76,4.855171469680565,11
ss_CTTCA,ss,5,nsp,-171.03,4.983881318811678,23,-160.35,6.39901351772287,11
ss_CTTCAA,ss,6,nsp,-191.44,5.665489740525518,19,-179.07,5.4661777322000775,5
ss_CTTCAC,ss,6,nsp,-204.81,6.445502462958193,23,-184.34,5.094848084094359,10
ss_CTTCAG,ss,6,nsp,-174.82,3.060165191619561,19,-174.82,6.113995829242918,9
ss_CTTCC,ss,5,nsp,-171.08,3.4403850075246054,23,-150.04,6.090427078621012,8
ss_CTTCAT,ss,6,nsp,-201.29,5.57759168458934,26,-169.68,3.2267499128379984,14
ss_CTTCCA,ss,6,nsp,-195.38,6.430010419898256,24,-189.58,5.873217687094537,11
ss_CTTCCC,ss,6,nsp,-175.26,4.577633668173986,27,-170.77,6.408744728884127,12
ss_CTTCCG,ss,6,nsp,-175.35,2.438340829334565,16,-175.35,6.566278169556948,7
ss_CTTCG,ss,5,nsp,-183.5,3.6006539683785315,22,-145.67,5.374752645471228,10
ss_CTTCCT,ss,6,nsp,-179.88,6.9236673085872615,21,-156.07,6.392966212956247,11
ss_CTTCGA,ss,6,nsp,-198.65,6.807193107294663,22,-186.63,5.988950659339252,7
ss_CTTCGG,ss,6,nsp,-177.5,2.63186948764561,22,-177.5,6.396555479318535,12
ss_CTTCGC,ss,6,nsp,-194.88,6.702962106412383,23,-188.33,6.117169116511326,9
ss_CTTCT,ss,5,nsp,-175.42,3.691031834054009,22,-141.22,6.5482439630789555,9
ss_CTTCGT,ss,6,nsp,-197.18,5.837926172880255,22,-169.42,5.678194607443479,7
ss_CTTCTA,ss,6,nsp,-191.23,6.242772621199662,18,-174.95,6.393306890803846,5
ss_CTTCTC,ss,6,nsp,-193.58,5.971996148692682,21,-166.27,2.6603259198827667,8
ss_CTTCTG,ss,6,nsp,-178.6,2.8540222493876994,21,-178.6,6.246985913222479,11
ss_CTTCTT,ss,6,nsp,-173.3,5.610736226200636,22,-171.09,2.5039181296520097,11
ss_CTTG,ss,4,rebuild-ss-fb,-146.33,2.0610567677771687,10,-146.33,5.5429595885230825,10
ss_CTTGA,ss,5,nsp,-193.15,4.247184596882994,18,-160.24,5.306336024037685,8
ss_CTTGAA,ss,6,nsp,-186.6,5.153721567954576,22,-185.52,5.294977431491089,12
ss_CTTGAC,ss,6,nsp,-190.84,6.4123963539382185,30,-172.58,5.973045454372502,12
ss_CTTGC,ss,5,nsp,-196.83,4.470465300167348,22,-153.87,5.601381526016605,10
ss_CTTGAG,ss,6,nsp,-211.21,3.503563614378948,24,-211.21,5.559198683263632,12
ss_CTTGAT,ss,6,nsp,-186.72,6.322523704977324,29,-178.48,4.225682548417468,13
ss_CTTGCA,ss,6,nsp,-201.94,2.8998608587309906,23,-201.94,5.734268479937095,11
ss_CTTGCC,ss,6,nsp,-179.49,2.0587311626339235,26,-179.49,5.0335547081560525,12
ss_CTTGCG,ss,6,nsp,-175.68,2.073771684636479,27,-175.68,4.599607483253323,14
ss_CTTGG,ss,5,nsp,-182.58,3.5088039272663933,23,-160.36,6.107327238653578,10
ss_CTTGCT,ss,6,nsp,-185.97,2.733287032128178,23,-185.97,2.733287032128178,8
ss_CTTGGA,ss,6,nsp,-193.36,6.749777329660603,27,-192.96,5.636458196420883,13
ss_CTTGGC,ss,6,nsp,-191.5,6.5238385173148,30,-164.91,6.493081702858818,13
ss_CTTGGG,ss,6,nsp,-216.18,3.4041272009136168,30,-216.18,5.980406925954117,12
ss_CTTGT,ss,5,nsp,-192.55,3.3156757983856284,21,-157.28,5.766968354343561,10
ss_CTTGGT,ss,6,nsp,-183.08,5.621753907812059,25,-172.02,4.4388118905851535,12
ss_CTTGTA,ss,6,nsp,-191.03,6.13864089192388,27,-175.67,4.809594889385188,11
ss_CTTGTC,ss,6,nsp,-183.06,4.751049252533593,27,-176.69,4.6015720139969645,10
ss_CTTT,ss,4,rebuild-ss-fb,-180.7,6.173311024077781,12,-129.52,4.375939213471781,7
ss_CTTGTG,ss,6,nsp,-171.57,3.33636583725466,27,-171.57,6.853442711513676,14
ss_CTTTA,ss,5,nsp,-185.59,3.4343955800111523,22,-159.15,6.513902670442675,10
ss_CTTGTT,ss,6,nsp,-195.41,3.932697038928886,30,-165.85,4.766087913582788,10
ss_CTTTAA,ss,6,nsp,-192.16,5.121580420143772,21,-173.55,6.4001678884229385,8
ss_CTTTAC,ss,6,nsp,-166.03,3.0375493411630443,26,-166.03,6.743490935709787,11
ss_CTTTAG,ss,6,nsp,-184.2,6.335177029886399,26,-174.38,5.960695429226366,9
ss_CTTTC,ss,5,nsp,-176.46,3.46999841498526,20,-134.84,3.040194895068412,8
ss_CTTTAT,ss,6,nsp,-201.78,5.715706518008079,26,-176.99,3.7923772227983905,9
ss_CTTTCA,ss,6,nsp,-167.22,4.147625103598442,27,-161.46,4.745234030055843,9
ss_CTTTCG,ss,6,nsp,-180.0,1.964454631698068,22,-180.0,5.639591740542929,10
ss_CTTTCC,ss,6,nsp,-167.09,3.5905974433233334,27,-163.63,5.923402063004003,11
ss_CTTTG,ss,5,nsp,-178.65,3.4310928288229396,18,-138.3,6.28031527871014,6
ss_CTTTCT,ss,6,nsp,-184.88,5.26719004783385,27,-173.31,2.894046647861782,10
ss_CTTTGA,ss,6,nsp,-189.29,5.084331519482179,21,-166.82,6.611520021901174,7
ss_CTTTGC,ss,6,nsp,-171.4,3.753495171170472,27,-160.47,3.8379429386065453,9
ss_CTTTGG,ss,6,nsp,-188.61,6.365344374030373,23,-174.69,5.112957363405254,8
ss_CTTTGT,ss,6,nsp,-197.69,5.126036870721868,31,-168.24,5.037359725094098,12
ss_CTTTT,ss,5,nsp,-174.32,3.426861246096811,22,-140.29,2.9054299165528157,8
ss_CTTTTA,ss,6,nsp,-175.3,2.696529806992686,18,-175.3,6.441797419975281,9
ss_CTTTTC,ss,6,nsp,-182.06,5.559492872555938,22,-161.48,4.955685320921831,10
ss_GAA,ss,3,rebuild-ss-fb,-140.1,2.738242136846191,11,-140.1,5.515222026355791,4
ss_CTTTTG,ss,6,nsp,-171.32,6.411755609815466,23,-155.79,3.956129168770897,11
ss_GAAA,ss,4,rebuild-ss-fb,-159.77,2.4342245171717583,10,-159.77,5.026852892217945,7
ss_CTTTTT,ss,6,nsp,-186.21,2.7020216505424295,20,-186.21,4.987991178821399,9
ss_GAAAA,ss,5,nsp,-169.3,3.3956108434271655,24,-145.01,6.463876700556726,7
ss_GAAAAA,ss,6,nsp,-196.75,6.622306999830198,22,-173.7,6.16939948455277,12
ss_GAAAAG,ss,6,nsp,-210.57,5.925720968793613,19,-192.32,6.382241769159166,4
ss_GAAAAC,ss,6,nsp,-200.53,2.5373927563544423,27,-200.53,6.292632914766294,13
ss_GAAAC,ss,5,nsp,-172.39,3.066034246384094,20,-156.91,6.604559182867558,6
ss_GAAAAT,ss,6,nsp,-220.4,5.208217353375335,24,-177.16,6.07656885092237,8
ss_GAAACA,ss,6,nsp,-188.99,2.383851924931588,27,-188.99,4.3665347817233755,14
ss_GAAACC,ss,6,nsp,-192.99,2.7393276547357246,29,-192.99,5.150696457761807,15
ss_GAAACG,ss,6,nsp,-183.08,2.2870743319796123,29,-178.81,5.669124535587484,18
ss_GAAACT,ss,6,nsp,-185.97,5.5151533070260115,24,-183.74,2.608224491871831,11
ss_GAAAG,ss,5,nsp,-175.26,3.286432412206294,24,-168.73,6.508997618681397,10
ss_GAAAGA,ss,6,nsp,-203.81,6.442463736801325,26,-185.53,6.176900355356236,10
ss_GAAAGC,ss,6,nsp,-207.05,3.230840602691522,27,-207.05,5.33263546475849,16
ss_GAAAGG,ss,6,nsp,-199.5,2.5027828511479058,24,-199.5,6.28648136877857,12
ss_GAAAT,ss,5,nsp,-176.86,3.5348093300770853,23,-152.45,6.679124792965014,8
ss_GAAAGT,ss,6,nsp,-191.02,5.866940088325439,22,-162.57,5.736669852797876,10
ss_GAAATA,ss,6,nsp,-204.79,5.614832677827566,20,-176.2,5.439907168325606,8
ss_GAAATC,ss,6,nsp,-185.07,6.2817918621998405,22,-163.75,6.594207458064983,8
ss_GAAC,ss,4,rebuild-ss-fb,-144.14,2.7182128319909165,11,-144.14,5.580931553065323,9
ss_GAAATG,ss,6,nsp,-188.17,2.857581669874011,22,-188.17,6.69533591390306,11
ss_GAAATT,ss,6,nsp,-183.93,5.013296520254915,27,-172.6,5.308178689531826,12
ss_GAACA,ss,5,nsp,-174.33,3.55608506647411,27,-137.91,6.934164261106008,11
ss_GAACAA,ss,6,nsp,-216.95,5.852538081892358,22,-200.55,6.392353244306838,11
ss_GAACAC,ss,6,nsp,-223.05,2.740544106559867,26,-223.05,4.825427960295337,12
ss_GAACC,ss,5,nsp,-171.73,3.6141810967354937,20,-143.86,5.936976840109788,8
ss_GAACAG,ss,6,nsp,-209.73,6.417692030629081,20,-184.64,5.996710848456822,8
ss_GAACAT,ss,6,nsp,-220.03,5.231562194985357,21,-197.56,5.727215728432104,7
ss_GAACCA,ss,6,nsp,-200.15,2.4901959762235615,30,-200.15,4.422638352838725,15
ss_GAACCC,ss,6,nsp,-198.96,2.490216456455142,28,-198.96,5.246116659015514,11
ss_GAACCG,ss,6,nsp,-174.5,2.605191355735704,23,-174.5,4.605114330828288,12
ss_GAACG,ss,5,nsp,-184.43,3.067686587642236,22,-156.13,5.548306678618257,6
ss_GAACCT,ss,6,nsp,-168.1,3.4006631706183645,14,-156.89,6.5403726193543354,7
ss_GAACGA,ss,6,nsp,-217.95,5.979497888619084,27,-181.96,5.313339721869851,10
ss_GAACGC,ss,6,nsp,-199.38,2.5903856855688456,27,-199.38,5.324894459047998,11
ss_GAACGG,ss,6,nsp,-216.8,6.027308603348604,21,-201.42,4.7865695440471745,7
ss_GAACGT,ss,6,nsp,-202.81,5.175491570855869,22,-183.39,5.852649143763872,9
ss_GAACT,ss,5,nsp,-182.59,3.2381057734422627,24,-144.22,6.1469805595918405,9
ss_GAACTA,ss,6,nsp,-197.67,5.943747218716509,22,-193.38,3.7214564353220676,10
ss_GAACTC,ss,6,nsp,-195.9,6.068572402138738,21,-178.04,3.1106528253728514,8
ss_GAACTG,ss,6,nsp,-193.07,5.87628973077401,16,-164.53,2.947678578135683,4
ss_GAAG,ss,4,rebuild-ss-fb,-135.43,2.6661339051143,10,-135.43,2.6661339051143,6
ss_GAACTT,ss,6,nsp,-188.39,5.5234059238842885,22,-156.54,6.482326819900398,8
ss_GAAGA,ss,5,nsp,-181.65,3.3785929023781502,22,-146.73,5.997065115537766,10
ss_GAAGAA,ss,6,nsp,-195.08,6.334367371727038,26,-173.93,6.870908382448427,11
ss_GAAGAC,ss,6,nsp,-206.17,6.130469884111673,31,-185.62,3.9407198580969935,11
ss_GAAGAG,ss,6,nsp,-206.56,5.881329866620313,33,-195.2,6.132946437072466,10
ss_GAAGC,ss,5,nsp,-177.13,3.341277300674113,29,-143.66,6.653458424007781,12
ss_GAAGAT,ss,6,nsp,-186.95,5.767850986285956,20,-160.37,3.604629523265884,7
ss_GAAGCA,ss,6,nsp,-192.94,3.552176375125553,29,-182.06,4.311110645761712,14
ss_GAAGCG,ss,6,nsp,-194.15,3.0324345005292415,25,-194.15,6.746899213712917,13
ss_GAAGCC,ss,6,nsp,-192.96,2.756059143051888,26,-192.96,5.088113304556027,10
ss_GAAGG,ss,5,nsp,-168.6,3.172355591670024,27,-168.6,6.141765625616142,12
ss_GAAGCT,ss,6,nsp,-190.4,3.156510414999458,28,-178.61,6.186816790563632,11
ss_GAAGGA,ss,6,nsp,-203.57,5.602843742243772,26,-180.71,6.888548540875633,8
ss_GAAGGC,ss,6,nsp,-201.77,6.24030399900519,21,-170.38,6.049461711590543,9
ss_GAAGGG,ss,6,nsp,-193.54,6.541682734587494,18,-184.69,6.374348045094499,7
ss_GAAGGT,ss,6,nsp,-206.55,5.11249870415631,27,-182.98,6.530451209526043,13
ss_GAAGT,ss,5,nsp,-179.77,3.4094547951248955,28,-138.95,6.973470154808147,10
ss_GAAGTA,ss,6,nsp,-200.72,6.131769483599331,23,-162.39,3.708797783649028,11
ss_GAAGTC,ss,6,nsp,-201.66,5.973505670877041,26,-165.38,6.587895794561428,7
ss_GAAGTG,ss,6,nsp,-193.96,5.768743884070435,27,-170.21,6.465437958870237,8
ss_GAAT,ss,4,rebuild-ss-fb,-135.26,2.7504032431627157,8,-135.26,2.7504032431627157,4
ss_GAATA,ss,5,nsp,-170.58,3.4407064681544792,23,-151.66,5.918270355433253,6
ss_GAAGTT,ss,6,nsp,-178.27,3.238202279043123,25,-178.21,6.973179045456964,11
ss_GAATAC,ss,6,nsp,-191.83,2.650141316986713,22,-191.83,6.3771051426176175,9
ss_GAATAA,ss,6,nsp,-196.65,2.943138121121743,26,-196.65,6.301453324432393,15
ss_GAATC,ss,5,nsp,-173.71,3.6363447306326924,21,-144.5,6.821940559694137,8
ss_GAATAT,ss,6,nsp,-180.72,4.841953737903767,24,-180.71,3.581160984932122,8
ss_GAATAG,ss,6,nsp,-184.11,2.2950122004033147,25,-184.11,6.658191120717405,13
ss_GAATCA,ss,6,nsp,-210.26,2.5772283561997393,30,-210.26,4.426417738984888,17
ss_GAATCC,ss,6,nsp,-203.27,2.424875254523414,24,-203.27,5.490857310111045,10
ss_GAATCG,ss,6,nsp,-192.29,3.1529437039059394,25,-176.52,4.683578759880106,14
ss_GAATG,ss,5,nsp,-181.28,3.3233075391844453,18,-131.99,6.155404617082442,6
ss_GAATCT,ss,6,nsp,-202.72,2.85548349671295,29,-202.72,6.184544769018979,12
ss_GAATGA,ss,6,nsp,-203.53,2.6499647167462483,32,-203.53,4.460049102868706,11
ss_GAATGG,ss,6,nsp,-187.79,5.139706800976104,34,-176.35,4.283270712901534,14
ss_GAATGC,ss,6,nsp,-199.6,2.3992059102961547,27,-199.6,6.276728686186776,12
ss_GAATT,ss,5,nsp,-179.76,3.1447971317717895,25,-159.28,6.7435048009177,14
ss_GAATGT,ss,6,nsp,-224.38,5.404429387086115,24,-178.34,6.207698526829408,10
ss_GAATTA,ss,6,nsp,-188.21,2.6702754539560103,23,-188.21,6.268913781509516,10
ss_GAC,ss,3,rebuild-ss-fb,-137.19,2.7100372691164245,16,-137.19,5.644837198715294,9
ss_GAATTC,ss,6,nsp,-196.02,2.3214911156409874,25,-196.02,6.2215706216356566,15
ss_GACA,ss,4,rebuild-ss-fb,-131.03,1.7119012822005852,5,-131.03,4.117867166386004,4
ss_GAATTG,ss,6,nsp,-182.77,2.9528557364016277,28,-182.77,6.528850511384063,14
ss_GAATTT,ss,6,nsp,-195.03,3.1330932000181755,20,-195.03,6.532470971998262,8
ss_GACAA,ss,5,nsp,-204.61,3.4716015036291408,20,-130.49,5.468774817086552,8
ss_GACAAA,ss,6,nsp,-186.79,2.2444228656828655,33,-171.41,4.615629317872044,13
ss_GACAAC,ss,6,nsp,-184.29,2.6740220642320933,24,-179.44,4.798092641873441,10
ss_GACAC,ss,5,nsp,-193.67,3.8052395456791186,27,-141.56,6.4745842337558805,9
ss_GACAAG,ss,6,nsp,-194.45,2.4639736199886726,24,-194.45,6.87709917043516,11
ss_GACAAT,ss,6,nsp,-200.6,6.261032742287808,25,-167.84,6.184979062211947,11
ss_GACACA,ss,6,nsp,-188.31,6.278420342729524,32,-173.84,5.152595559521444,15
ss_GACACC,ss,6,nsp,-189.62,5.296327784418192,36,-187.41,5.326677857727093,14
ss_GACACG,ss,6,nsp,-188.24,6.691974447052243,25,-172.84,5.502500249886427,12
ss_GACACT,ss,6,nsp,-176.71,3.1991437917042846,26,-176.71,6.844262633768524,11
ss_GACAG,ss,5,nsp,-202.71,3.702817440814504,27,-151.96,6.191530828478531,10
ss_GACAGA,ss,6,nsp,-193.46,2.8605471504591686,28,-193.46,6.580136320776328,13
ss_GACAGC,ss,6,nsp,-192.89,3.5947835818029508,31,-192.89,6.995808816713049,12
ss_GACAGG,ss,6,nsp,-195.48,2.8841818597307594,26,-195.48,6.343617973995593,11
ss_GACAT,ss,5,nsp,-200.55,3.3506829154666473,20,-160.32,6.971437800052433,10
ss_GACAGT,ss,6,nsp,-208.31,5.058330455792704,24,-157.54,3.7652163284464732,11
ss_GACATA,ss,6,nsp,-190.2,6.029197293172613,24,-172.79,3.6754214724300964,10
ss_GACATC,ss,6,nsp,-184.4,4.475427130453598,26,-166.0,6.210879647843781,14
ss_GACC,ss,4,rebuild-ss-fb,-141.63,2.4435932558427274,11,-141.63,2.4435932558427274,7
ss_GACATG,ss,6,nsp,-176.52,3.898563453376144,20,-168.35,6.101350342342259,8
ss_GACCA,ss,5,nsp,-204.98,4.282255246946418,23,-141.53,5.857550682665918,8
ss_GACATT,ss,6,nsp,-179.32,4.028893272351604,25,-172.36,6.5863990161544175,8
ss_GACCAA,ss,6,nsp,-168.76,3.5940954355720844,25,-165.82,6.811485227173288,10
ss_GACCAC,ss,6,nsp,-197.12,2.448246311137815,24,-197.12,5.155630902227204,7
ss_GACCAG,ss,6,nsp,-195.36,2.60587509293905,28,-195.36,5.811679705558448,12
ss_GACCC,ss,5,nsp,-196.91,4.318049096524989,21,-135.54,3.1093872386693757,8
ss_GACCAT,ss,6,nsp,-194.14,5.673594010854148,24,-159.98,6.34503183601154,8
ss_GACCCA,ss,6,nsp,-182.55,2.270441366783123,26,-182.55,6.825779003161459,11
ss_GACCCG,ss,6,nsp,-180.68,2.2638085166374093,28,-180.68,5.988305018951517,15
ss_GACCCC,ss,6,nsp,-181.74,5.831635362400495,28,-181.45,5.219910535631814,10
ss_GACCG,ss,5,nsp,-207.94,4.751103976972103,21,-158.3,5.863162798353795,8
ss_GACCCT,ss,6,nsp,-190.46,2.427522605456039,29,-190.46,6.498979073669954,13
ss_GACCGA,ss,6,nsp,-180.75,4.911119118897446,24,-165.9,5.274233688413893,8
ss_GACCGC,ss,6,nsp,-180.25,3.9751227653998407,26,-169.17,6.573171532829496,10
ss_GACCGG,ss,6,nsp,-192.51,3.297063087051874,28,-161.22,4.533104234407158,13
ss_GACCGT,ss,6,nsp,-214.55,5.660989842774865,21,-171.92,6.988033056590375,8
ss_GACCT,ss,5,nsp,-198.37,4.151264626592745,17,-137.39,3.0893776072212287,5
ss_GACCTA,ss,6,nsp,-189.69,6.253394038440257,23,-160.64,5.286291232991238,9
ss_GACCTC,ss,6,nsp,-173.55,4.664649718896377,26,-164.78,5.641493862444594,12
ss_GACCTG,ss,6,nsp,-173.16,2.4866771000674737,20,-173.16,5.8983537533789825,12
ss_GACG,ss,4,rebuild-ss-fb,-145.79,1.9008235057469145,11,-145.79,4.485280927656591,6
ss_GACCTT,ss,6,nsp,-178.98,5.526455464400324,26,-165.76,2.4372236253573383,14
ss_GACGA,ss,5,nsp,-218.33,3.69535208065484,24,-142.08,3.6653935668628996,8
ss_GACGAA,ss,6,nsp,-195.43,6.776000811688286,27,-176.96,5.986023805498939,13
ss_GACGAC,ss,6,nsp,-207.5,3.09470434775279,29,-207.5,5.294068945527634,14
ss_GACGAG,ss,6,nsp,-193.74,6.509381998315987,28,-189.4,5.329768193833577,11
ss_GACGC,ss,5,nsp,-213.72,3.4541425853603673,26,-147.24,6.89800050739341,12
ss_GACGAT,ss,6,nsp,-200.41,5.2946889427047665,27,-146.46,6.377078563103958,11
ss_GACGCA,ss,6,nsp,-185.08,5.707322840001257,29,-163.04,4.696549052229737,12
ss_GACGCC,ss,6,nsp,-189.32,6.3371568546154995,30,-184.78,5.097809725754771,12
ss_GACGCG,ss,6,nsp,-194.79,6.3049172873242485,32,-165.4,3.254486288187424,17
ss_GACGCT,ss,6,nsp,-187.89,3.2190163093715496,22,-181.43,6.484647330425915,11
ss_GACGG,ss,5,nsp,-210.04,3.511475046187875,22,-137.01,6.824761461032896,6
ss_GACGGC,ss,6,nsp,-193.58,2.1722486045570393,24,-193.52,5.820227229241146,12
ss_GACGGA,ss,6,nsp,-197.21,6.506098523693,26,-171.45,6.228301694683717,10
ss_GACGGG,ss,6,nsp,-185.22,5.763802477531659,21,-165.13,6.273715565755271,9
ss_GACGT,ss,5,nsp,-214.54,3.907869752179571,22,-155.66,6.81197665879736,8
ss_GACGGT,ss,6,nsp,-198.63,5.58105554532474,29,-189.8,6.984817964700296,17
ss_GACGTA,ss,6,nsp,-186.48,6.0176219555568835,25,-164.11,4.638452435888515,10
ss_GACGTC,ss,6,nsp,-183.38,5.0770319085071804,24,-153.89,2.65483219808711,7
ss_GACT,ss,4,rebuild-ss-fb,-152.96,2.6956062397909752,17,-152.96,2.776175967045314,9
ss_GACGTG,ss,6,nsp,-174.81,4.104997685748452,23,-157.91,4.232422237915306,10
ss_GACGTT,ss,6,nsp,-176.26,5.423223856711068,26,-154.1,2.623476700868506,10
ss_GACTA,ss,5,nsp,-205.54,4.398244308812355,20,-143.66,4.212965819942056,7
ss_GACTAA,ss,6,nsp,-183.25,4.21187559170497,24,-183.04,5.782495741459733,14
ss_GACTAC,ss,6,nsp,-180.7,2.6858453045549835,25,-180.7,6.797222153203469,8
ss_GACTC,ss,5,nsp,-196.39,4.066567225560158,18,-150.65,5.891476300554892,8
ss_GACTAT,ss,6,nsp,-193.35,2.621767914976451,22,-193.35,6.920456198835456,10
ss_GACTAG,ss,6,nsp,-185.49,2.3950066805752424,27,-165.13,4.387021084973279,12
ss_GACTCA,ss,6,nsp,-181.81,2.611356161078006,26,-181.81,4.3696110810917625,13
ss_GACTCG,ss,6,nsp,-184.95,4.856044995672937,26,-172.01,5.6200183273722475,14
ss_GACTCC,ss,6,nsp,-184.62,4.172167062810429,26,-183.21,4.578045106811419,11
ss_GACTG,ss,5,nsp,-209.92,4.360613144960259,25,-148.47,5.852810179734191,9
ss_GACTCT,ss,6,nsp,-186.85,4.700840988589193,25,-182.35,5.932874092714267,8
ss_GACTGA,ss,6,nsp,-177.56,5.718142618018553,23,-177.22,5.4351909810051735,12
ss_GACTGC,ss,6,nsp,-187.12,2.7673471050809697,26,-187.12,6.588981787803025,11
ss_GACTGG,ss,6,nsp,-195.61,3.5624744209608066,26,-195.61,6.422805773180435,10
ss_GACTGT,ss,6,nsp,-194.3,2.726914190069068,26,-194.3,6.56183091827274,10
ss_GACTT,ss,5,nsp,-194.71,4.245748343931859,25,-146.01,6.597397744565654,9
ss_GACTTA,ss,6,nsp,-192.5,4.3119223091331484,24,-176.06,5.208095717246376,13
ss_GAG,ss,3,rebuild-ss-fb,-132.21,3.2672332331806393,11,-132.21,6.603470224056453,4
ss_GACTTG,ss,6,nsp,-186.21,6.017960701101326,17,-168.44,6.328316126743362,7
ss_GACTTC,ss,6,nsp,-183.32,4.349712059435672,26,-165.02,6.355100156567182,9
ss_GAGA,ss,4,rebuild-ss-fb,-134.87,3.6303198206218785,5,-134.87,6.883039299611758,1
ss_GACTTT,ss,6,nsp,-183.47,2.993200293999731,26,-183.47,6.604156115659315,10
ss_GAGAA,ss,5,nsp,-187.3,3.6574812371357597,18,-140.13,5.64136020831857,8
ss_GAGAAA,ss,6,nsp,-194.75,2.713612721078661,30,-194.75,5.550366294218782,15
ss_GAGAC,ss,5,nsp,-181.38,3.8201261759266663,17,-144.2,6.896382239986398,4
ss_GAGAAC,ss,6,nsp,-217.42,2.4195268132426224,29,-217.42,6.171260244066858,14
ss_GAGAAG,ss,6,nsp,-187.17,2.6268715233143833,25,-187.17,6.843433787215295,14
ss_GAGAAT,ss,6,nsp,-219.49,2.5294226613992294,22,-219.49,5.394855419749446,8
ss_GAGACA,ss,6,nsp,-190.26,2.5177779886240974,28,-190.26,4.4234753305517645,12
ss_GAGACC,ss,6,nsp,-193.38,3.285403628171126,20,-193.38,4.958397120037896,7
ss_GAGACG,ss,6,nsp,-190.64,2.554684324921578,23,-163.65,3.185191360028465,13
ss_GAGACT,ss,6,nsp,-204.55,2.5434553269125897,30,-204.55,5.518600819048258,14
ss_GAGAG,ss,5,nsp,-193.59,3.287746644740145,26,-141.89,6.440148212580206,11
ss_GAGAGA,ss,6,nsp,-214.24,2.5109561923697465,25,-214.24,5.047183273866727,14
ss_GAGAGC,ss,6,nsp,-211.48,2.082533553151087,28,-211.48,5.53097514006347,12
ss_GAGAGG,ss,6,nsp,-188.63,5.1577151918267194,28,-161.17,4.1259106873513405,17
ss_GAGAT,ss,5,nsp,-192.99,4.334403995937642,25,-142.25,6.376290849702513,9
ss_GAGAGT,ss,6,nsp,-218.81,2.329469038214509,30,-218.81,5.3096817230414235,13
ss_GAGATA,ss,6,nsp,-212.56,2.9057616901597347,31,-212.56,5.0048090872679625,16
ss_GAGATC,ss,6,nsp,-207.81,2.369451624321549,22,-207.81,5.3097227799575535,13
ss_GAGC,ss,4,rebuild-ss-fb,-132.35,2.890494248394205,9,-122.14,3.147896281645889,2
ss_GAGATG,ss,6,nsp,-186.85,4.768839796009101,28,-178.54,6.959127747067149,13
ss_GAGCA,ss,5,nsp,-181.7,3.6897403702699916,20,-156.26,5.958709088384832,5
ss_GAGATT,ss,6,nsp,-184.39,1.8911472708385142,19,-184.39,6.604923996534705,8
ss_GAGCAA,ss,6,nsp,-188.49,3.073668329537196,26,-163.14,4.174684419210623,9
ss_GAGCAC,ss,6,nsp,-214.34,3.0544803158638882,27,-214.34,4.593182883360945,9
ss_GAGCAG,ss,6,nsp,-195.08,2.6191139723196666,25,-161.85,4.8450665630102625,11
ss_GAGCC,ss,5,nsp,-170.34,4.413015635594338,26,-150.61,6.4849127981800985,11
ss_GAGCAT,ss,6,nsp,-215.35,2.323731051563402,23,-215.35,5.160533499552158,8
ss_GAGCCA,ss,6,nsp,-196.88,2.8318808237636053,29,-196.88,4.916882548932817,10
ss_GAGCCC,ss,6,nsp,-205.56,2.377583857616799,34,-205.56,4.914517066813383,12
ss_GAGCCG,ss,6,nsp,-184.06,2.804977540017032,28,-153.58,2.9475035199300317,12
ss_GAGCCT,ss,6,nsp,-202.32,2.7750369366911154,28,-202.32,5.808089875337686,11
ss_GAGCG,ss,5,nsp,-195.22,3.623773033731581,22,-170.14,6.320033306874266,10
ss_GAGCGA,ss,6,nsp,-195.15,2.871243284711351,24,-195.15,6.471496658424538,13
ss_GAGCGC,ss,6,nsp,-200.69,2.898688324052808,26,-193.39,5.020655734065043,13
ss_GAGCT,ss,5,nsp,-182.2,3.3957706047376166,24,-152.33,5.169897194335692,11
ss_GAGCGG,ss,6,nsp,-208.03,2.9713345486498297,30,-208.03,6.985178737870639,16
ss_GAGCGT,ss,6,nsp,-210.18,2.371754624745147,26,-210.18,5.262013873033784,11
ss_GAGCTA,ss,6,nsp,-217.81,2.621068865939987,29,-217.81,4.975321698141734,12
ss_GAGCTC,ss,6,nsp,-212.86,2.7007793319706885,28,-212.86,6.513460063591389,13
ss_GAGCTG,ss,6,nsp,-182.99,2.4789620811944597,29,-182.99,4.328618486307161,16
ss_GAGG,ss,4,rebuild-ss-fb,-147.18,2.419577442447342,13,-147.18,2.419577442447342,8
ss_GAGCTT,ss,6,nsp,-196.12,3.2028370236401296,20,-196.12,6.677859312683992,7
ss_GAGGA,ss,5,nsp,-189.52,3.916198411725351,25,-166.28,5.7143305819667,15
ss_GAGGAA,ss,6,nsp,-190.46,3.6972639884109153,21,-190.11,5.375575132020757,11
ss_GAGGAC,ss,6,nsp,-211.84,3.120786118912996,24,-153.35,6.209284660892908,12
ss_GAGGC,ss,5,nsp,-176.02,3.9674220849312256,24,-146.43,6.7303963479129605,12
ss_GAGGAG,ss,6,nsp,-199.28,2.5158734069901043,30,-199.28,6.884981554078411,14
ss_GAGGAT,ss,6,nsp,-190.66,5.529291003374675,18,-159.31,4.84423791736121,5
ss_GAGGCA,ss,6,nsp,-209.74,2.406526127013794,25,-209.74,4.286035230839822,12
ss_GAGGCC,ss,6,nsp,-212.74,2.616454471226305,30,-212.74,5.502105233453835,14
ss_GAGGCG,ss,6,nsp,-192.2,2.5169129901528113,24,-192.2,6.9517857418076385,15
ss_GAGGCT,ss,6,nsp,-223.0,3.058315058982635,26,-223.0,6.454014719536989,10
ss_GAGGG,ss,5,nsp,-184.95,3.735454724662059,24,-157.4,6.633087817902018,10
ss_GAGGGA,ss,6,nsp,-222.56,2.6062944960230388,21,-222.56,4.903246781470415,11
ss_GAGGGC,ss,6,nsp,-225.06,2.3120919099378443,26,-225.06,5.767820818992207,12
ss_GAGGGG,ss,6,nsp,-191.68,3.2221584380660078,25,-191.68,6.0868862318922945,14
ss_GAGGGT,ss,6,nsp,-190.61,5.043660773684126,25,-160.76,5.743057896277906,9
ss_GAGGT,ss,5,nsp,-201.28,3.6808053466599,25,-170.95,5.526350513675363,8
ss_GAGGTA,ss,6,nsp,-193.1,2.910521259156164,28,-193.1,6.595555776430064,11
ss_GAGGTC,ss,6,nsp,-212.86,2.3390021376647074,27,-212.86,6.108756420090763,14
ss_GAGT,ss,4,rebuild-ss-fb,-129.58,2.5274882789045683,9,-129.58,3.116717022766093,4
ss_GAGGTG,ss,6,nsp,-198.87,3.10165552568301,16,-198.87,6.813109569058751,6
ss_GAGTA,ss,5,nsp,-172.29,4.7215052684499,25,-158.95,6.574473134784262,8
ss_GAGGTT,ss,6,nsp,-188.5,2.6884568064226064,21,-139.16,6.05168513721592,6
ss_GAGTAA,ss,6,nsp,-214.29,2.706033628763679,28,-198.73,5.513031108201731,10
ss_GAGTAC,ss,6,nsp,-199.42,2.08401391550057,24,-199.42,5.902839994443351,9
ss_GAGTC,ss,5,nsp,-182.85,3.7952524290223573,19,-140.4,4.644894616673229,4
ss_GAGTAG,ss,6,nsp,-203.13,2.5266463939380035,23,-188.85,6.527749765424532,9
ss_GAGTAT,ss,6,nsp,-224.17,2.7259114072177795,23,-224.17,6.272670643354388,9
ss_GAGTCA,ss,6,nsp,-208.93,2.8510112241097936,26,-162.34,4.933326463959171,11
ss_GAGTCC,ss,6,nsp,-216.13,2.263644406703506,24,-216.13,4.860361097696341,10
ss_GAGTCG,ss,6,nsp,-197.58,2.5604163723894713,28,-197.58,6.777341292866993,15
ss_GAGTG,ss,5,nsp,-190.85,4.452790248821534,25,-155.3,5.712649910505634,4
ss_GAGTCT,ss,6,nsp,-215.42,2.8962964281993147,28,-215.42,6.0775450635927095,16
ss_GAGTGA,ss,6,nsp,-192.05,2.2453625542437567,25,-192.05,4.462390951048563,11
ss_GAGTGC,ss,6,nsp,-224.77,2.1759319842311347,22,-224.77,5.594652178643466,8
ss_GAGTGG,ss,6,nsp,-190.75,2.7617854732039007,27,-190.75,6.015710598092301,16
ss_GAGTT,ss,5,nsp,-185.96,3.586306456509268,19,-155.91,5.260949914226533,8
ss_GAGTGT,ss,6,nsp,-224.7,2.485720418711651,23,-224.7,5.408810775022548,11
ss_GAGTTA,ss,6,nsp,-222.29,3.0961366248923716,30,-222.29,5.073374025241976,14
ss_GAGTTC,ss,6,nsp,-222.88,2.929983276402797,27,-222.88,6.789589089186469,13
ss_GAT,ss,3,rebuild-ss-fb,-137.17,3.1865153381084017,11,-137.17,6.068976602360575,5
ss_GAGTTG,ss,6,nsp,-206.54,2.849219191287324,25,-206.54,6.436201441844405,13
ss_GATA,ss,4,rebuild-ss-fb,-135.24,3.433666553409058,14,-135.24,6.142181534275922,11
ss_GAGTTT,ss,6,nsp,-222.96,2.423989480175205,28,-222.96,5.303239481675347,13
ss_GATAA,ss,5,nsp,-160.22,3.1039017381354226,22,-154.32,6.264604855854841,8
ss_GATAAA,ss,6,nsp,-192.87,2.3434090552014384,29,-192.87,6.763448306891973,16
ss_GATAAC,ss,6,nsp,-198.71,3.05987483404141,23,-198.71,5.908036983635089,12
ss_GATAC,ss,5,nsp,-172.3,4.292314294177456,23,-148.89,6.19118042056602,9
ss_GATAAT,ss,6,nsp,-203.29,5.701728246768704,17,-173.48,6.282343670955924,4
ss_GATAAG,ss,6,nsp,-199.74,6.701988510882437,21,-183.87,6.599529831738024,9
ss_GATACA,ss,6,nsp,-190.42,2.2549203977080876,32,-168.25,5.196576276742211,14
ss_GATACC,ss,6,nsp,-189.28,3.2102045106192043,26,-189.28,6.339266361338667,11
ss_GATACG,ss,6,nsp,-184.52,5.9583371002319145,27,-170.09,3.267540206332582,15
ss_GATAG,ss,5,nsp,-197.7,3.878198808725531,24,-153.68,5.182495248430044,9
ss_GATACT,ss,6,nsp,-184.68,5.948001849360855,25,-169.55,4.946884069795866,14
ss_GATAGA,ss,6,nsp,-188.44,2.6329506261986766,28,-188.44,4.932988951943859,8
ss_GATAGC,ss,6,nsp,-202.12,3.3319236185723153,27,-202.12,6.2037947258109805,14
ss_GATAGG,ss,6,nsp,-179.4,2.528475627725141,23,-179.4,6.169314791773892,10
ss_GATAGT,ss,6,nsp,-193.32,6.322616388806165,23,-185.26,6.764080720984926,9
ss_GATAT,ss,5,nsp,-189.41,3.257006140614425,23,-158.2,6.8308080049142115,8
ss_GATATA,ss,6,nsp,-175.2,6.96853801022855,26,-163.5,6.7992434873300365,11
ss_GATATC,ss,6,nsp,-183.31,5.9207812829051685,29,-152.44,6.736812673661041,14
ss_GATC,ss,4,rebuild-ss-fb,-140.32,3.973581885402651,9,-138.36,6.672951820596336,5
ss_GATATG,ss,6,nsp,-180.0,5.654223288834659,24,-169.0,6.305420525230641,9
ss_GATATT,ss,6,nsp,-178.57,5.795342008889566,26,-174.59,6.422574950905587,8
ss_GATCA,ss,5,nsp,-186.89,3.64271409803187,21,-150.39,5.968025971793358,10
ss_GATCAA,ss,6,nsp,-184.31,2.4134991195357878,32,-184.31,6.294847813887149,15
ss_GATCAC,ss,6,nsp,-213.19,2.862727021565279,26,-213.19,5.419561698144968,11
ss_GATCAG,ss,6,nsp,-178.83,2.9308759782699765,20,-178.83,6.433517544858338,7
ss_GATCC,ss,5,nsp,-177.12,3.6132619611647443,21,-155.68,6.0574985761451146,10
ss_GATCAT,ss,6,nsp,-214.42,5.650071238488945,18,-172.21,5.623018228673986,8
ss_GATCCA,ss,6,nsp,-178.74,5.701333265123172,28,-166.18,4.495591729683645,13
ss_GATCCC,ss,6,nsp,-173.11,3.2705942885047854,28,-153.94,6.276773295252901,11
ss_GATCCG,ss,6,nsp,-177.9,2.357258153024406,28,-177.9,4.182808984402695,10
ss_GATCG,ss,5,nsp,-191.88,3.5759190427077856,27,-141.88,6.115517476060392,12
ss_GATCCT,ss,6,nsp,-174.51,2.6704222512554048,28,-174.51,5.936265576943134,12
ss_GATCGA,ss,6,nsp,-185.44,2.773802804815086,29,-185.44,4.300994419898735,13
ss_GATCGC,ss,6,nsp,-210.27,2.947977103031844,27,-210.27,4.61849293601278,10
ss_GATCGG,ss,6,nsp,-176.88,3.150025079265238,28,-176.88,6.797960061665563,15
ss_GATCT,ss,5,nsp,-183.14,3.681323946625754,22,-154.29,6.904710059082857,12
ss_GATCGT,ss,6,nsp,-216.7,5.237749707651172,18,-171.35,6.43748871843672,8
ss_GATCTA,ss,6,nsp,-179.37,2.9347439411301286,27,-179.37,6.438050481318086,13
ss_GATCTC,ss,6,nsp,-183.03,5.44860844619983,28,-161.0,4.797137792475851,12
ss_GATCTG,ss,6,nsp,-171.93,6.768948293494344,20,-158.66,6.368529343576899,11
ss_GATG,ss,4,rebuild-ss-fb,-180.76,6.405490535470345,8,-141.44,3.0127902349815106,4
ss_GATCTT,ss,6,nsp,-181.81,5.613369576288379,20,-161.66,2.817888038939801,8
ss_GATGA,ss,5,nsp,-202.54,6.387978162141776,25,-144.87,6.827636047710805,10
ss_GATGAA,ss,6,nsp,-195.82,6.690823641376295,22,-183.05,6.741606485104283,10
ss_GATGAC,ss,6,nsp,-199.56,2.873461153382801,28,-199.56,5.069312872569616,12
ss_GATGAG,ss,6,nsp,-197.62,6.480737149429843,30,-160.12,4.459532038230025,11
ss_GATGC,ss,5,nsp,-208.51,3.6052969364533904,25,-147.13,6.437187040936435,10
ss_GATGAT,ss,6,nsp,-195.47,5.299653667929635,24,-169.26,3.5507335861762543,9
ss_GATGCA,ss,6,nsp,-192.1,2.6372722650496447,29,-192.1,6.448768952288486,13
ss_GATGCC,ss,6,nsp,-189.7,6.209468012640055,29,-189.6,5.4825317144545656,15
ss_GATGCG,ss,6,nsp,-190.69,6.388194502361357,27,-156.91,6.456343934457018,13
ss_GATGG,ss,5,nsp,-194.74,4.18919395588221,24,-167.81,5.833560319393301,10
ss_GATGCT,ss,6,nsp,-172.13,4.849064858300009,22,-163.69,3.144233610913794,10
ss_GATGGA,ss,6,nsp,-192.15,6.218462028508339,27,-144.8,4.171951701542113,9
ss_GATGGC,ss,6,nsp,-208.46,3.193966969146664,23,-208.46,6.398383858444258,11
ss_GATGT,ss,5,nsp,-176.55,3.043213104598519,23,-153.49,6.304011817882327,8
ss_GATGGG,ss,6,nsp,-174.48,2.8892992229950716,30,-174.48,5.394232104757833,8
ss_GATGGT,ss,6,nsp,-194.33,5.540958852039972,25,-153.72,5.231480956669912,6
ss_GATGTA,ss,6,nsp,-182.56,2.849717354405523,25,-182.56,6.905146920956877,13
ss_GATGTC,ss,6,nsp,-179.61,2.492021468607362,30,-179.61,2.492021468607362,11
ss_GATGTG,ss,6,nsp,-202.06,6.49698345388073,22,-164.17,6.824159875032242,11
ss_GATT,ss,4,rebuild-ss-fb,-139.64,2.3715279884496194,10,-139.64,6.4402197167488024,8
ss_GATGTT,ss,6,nsp,-173.06,2.8233248130528774,22,-159.54,6.250611010133318,8
ss_GATTA,ss,5,nsp,-198.58,4.0221860971367525,24,-152.27,6.517616895767974,12
ss_GATTAA,ss,6,nsp,-198.07,2.6165760069220227,26,-198.07,6.230253766902281,15
ss_GATTAC,ss,6,nsp,-163.86,3.4520007242177733,27,-152.89,4.578715431209937,13
ss_GATTC,ss,5,nsp,-191.32,3.8627266276556655,23,-153.91,5.705639578522289,8
ss_GATTAG,ss,6,nsp,-178.02,2.9610803771596643,27,-178.02,6.542140704692927,11
ss_GATTAT,ss,6,nsp,-165.77,3.1286906206910308,26,-165.77,4.785786560221858,11
ss_GATTCA,ss,6,nsp,-191.07,2.414750711771306,32,-191.07,6.309962281979186,14
ss_GATTCC,ss,6,nsp,-178.47,2.7597802448745905,26,-163.7,6.0377625822816325,11
ss_GATTCG,ss,6,nsp,-177.57,5.210420424495513,26,-160.12,3.6184231372242732,15
ss_GATTG,ss,5,nsp,-193.47,3.538246034407472,23,-153.29,5.957001091153162,6
ss_GATTCT,ss,6,nsp,-180.39,6.872470734750357,29,-175.0,6.340338792209759,14
ss_GATTGA,ss,6,nsp,-168.22,2.5816202276864852,25,-168.22,5.2766099912728075,12
ss_GATTGC,ss,6,nsp,-192.58,2.448936503872664,28,-192.58,6.6382306377528115,11
ss_GATTGG,ss,6,nsp,-181.57,3.039954111495783,27,-181.57,6.748410849970547,11
ss_GATTT,ss,5,nsp,-189.39,3.5648016775130786,24,-150.78,5.401826635500262,8
ss_GATTGT,ss,6,nsp,-190.92,3.929229313745889,21,-190.92,6.2811777558034505,11
ss_GCA,ss,3,rebuild-ss-fb,-143.53,2.9448969421696294,10,-143.53,5.385924711690663,3
ss_GATTTC,ss,6,nsp,-178.74,4.580324333494293,27,-159.8,6.40773321854148,12
ss_GATTTA,ss,6,nsp,-203.78,6.7819824535308415,24,-148.28,6.850484946337752,11
ss_GATTTG,ss,6,nsp,-172.58,2.698846049703488,21,-172.58,6.356429343585929,8
ss_GCAA,ss,4,rebuild-ss-fb,-141.73,2.4937513909770566,12,-141.73,2.4937513909770566,10
ss_GATTTT,ss,6,nsp,-163.9,2.558750867122471,25,-163.9,6.184122411466316,9
ss_GCAAA,ss,5,nsp,-178.4,3.2348383267174414,20,-137.3,3.1902465421970088,8
ss_GCAAAA,ss,6,nsp,-194.32,2.753526466188396,21,-194.32,4.907870617691545,15
ss_GCAAAC,ss,6,nsp,-182.95,2.4999059982327356,29,-182.95,6.469738557314345,14
ss_GCAAC,ss,5,nsp,-177.86,3.7181616425325226,23,-140.6,4.061565954161025,10
ss_GCAAAG,ss,6,nsp,-190.54,2.491390374871039,26,-178.78,4.643477791483458,15
ss_GCAAAT,ss,6,nsp,-218.99,5.580986382352152,22,-175.83,6.327321471207232,10
ss_GCAACA,ss,6,nsp,-182.52,2.4740634591699533,29,-182.52,5.550650952816245,12
ss_GCAACC,ss,6,nsp,-198.12,2.38478720224679,25,-198.12,5.26956753443773,13
ss_GCAACG,ss,6,nsp,-188.64,2.631345283310416,31,-188.64,4.923954914497087,15
ss_GCAAG,ss,5,nsp,-176.67,3.086512919137064,22,-151.74,6.446487803447704,10
ss_GCAACT,ss,6,nsp,-199.62,2.595082079626767,25,-199.62,5.24811823418643,12
ss_GCAAGA,ss,6,nsp,-186.83,6.272148356026033,25,-156.75,5.326217607270668,12
ss_GCAAGC,ss,6,nsp,-199.08,3.156030101250622,25,-199.08,6.542816060382561,12
ss_GCAAGG,ss,6,nsp,-194.27,5.877747017352832,25,-187.43,6.214386051735132,14
ss_GCAAT,ss,5,nsp,-184.84,3.3916264534880702,22,-158.15,6.7713715006636575,9
ss_GCAAGT,ss,6,nsp,-200.7,5.581074090172977,21,-160.06,6.908807277671012,9
ss_GCAATA,ss,6,nsp,-187.3,6.750492870894707,20,-173.89,6.4181569005439405,10
ss_GCAC,ss,4,rebuild-ss-fb,-142.75,2.8748088632116215,14,-130.64,5.498853153158398,8
ss_GCAATC,ss,6,nsp,-194.62,3.4982031101695905,28,-154.44,6.204149256747464,12
ss_GCACA,ss,5,nsp,-175.27,2.908838427964012,24,-140.29,3.612856072416945,7
ss_GCAATG,ss,6,nsp,-190.15,2.9665390609260336,21,-162.43,6.519126628621345,8
ss_GCAATT,ss,6,nsp,-190.94,5.59610882667591,22,-156.79,6.802406485943039,9
ss_GCACAA,ss,6,nsp,-189.55,2.5562949751544832,28,-189.55,6.983070170061308,13
ss_GCACAC,ss,6,nsp,-181.2,2.621929442223799,24,-181.2,6.1247411373869465,10
ss_GCACAG,ss,6,nsp,-185.39,2.519200071451258,29,-185.39,4.755891504229256,13
ss_GCACAT,ss,6,nsp,-208.27,5.467885148757247,20,-176.2,6.405038095124807,6
ss_GCACC,ss,5,nsp,-167.73,3.3961535595434995,25,-143.24,6.382328806948125,11
ss_GCACCA,ss,6,nsp,-176.67,2.8794947473471852,30,-176.67,6.9862650250330445,16
ss_GCACCC,ss,6,nsp,-200.39,2.324334958649471,30,-200.39,4.903863069050762,10
ss_GCACCG,ss,6,nsp,-179.61,5.272954390092907,30,-175.72,5.683293587348802,16
ss_GCACG,ss,5,nsp,-182.17,3.300364525321434,22,-148.61,5.648947955150589,9
ss_GCACCT,ss,6,nsp,-200.5,2.7761413868893614,25,-200.5,5.5704065381262815,9
ss_GCACGA,ss,6,nsp,-189.56,2.4777578574186827,21,-189.56,4.959662690143375,10
ss_GCACGC,ss,6,nsp,-194.29,2.3111412765125485,21,-194.29,6.07813244344017,10
ss_GCACGG,ss,6,nsp,-192.1,5.5646522802417895,29,-184.05,4.584659856521536,13
ss_GCACT,ss,5,nsp,-184.74,3.47816661475556,18,-161.23,6.86262070932089,8
ss_GCACGT,ss,6,nsp,-201.31,5.462382630318034,22,-157.23,4.137421781737992,10
ss_GCACTA,ss,6,nsp,-187.34,6.052926730103404,16,-172.81,3.505119684119222,5
ss_GCACTC,ss,6,nsp,-194.5,2.365688271941182,34,-194.5,6.299213681087497,12
ss_GCAG,ss,4,rebuild-ss-fb,-163.87,6.669696020059701,9,-140.28,5.546375843737967,5
ss_GCACTG,ss,6,nsp,-189.6,6.411549032800121,17,-178.11,6.324274661967184,8
ss_GCAGA,ss,5,nsp,-173.01,3.0993699359708544,23,-152.73,5.779857524195562,9
ss_GCACTT,ss,6,nsp,-178.31,5.895666374550052,20,-169.82,6.817365620237756,10
ss_GCAGAC,ss,6,nsp,-191.38,5.149825919387983,27,-189.54,5.487645578934573,12
ss_GCAGAA,ss,6,nsp,-194.87,6.338776380343446,27,-177.73,6.370780956837234,9
ss_GCAGAG,ss,6,nsp,-194.74,6.285644119738268,25,-188.64,6.228328347157049,11
ss_GCAGAT,ss,6,nsp,-188.65,6.086557072762898,15,-171.03,6.801776900193079,8
ss_GCAGC,ss,5,nsp,-171.03,3.324707957099387,25,-145.49,6.700429239981579,10
ss_GCAGCA,ss,6,nsp,-194.86,2.954311425696357,23,-194.86,5.404939777647857,12
ss_GCAGCC,ss,6,nsp,-190.97,2.4112009455870744,25,-190.97,5.436791792960254,9
ss_GCAGCG,ss,6,nsp,-197.67,6.778386607445758,28,-184.6,6.1386333984039245,16
ss_GCAGG,ss,5,nsp,-171.42,3.3536793227737447,22,-169.25,6.732471611525742,11
ss_GCAGCT,ss,6,nsp,-197.96,5.9330626155469,21,-185.74,3.0188905246795668,9
ss_GCAGGA,ss,6,nsp,-190.85,6.233490996223557,23,-158.07,3.947910206678988,8
ss_GCAGGC,ss,6,nsp,-203.29,6.936492629564322,27,-185.48,5.792158578630258,13
ss_GCAGGG,ss,6,nsp,-195.24,6.093828107191761,22,-185.07,5.894493277627848,10
ss_GCAGGT,ss,6,nsp,-186.9,3.690113412891266,23,-162.94,3.98061063154889,11
ss_GCAGT,ss,5,nsp,-172.96,3.030967832227842,26,-141.33,6.0656712736514145,8
ss_GCAGTC,ss,6,nsp,-185.42,4.233020788987477,20,-183.03,3.1953716528754494,10
ss_GCAGTA,ss,6,nsp,-184.25,6.4323723461876865,20,-160.85,6.362107433861821,8
ss_GCAGTG,ss,6,nsp,-188.61,6.230886132806492,18,-154.45,4.398016029984437,9
ss_GCAT,ss,4,rebuild-ss-fb,-141.17,2.9216175314369837,8,-141.17,5.59382498832417,6
ss_GCAGTT,ss,6,nsp,-189.65,3.9101905324421313,26,-159.93,3.419190839950298,10
ss_GCATA,ss,5,nsp,-187.61,3.129664199239302,21,-166.96,6.761495322781802,7
ss_GCATAA,ss,6,nsp,-193.32,2.4087096130501133,29,-193.32,5.0263617060454475,13
ss_GCATAC,ss,6,nsp,-192.43,2.4041383071695313,27,-192.43,6.615909688017199,12
ss_GCATC,ss,5,nsp,-188.15,3.5868373255557677,23,-146.69,5.769032674547784,7
ss_GCATAG,ss,6,nsp,-191.83,2.7271760119214936,24,-191.83,6.36195473105554,11
ss_GCATAT,ss,6,nsp,-199.81,2.733743404198721,24,-199.81,5.604809631022274,9
ss_GCATCA,ss,6,nsp,-206.82,2.462942549066071,28,-206.82,4.424874800488721,11
ss_GCATCC,ss,6,nsp,-190.85,2.341262266385373,29,-190.85,5.304908481774222,10
ss_GCATCG,ss,6,nsp,-188.03,2.518143959347848,29,-188.03,4.73163534097885,15
ss_GCATG,ss,5,nsp,-193.28,3.6303209224530195,22,-160.2,5.967569940939117,8
ss_GCATCT,ss,6,nsp,-198.56,2.6781570155612777,22,-198.56,6.088800292340036,10
ss_GCATGA,ss,6,nsp,-193.0,2.870816086063355,30,-193.0,6.7843549435447486,15
ss_GCATGC,ss,6,nsp,-189.6,2.854619764522081,24,-189.6,6.285348359478583,10
ss_GCATGG,ss,6,nsp,-195.2,2.8791877326774022,25,-195.2,6.636841643432506,13
ss_GCATGT,ss,6,nsp,-201.38,2.597180586713222,25,-201.38,5.652613643262739,10
ss_GCATT,ss,5,nsp,-195.68,3.55132721668957,18,-163.08,6.929101962014991,7
ss_GCC,ss,3,rebuild-ss-fb,-128.82,6.1845849496954965,17,-123.86,5.865163339583981,7
ss_GCATTA,ss,6,nsp,-208.73,2.5395176707398592,29,-208.73,4.6819623022830905,12
ss_GCCA,ss,4,rebuild-ss-fb,-142.45,6.738305870172407,19,-133.36,4.3975895670242,10
ss_GCATTC,ss,6,nsp,-178.34,2.5514878012642,23,-178.34,5.9541834872633865,10
ss_GCATTG,ss,6,nsp,-200.73,2.442715906526992,22,-200.73,4.605942900210541,12
ss_GCATTT,ss,6,nsp,-180.87,3.0208629561766127,21,-180.87,3.159303087707808,11
ss_GCCAA,ss,5,nsp,-193.46,4.859265993954238,19,-138.83,5.547196228726722,6
ss_GCCAAA,ss,6,nsp,-174.14,6.304338188898185,29,-168.11,5.5122026450412696,12
ss_GCCAAG,ss,6,nsp,-183.15,6.641302658364562,24,-168.44,5.494061794337606,13
ss_GCCAC,ss,5,nsp,-194.3,4.867320207259865,19,-136.06,6.2565991560911085,6
ss_GCCAAC,ss,6,nsp,-185.79,2.9651175356130475,27,-185.79,4.4505453598407465,10
ss_GCCAAT,ss,6,nsp,-183.17,6.118499897850783,31,-179.03,5.172258694226352,12
ss_GCCACA,ss,6,nsp,-196.65,5.247230698187385,28,-176.89,6.857493784175081,14
ss_GCCACC,ss,6,nsp,-196.99,6.567724872434898,28,-177.32,5.8319663922214104,14
ss_GCCACG,ss,6,nsp,-201.91,6.2298296124372525,28,-169.43,6.627527065203144,13
ss_GCCACT,ss,6,nsp,-193.39,6.389273276359368,29,-179.92,6.80600102850419,10
ss_GCCAG,ss,5,nsp,-198.39,4.648456625590919,23,-145.31,6.845300431683042,9
ss_GCCAGA,ss,6,nsp,-181.56,2.7122188333539783,26,-181.56,5.8872733077376385,10
ss_GCCAGC,ss,6,nsp,-180.48,6.67828982599588,21,-164.47,6.225487611424506,7
ss_GCCAT,ss,5,nsp,-198.24,4.024475742255136,22,-135.58,5.582510635905682,6
ss_GCCAGG,ss,6,nsp,-186.33,2.680430562428358,26,-186.33,6.3060165714974135,13
ss_GCCAGT,ss,6,nsp,-198.22,2.675098129041232,29,-198.22,5.973954636587072,15
ss_GCCATA,ss,6,nsp,-190.93,6.476294465201547,24,-161.46,4.48192648310969,12
ss_GCCC,ss,4,rebuild-ss-fb,-141.21,6.564460678532542,15,-131.15,5.568475913569175,10
ss_GCCATC,ss,6,nsp,-183.18,3.1568042384664956,26,-165.14,6.7212782266470805,12
ss_GCCCA,ss,5,nsp,-196.1,4.526305999377429,19,-140.34,6.2511039025119555,8
ss_GCCATG,ss,6,nsp,-177.97,6.540932273002067,30,-166.11,4.40430982107298,15
ss_GCCATT,ss,6,nsp,-185.24,2.1701253420021596,22,-185.24,6.662442945346705,8
ss_GCCCAA,ss,6,nsp,-177.26,2.711614463746628,25,-172.0,6.3215677644078125,13
ss_GCCCAC,ss,6,nsp,-184.87,4.914309005343465,25,-161.66,6.028192266343195,8
ss_GCCCAG,ss,6,nsp,-176.13,3.1581749476557066,27,-174.22,5.058876357453315,8
ss_GCCCC,ss,5,nsp,-184.18,4.7087571608652805,22,-151.46,6.868071490600545,9
ss_GCCCAT,ss,6,nsp,-175.77,3.863861410558078,21,-165.64,5.878253652233792,7
ss_GCCCCC,ss,6,nsp,-183.52,5.548183306272453,29,-180.56,5.508550626072171,10
ss_GCCCCA,ss,6,nsp,-175.87,2.703742591298229,32,-175.87,5.821511659354475,12
ss_GCCCCG,ss,6,nsp,-173.75,5.964309012785978,24,-168.64,3.3879955726062954,10
ss_GCCCG,ss,5,nsp,-202.83,4.484706121921489,21,-146.1,6.949130449200109,11
ss_GCCCCT,ss,6,nsp,-181.17,2.82510690063227,22,-181.17,5.5963796332986675,10
ss_GCCCGA,ss,6,nsp,-180.23,3.1763581347197047,30,-164.42,6.320255295476602,14
ss_GCCCGC,ss,6,nsp,-163.37,3.6023595045469965,24,-163.37,6.706914119026735,10
ss_GCCCGG,ss,6,nsp,-182.41,2.4441845265855164,27,-182.41,6.609748936230474,13
ss_GCCCT,ss,5,nsp,-183.07,3.346653552431172,20,-145.84,6.8543149183561916,8
ss_GCCCGT,ss,6,nsp,-195.12,2.9949973288802734,25,-195.12,5.928955641594899,11
ss_GCCCTA,ss,6,nsp,-182.41,6.5622829106950435,21,-170.83,4.945787904874214,13
ss_GCCCTC,ss,6,nsp,-183.5,6.484673083510078,26,-159.81,6.778267846581467,10
ss_GCCCTG,ss,6,nsp,-181.18,2.844876271474747,27,-181.18,5.469929707043797,13
ss_GCCG,ss,4,rebuild-ss-fb,-151.18,5.901614524856743,13,-141.77,2.927091730711563,5
ss_GCCCTT,ss,6,nsp,-182.12,2.1298568026982445,23,-182.12,6.413947536424019,12
ss_GCCGA,ss,5,nsp,-207.33,4.378750620896338,24,-142.18,6.358626659900714,11
ss_GCCGAA,ss,6,nsp,-186.13,6.330740478016774,32,-174.52,5.175751249818707,15
ss_GCCGAC,ss,6,nsp,-183.6,2.881407642108262,25,-168.04,6.069403018419519,8
ss_GCCGAG,ss,6,nsp,-189.64,2.5652442378845848,24,-189.64,6.425785010409233,11
ss_GCCGC,ss,5,nsp,-206.49,3.7971096902776202,21,-145.24,6.98048830670177,12
ss_GCCGAT,ss,6,nsp,-188.18,3.8919952466569314,23,-168.57,3.4197276207323983,6
ss_GCCGCA,ss,6,nsp,-199.04,6.361749916493103,25,-185.77,6.817648348220964,13
ss_GCCGCC,ss,6,nsp,-200.38,6.43052011893284,30,-182.34,6.174585735091883,13
ss_GCCGCG,ss,6,nsp,-189.32,6.19709762711547,32,-172.27,6.023592615707015,18
ss_GCCGCT,ss,6,nsp,-193.21,6.3548114842220125,28,-165.19,6.641291892395637,12
ss_GCCGG,ss,5,nsp,-203.04,3.788915148165774,21,-153.83,5.409997134934544,7
ss_GCCGGC,ss,6,nsp,-195.6,3.1063171119510513,27,-195.6,5.233880491566473,7
ss_GCCGGA,ss,6,nsp,-190.89,6.8740340412308125,28,-160.22,6.8780306774541256,12
ss_GCCGGG,ss,6,nsp,-188.24,2.7064450853472004,26,-188.24,6.519752142528109,14
ss_GCCGGT,ss,6,nsp,-187.61,5.9461754094543915,14,-159.52,3.851757520924695,8
ss_GCCGT,ss,5,nsp,-204.54,3.7710599305765755,23,-138.77,6.891975696416826,10
ss_GCCGTA,ss,6,nsp,-188.07,5.961642055675603,19,-169.27,6.4602419459336184,6
ss_GCCGTC,ss,6,nsp,-207.06,6.673250707114187,24,-147.4,6.73304173460999,8
ss_GCCT,ss,4,rebuild-ss-fb,-194.82,6.71330902014799,13,-139.3,6.024407024761842,6
ss_GCCGTG,ss,6,nsp,-191.02,2.784745769365668,19,-191.02,6.634598103879399,9
ss_GCCTA,ss,5,nsp,-203.57,4.392318522147509,22,-150.77,5.610079589453267,7
ss_GCCGTT,ss,6,nsp,-177.16,3.9427490409611403,13,-160.94,6.33131534517117,7
ss_GCCTAA,ss,6,nsp,-192.3,2.9143181020609434,26,-192.3,4.9020422274803,12
ss_GCCTAC,ss,6,nsp,-175.88,6.951130411666883,25,-166.45,4.664142579295803,8
ss_GCCTC,ss,5,nsp,-193.29,4.722845117087795,14,-142.62,6.410231977081649,9
ss_GCCTAG,ss,6,nsp,-186.07,2.7546232047232975,27,-170.14,4.970769155774607,15
ss_GCCTAT,ss,6,nsp,-176.02,2.9167461322507995,25,-176.02,5.956597266896609,9
ss_GCCTCA,ss,6,nsp,-193.56,6.523400800196169,26,-185.18,5.3088873598900195,12
ss_GCCTCC,ss,6,nsp,-193.53,6.52318794762193,31,-183.39,5.026864231307634,14
ss_GCCTCG,ss,6,nsp,-183.35,5.666610009520693,28,-179.91,5.22795361494343,14
ss_GCCTG,ss,5,nsp,-198.39,4.691671024272708,19,-137.45,5.687807134564264,7
ss_GCCTCT,ss,6,nsp,-196.61,6.297767382176005,30,-179.56,6.835130869266527,14
ss_GCCTGA,ss,6,nsp,-172.59,3.536075225444182,29,-172.59,5.701651778213063,15
ss_GCCTGC,ss,6,nsp,-181.57,2.7808739633432022,22,-169.59,5.133546434970671,10
ss_GCCTGT,ss,6,nsp,-176.81,2.829136440682925,24,-173.16,6.011549051617234,9
ss_GCCTT,ss,5,nsp,-191.0,4.806613464800352,21,-139.46,5.905266293741559,9
ss_GCCTGG,ss,6,nsp,-183.5,2.6207090643564506,30,-183.5,6.981545530897857,15
ss_GCCTTA,ss,6,nsp,-184.99,6.0774209168034385,28,-164.99,5.909245044842868,16
ss_GCG,ss,3,rebuild-ss-fb,-140.94,5.0944262679913175,13,-140.11,5.4437716704505466,5
ss_GCCTTC,ss,6,nsp,-191.14,6.548406294664392,25,-162.81,6.955302006383342,14
ss_GCCTTG,ss,6,nsp,-186.67,5.818182104403414,29,-170.65,5.253764935738929,14
ss_GCGA,ss,4,rebuild-ss-fb,-151.42,3.589825204658305,14,-135.6,5.986430405508787,6
ss_GCCTTT,ss,6,nsp,-191.65,6.417240762196796,28,-176.07,6.02490605735891,13
ss_GCGAA,ss,5,nsp,-175.75,2.9135236398560567,20,-152.63,6.106281192346122,9
ss_GCGAAA,ss,6,nsp,-199.36,2.551000392003111,20,-199.36,4.752925099346717,13
ss_GCGAAC,ss,6,nsp,-202.33,2.474290605405927,23,-202.33,6.049250284126123,10
ss_GCGAAG,ss,6,nsp,-176.03,3.0486562613715575,27,-174.5,4.934682360598296,15
ss_GCGAAT,ss,6,nsp,-196.96,2.880587440089271,24,-196.96,6.1163043580253635,16
ss_GCGAC,ss,5,nsp,-183.12,3.1548884290890706,18,-157.51,6.026413278227775,8
ss_GCGACA,ss,6,nsp,-193.89,2.5752586277886658,24,-193.89,4.832423098198255,12
ss_GCGACC,ss,6,nsp,-190.78,2.3240654035547443,24,-190.78,5.123057290329672,11
ss_GCGACG,ss,6,nsp,-175.61,2.415481111497257,27,-173.07,6.049569984717919,14
ss_GCGACT,ss,6,nsp,-199.86,2.6675196344169576,26,-199.86,5.718560920371492,11
ss_GCGAG,ss,5,nsp,-177.16,3.4254955845833686,21,-163.62,6.26327685800333,8
ss_GCGAGC,ss,6,nsp,-174.8,2.5726424158829486,21,-169.13,5.656836748572473,9
ss_GCGAGA,ss,6,nsp,-199.4,2.5238213090470585,25,-199.4,4.667364673988952,11
ss_GCGAGG,ss,6,nsp,-187.96,5.783385859511718,26,-183.71,5.041678887037536,10
ss_GCGAT,ss,5,nsp,-187.87,4.195828166166981,23,-165.0,6.5695773075594515,12
ss_GCGAGT,ss,6,nsp,-195.42,2.510383436847838,27,-195.42,5.405335604752029,12
ss_GCGATA,ss,6,nsp,-197.56,2.5675303308821853,27,-197.56,4.701801675953604,13
ss_GCGATC,ss,6,nsp,-197.41,2.357757621130738,23,-197.41,6.121023852265236,12
ss_GCGATG,ss,6,nsp,-179.51,2.777946543762141,25,-179.51,5.78963841703435,15
ss_GCGC,ss,4,rebuild-ss-fb,-143.6,2.498733078982236,14,-143.6,2.921075829210876,9
ss_GCGCA,ss,5,nsp,-173.01,3.3065066157502505,19,-166.21,6.107773735167341,9
ss_GCGATT,ss,6,nsp,-199.78,2.827198082908244,23,-199.78,6.142608240804553,12
ss_GCGCAA,ss,6,nsp,-190.85,2.6397533975733363,28,-190.85,6.836483891592217,15
ss_GCGCAC,ss,6,nsp,-205.15,2.7434104687414287,28,-205.15,6.359149864565231,13
ss_GCGCAG,ss,6,nsp,-189.55,2.691379386114125,27,-189.55,6.349057016597028,13
ss_GCGCC,ss,5,nsp,-180.73,3.3454667835744716,22,-154.58,3.5459059491193514,12
ss_GCGCAT,ss,6,nsp,-193.69,2.7006686209159505,28,-193.69,5.936801158873359,13
ss_GCGCCA,ss,6,nsp,-182.35,2.9080918142314602,26,-180.01,4.208087570381579,10
ss_GCGCCC,ss,6,nsp,-190.11,3.2429148925002615,26,-190.11,5.2022695047450265,12
ss_GCGCCG,ss,6,nsp,-178.75,2.536710862514686,25,-175.33,5.08993418425032,8
ss_GCGCG,ss,5,nsp,-181.71,3.1792120092878435,18,-156.49,5.455885446011489,5
ss_GCGCCT,ss,6,nsp,-199.85,2.578178814589877,29,-199.85,5.5942672442421,11
ss_GCGCGA,ss,6,nsp,-195.26,5.5303711448690365,26,-188.53,4.411471069836014,10
ss_GCGCGC,ss,6,nsp,-200.19,2.6863339330768383,25,-200.19,6.585069627574193,11
ss_GCGCGG,ss,6,nsp,-194.58,6.621466378378752,30,-171.24,4.596403594115732,11
ss_GCGCT,ss,5,nsp,-175.32,4.599652812984925,24,-143.72,3.6811624522696658,9
ss_GCGCGT,ss,6,nsp,-197.94,2.440551167257093,26,-197.94,5.541977084037794,10
ss_GCGCTA,ss,6,nsp,-179.18,2.769309119618115,30,-179.18,5.190395456995549,12
ss_GCGCTC,ss,6,nsp,-188.63,2.857678778309427,28,-188.63,6.648013462681926,12
ss_GCGCTG,ss,6,nsp,-185.39,2.6792183561628478,27,-185.39,4.738114814987079,10
ss_GCGG,ss,4,rebuild-ss-fb,-166.73,6.809711080508504,21,-158.98,2.650643318139965,15
ss_GCGGA,ss,5,nsp,-194.21,3.2476225150100184,24,-168.64,5.426667117117103,8
ss_GCGCTT,ss,6,nsp,-206.88,2.6537554521847024,29,-206.88,5.342596934076175,11
ss_GCGGAA,ss,6,nsp,-200.73,2.772220950790196,25,-200.73,6.268402906642192,15
ss_GCGGAC,ss,6,nsp,-205.07,2.2573606269269457,24,-205.07,5.716778550897366,13
ss_GCGGC,ss,5,nsp,-185.53,3.1698802816510416,21,-149.6,6.488890583142864,8
ss_GCGGAG,ss,6,nsp,-191.18,2.7283918340297095,28,-191.18,6.208964245347206,14
ss_GCGGAT,ss,6,nsp,-209.09,2.668414510528674,25,-209.09,6.342199381917922,15
ss_GCGGCA,ss,6,nsp,-188.9,2.5652372209992538,27,-188.9,4.920825743714171,15
ss_GCGGCG,ss,6,nsp,-196.45,2.613691068202208,24,-196.45,4.888172971571291,12
ss_GCGGCC,ss,6,nsp,-188.82,2.825099290290519,25,-188.82,5.386719409807801,12
ss_GCGGG,ss,5,nsp,-181.21,4.159422796494736,24,-170.35,6.490017796585769,13
ss_GCGGCT,ss,6,nsp,-205.69,2.7752480970176485,24,-205.69,5.916734572380291,12
ss_GCGGGA,ss,6,nsp,-200.02,2.6876651577158848,22,-200.02,4.804029766768734,15
ss_GCGGGC,ss,6,nsp,-193.23,2.3804495373773555,25,-193.23,5.093993325476584,10
ss_GCGGGG,ss,6,nsp,-186.16,2.524258504987165,21,-186.16,6.91478097990095,14
ss_GCGGGT,ss,6,nsp,-208.53,2.5043803624848944,28,-208.53,5.644741712425816,13
ss_GCGGT,ss,5,nsp,-185.75,4.242510223912282,29,-153.69,6.582501500189735,12
ss_GCGGTA,ss,6,nsp,-191.0,3.4838214650007626,25,-191.0,6.885187433904771,9
ss_GCGGTC,ss,6,nsp,-198.51,3.8479067036507293,22,-176.37,6.895634271044244,11
ss_GCGGTG,ss,6,nsp,-193.82,3.598876908147885,27,-193.82,6.735649411897868,16
ss_GCGT,ss,4,rebuild-ss-fb,-154.84,6.560577870889118,18,-141.83,3.6480264527549835,10
ss_GCGTA,ss,5,nsp,-189.98,3.125757988072669,24,-159.61,5.8416673133618335,8
ss_GCGGTT,ss,6,nsp,-178.55,3.660126910368023,25,-167.56,2.8897255925087397,9
ss_GCGTAA,ss,6,nsp,-196.6,2.717658183068648,27,-190.3,6.165942020486406,13
ss_GCGTAC,ss,6,nsp,-209.65,2.7879967718776317,21,-209.65,6.401879255343706,11
ss_GCGTC,ss,5,nsp,-179.28,3.691765566771561,19,-143.14,4.029555930868805,7
ss_GCGTAG,ss,6,nsp,-181.97,2.4626376103681853,26,-161.59,6.457695409354624,10
ss_GCGTAT,ss,6,nsp,-212.9,2.4815362177490012,26,-212.9,5.571206691552573,9
ss_GCGTCA,ss,6,nsp,-202.77,2.3258258748238236,24,-202.77,4.334860320702395,8
ss_GCGTCC,ss,6,nsp,-199.28,2.767152688233895,30,-199.28,5.954151576841151,14
ss_GCGTCG,ss,6,nsp,-192.4,3.072827687977318,27,-173.13,3.756147760671835,12
ss_GCGTG,ss,5,nsp,-194.09,3.536875598603955,21,-168.68,5.573434668137767,7
ss_GCGTCT,ss,6,nsp,-208.08,2.5582646462006307,25,-208.08,5.577648608508796,8
ss_GCGTGA,ss,6,nsp,-200.15,2.443533916277818,28,-200.15,4.669429301317242,13
ss_GCGTGC,ss,6,nsp,-204.73,2.5186625419059334,24,-204.73,6.13592649890789,10
ss_GCGTGG,ss,6,nsp,-196.83,2.4354673062884746,28,-196.83,6.369243126149282,14
ss_GCGTGT,ss,6,nsp,-214.16,2.57636274619861,25,-214.16,5.6532513653649055,12
ss_GCGTT,ss,5,nsp,-187.74,3.7898866737674384,20,-163.39,6.363021373530026,9
ss_GCGTTA,ss,6,nsp,-214.74,2.721156555584413,23,-214.74,4.738937750171462,12
ss_GCT,ss,3,rebuild-ss-fb,-130.34,3.201661599857157,15,-130.33,6.0791493648371695,7
ss_GCGTTC,ss,6,nsp,-206.92,2.3015964024997864,29,-206.92,5.616551700109242,10
ss_GCGTTG,ss,6,nsp,-192.45,2.3845641111112994,25,-192.45,4.399289601742537,12
ss_GCTA,ss,4,rebuild-ss-fb,-133.25,2.7644033714348044,14,-133.25,5.804289276044049,7
ss_GCGTTT,ss,6,nsp,-209.57,2.572500145772598,29,-209.57,5.483766132868921,14
ss_GCTAA,ss,5,nsp,-185.51,3.495320729203564,22,-152.4,5.046393860966459,9
ss_GCTAAA,ss,6,nsp,-182.01,2.094329964451644,28,-178.73,6.868097625980575,12
ss_GCTAAG,ss,6,nsp,-170.68,3.2322515372414906,27,-170.68,6.044607762295239,17
ss_GCTAAT,ss,6,nsp,-178.83,5.749992173907729,26,-165.94,6.035381346692179,11
ss_GCTAAC,ss,6,nsp,-205.75,2.7667544162791184,25,-205.75,6.465356138682538,11
ss_GCTAC,ss,5,nsp,-186.53,3.644786001948554,24,-147.62,4.701205058280268,7
ss_GCTACA,ss,6,nsp,-195.56,6.524567571877854,25,-186.12,5.46322734288076,12
ss_GCTACC,ss,6,nsp,-200.59,6.533266487753263,29,-191.3,6.089872740870704,13
ss_GCTACG,ss,6,nsp,-184.39,5.913266863587328,24,-166.84,5.186909098875735,12
ss_GCTACT,ss,6,nsp,-198.79,6.278199980886261,26,-155.42,3.548484042517309,10
ss_GCTAG,ss,5,nsp,-171.58,3.2337379300122873,20,-155.01,6.399548187176963,8
ss_GCTAGG,ss,6,nsp,-179.19,2.3386949352149435,23,-179.19,6.270969621996264,13
ss_GCTAGC,ss,6,nsp,-192.53,3.1598460405532203,27,-192.53,5.26641025747141,10
ss_GCTAGA,ss,6,nsp,-172.99,6.9914371197916125,33,-163.02,6.763305478832087,16
ss_GCTAGT,ss,6,nsp,-192.9,2.624633498224113,23,-192.9,6.75016103511613,10
ss_GCTAT,ss,5,nsp,-184.15,3.760149598087826,24,-147.51,3.894360152836405,11
ss_GCTATA,ss,6,nsp,-192.49,6.479801385845094,26,-159.66,4.197929132322259,12
ss_GCTATC,ss,6,nsp,-186.54,6.63101040566217,26,-155.94,6.595269592670179,12
ss_GCTC,ss,4,rebuild-ss-fb,-150.25,5.101319241137551,17,-136.54,6.532653595591908,12
ss_GCTCA,ss,5,nsp,-182.74,3.637945299203952,18,-144.27,6.328462293480145,7
ss_GCTATG,ss,6,nsp,-181.51,3.613244802113481,16,-171.4,6.259613885855899,7
ss_GCTATT,ss,6,nsp,-196.88,2.5772906316517687,22,-196.88,6.411922488614485,10
ss_GCTCAC,ss,6,nsp,-194.28,2.9301354917477807,25,-194.28,5.633684495958222,12
ss_GCTCAA,ss,6,nsp,-169.03,2.4286574480564522,26,-143.76,6.394366974142158,12
ss_GCTCAG,ss,6,nsp,-182.4,2.469701803862161,24,-182.4,6.841843757350797,14
ss_GCTCC,ss,5,nsp,-167.97,6.874657082356931,21,-150.96,6.034269549829534,10
ss_GCTCAT,ss,6,nsp,-200.65,2.823560164048205,22,-200.65,5.051753952836587,10
ss_GCTCCC,ss,6,nsp,-185.42,2.987340790736805,32,-185.42,6.342552798361234,12
ss_GCTCCA,ss,6,nsp,-176.91,2.617778638464296,26,-176.91,6.008437234422939,14
ss_GCTCCG,ss,6,nsp,-175.03,2.6325603506852446,25,-175.03,5.281720647667774,16
ss_GCTCCT,ss,6,nsp,-178.26,6.353491795855242,24,-172.86,3.4336001514445504,12
ss_GCTCG,ss,5,nsp,-177.48,3.5420663460754214,18,-149.49,6.321346059187071,7
ss_GCTCGA,ss,6,nsp,-181.07,2.6272576957733174,21,-181.07,6.65895802659846,10
ss_GCTCGC,ss,6,nsp,-189.48,3.486631182101132,25,-181.08,6.66517254090244,9
ss_GCTCGG,ss,6,nsp,-180.82,2.470741993814805,28,-180.82,6.076648089201802,11
ss_GCTCT,ss,5,nsp,-175.66,3.6324093932264976,21,-144.43,4.780424458141768,11
ss_GCTCGT,ss,6,nsp,-192.45,2.517244723899515,27,-192.45,5.518356730042014,15
ss_GCTCTA,ss,6,nsp,-176.87,6.454875211806976,28,-171.71,4.43685598143551,16
ss_GCTCTC,ss,6,nsp,-176.74,4.626704766894035,24,-147.66,6.674774977480523,14
ss_GCTCTG,ss,6,nsp,-170.61,3.574387919630445,24,-153.45,6.270558906509042,10
ss_GCTG,ss,4,rebuild-ss-fb,-155.47,2.4606027716801364,9,-155.47,2.7273740117556273,7
ss_GCTCTT,ss,6,nsp,-177.07,2.489795774757438,15,-177.07,6.687380802676019,7
ss_GCTGA,ss,5,nsp,-166.77,6.491457848588402,26,-155.37,5.709733268726316,15
ss_GCTGAA,ss,6,nsp,-187.36,6.905400422857464,29,-186.17,6.089822821724788,14
ss_GCTGAC,ss,6,nsp,-190.78,3.417179831381429,22,-190.78,5.629609755569224,11
ss_GCTGC,ss,5,nsp,-182.52,4.321333359045576,26,-152.42,6.89423273468485,12
ss_GCTGAG,ss,6,nsp,-194.07,2.6847072466099564,22,-194.07,6.460302469699066,11
ss_GCTGAT,ss,6,nsp,-190.53,6.016562972328983,24,-171.45,3.8532256617021647,9
ss_GCTGCA,ss,6,nsp,-201.58,6.438288126513141,30,-181.48,6.472559153843239,15
ss_GCTGCG,ss,6,nsp,-202.58,6.267218282459933,29,-178.16,2.9148869617877087,13
ss_GCTGCC,ss,6,nsp,-190.93,6.504273364488932,29,-184.22,6.150792306686998,13
ss_GCTGCT,ss,6,nsp,-203.4,6.147191716548305,30,-171.25,6.402088487360969,13
ss_GCTGG,ss,5,nsp,-186.54,3.895382009508184,23,-156.14,5.538650647946662,14
ss_GCTGGA,ss,6,nsp,-180.01,6.920102672648726,24,-177.66,4.7919521074401334,13
ss_GCTGGC,ss,6,nsp,-192.64,3.726867988002783,27,-192.64,6.38150475985094,15
ss_GCTGT,ss,5,nsp,-202.27,3.341854874167935,21,-148.13,6.338430720612166,10
ss_GCTGGT,ss,6,nsp,-193.19,5.8757655671410305,23,-165.48,5.945582645964985,10
ss_GCTGGG,ss,6,nsp,-183.36,2.7923892995067985,20,-183.36,6.879690327333059,11
ss_GCTGTA,ss,6,nsp,-167.85,5.438241167877722,21,-164.64,6.240349429318818,7
ss_GCTGTC,ss,6,nsp,-192.06,6.399833200951411,33,-162.53,5.579821144086971,16
ss_GCTGTG,ss,6,nsp,-183.56,3.6024026704409398,22,-148.27,6.539038920208388,7
ss_GCTT,ss,4,rebuild-ss-fb,-134.62,2.5246217538475175,14,-134.62,4.126793185998053,8
ss_GCTGTT,ss,6,nsp,-167.47,2.2832680525947926,23,-167.47,2.5920929767275007,11
ss_GCTTA,ss,5,nsp,-182.51,3.46473491049462,23,-152.68,5.154041229947635,10
ss_GCTTAC,ss,6,nsp,-166.42,6.301236862711961,25,-160.55,6.074135494043591,11
ss_GCTTAA,ss,6,nsp,-182.13,2.264776147878651,25,-182.13,6.851176833216316,14
ss_GCTTC,ss,5,nsp,-184.61,3.7341045780749402,17,-148.9,5.838152276191489,6
ss_GCTTAG,ss,6,nsp,-188.0,2.7215502934908327,24,-162.63,5.271799028794622,12
ss_GCTTAT,ss,6,nsp,-159.41,4.622305160847789,19,-154.37,4.223929331795219,9
ss_GCTTCA,ss,6,nsp,-183.63,6.221435525664495,23,-175.69,6.9986645154629175,17
ss_GCTTCC,ss,6,nsp,-186.92,6.245072137293542,27,-183.25,4.496431473958,12
ss_GCTTCG,ss,6,nsp,-180.7,5.5186119631661175,23,-171.83,5.799292370625911,13
ss_GCTTCT,ss,6,nsp,-190.9,6.41986277111904,25,-175.28,6.646440475923926,15
ss_GCTTG,ss,5,nsp,-184.31,3.942091069470632,23,-161.15,5.217276780083654,11
ss_GCTTGA,ss,6,nsp,-165.1,6.768976141190049,26,-156.63,6.024970871298889,14
ss_GCTTGC,ss,6,nsp,-186.94,3.1261673019849736,25,-186.94,4.722943997127225,11
ss_GCTTGG,ss,6,nsp,-185.08,2.540027952602098,21,-185.08,6.706798491083506,11
ss_GCTTGT,ss,6,nsp,-179.24,3.123865874201397,20,-179.24,6.274935139107014,8
ss_GCTTT,ss,5,nsp,-169.46,3.5509540971406817,24,-153.82,5.915326195570286,10
ss_GCTTTA,ss,6,nsp,-178.76,6.498194980146404,27,-156.54,5.065330097831736,12
ss_GCTTTC,ss,6,nsp,-177.71,6.55792352806894,25,-152.75,5.855388714679843,13
ss_GGA,ss,3,rebuild-ss-fb,-135.04,2.1899408667815794,11,-135.04,5.140282968864659,7
ss_GCTTTG,ss,6,nsp,-171.23,3.0570822690925477,25,-171.23,6.65287614494664,14
ss_GGAA,ss,4,rebuild-ss-fb,-135.91,3.496405439876797,9,-134.1,5.66770447359423,7
ss_GCTTTT,ss,6,nsp,-184.0,6.7371027897754425,31,-171.57,6.230452792534427,15
ss_GGAAA,ss,5,nsp,-172.52,3.2352942679144503,22,-150.81,6.019882058645343,7
ss_GGAAAA,ss,6,nsp,-196.09,6.205828067228421,25,-187.59,6.560975308595524,8
ss_GGAAC,ss,5,nsp,-167.95,3.74120555436348,24,-148.68,6.279246849742412,6
ss_GGAAAC,ss,6,nsp,-200.44,3.228792034182443,27,-200.44,5.4102961101958265,14
ss_GGAAAG,ss,6,nsp,-169.79,3.0613265098646334,25,-169.79,6.650058495983337,10
ss_GGAAAT,ss,6,nsp,-196.64,5.640490936079954,21,-188.76,3.710911747805386,11
ss_GGAACA,ss,6,nsp,-196.34,2.5197561389944143,26,-195.38,4.699483056677618,13
ss_GGAACC,ss,6,nsp,-197.99,2.466089617187499,29,-197.99,5.592253749607576,13
ss_GGAACG,ss,6,nsp,-177.42,2.446484212088855,28,-177.42,5.357255547386193,17
ss_GGAACT,ss,6,nsp,-208.53,5.536763133817466,25,-183.87,5.767906465954513,13
ss_GGAAG,ss,5,nsp,-181.46,3.2627860794112826,22,-181.46,6.420850878193644,9
ss_GGAAGA,ss,6,nsp,-187.22,6.609829422912525,25,-186.09,6.761261864474709,12
ss_GGAAGC,ss,6,nsp,-192.6,3.085441297448391,24,-192.6,5.932315905276802,13
ss_GGAAGG,ss,6,nsp,-183.06,2.92533536538976,25,-183.06,6.36419869268709,8
ss_GGAAGT,ss,6,nsp,-195.67,5.38970667105363,24,-172.54,6.234560529820842,9
ss_GGAAT,ss,5,nsp,-173.08,3.5016947325545096,22,-139.42,6.78694054784628,8
ss_GGAATA,ss,6,nsp,-197.01,5.952101645637459,23,-170.1,6.384124450541348,12
ss_GGAATC,ss,6,nsp,-192.17,6.316295591563148,28,-191.2,1.9933584725282152,9
ss_GGAATG,ss,6,nsp,-177.41,2.5590885096065032,27,-177.41,6.028894094276332,10
ss_GGAC,ss,4,rebuild-ss-fb,-153.74,6.308186189389172,9,-131.42,2.742613716876642,6
ss_GGACA,ss,5,nsp,-171.79,3.3560704700587163,25,-151.76,6.262876415833213,9
ss_GGAATT,ss,6,nsp,-200.59,2.934917034602537,20,-200.59,3.093011962472827,5
ss_GGACAC,ss,6,nsp,-180.19,2.1311682242376015,25,-180.19,5.795397225385005,13
ss_GGACAA,ss,6,nsp,-203.27,6.565459999116595,23,-199.76,4.351065271861593,10
ss_GGACAG,ss,6,nsp,-195.8,2.6422634236578357,24,-195.8,6.015120447671853,7
ss_GGACAT,ss,6,nsp,-230.52,5.59524262208532,24,-181.12,3.100359334012764,10
ss_GGACC,ss,5,nsp,-170.19,3.412569413213464,27,-151.66,4.556629565808487,10
ss_GGACCA,ss,6,nsp,-195.67,2.582115992747028,27,-195.67,4.340319803885439,13
ss_GGACCG,ss,6,nsp,-169.14,5.15409769018789,29,-166.07,4.363236069707903,14
ss_GGACCC,ss,6,nsp,-195.69,2.0876604129982526,28,-195.69,5.3119733621320115,15
ss_GGACG,ss,5,nsp,-176.23,3.3645821434466607,22,-147.5,6.847511737850469,10
ss_GGACCT,ss,6,nsp,-198.16,6.197019364178233,23,-187.54,6.720341955585299,10
ss_GGACGA,ss,6,nsp,-220.34,5.721332187524172,23,-177.17,6.37137041773589,9
ss_GGACGG,ss,6,nsp,-195.5,2.9118343016044164,23,-195.5,6.284326932934038,11
ss_GGACGC,ss,6,nsp,-191.35,2.275834791895058,33,-191.35,5.9195471110550315,16
ss_GGACGT,ss,6,nsp,-210.68,5.4109815190961585,23,-175.4,5.942810530380369,10
ss_GGACT,ss,5,nsp,-181.65,3.826138131327743,21,-163.63,6.777260951151286,8
ss_GGACTA,ss,6,nsp,-188.56,2.698939977102125,19,-146.35,2.814983658922376,5
ss_GGACTC,ss,6,nsp,-191.46,6.298072482910957,22,-179.71,2.717026867736139,11
ss_GGACTG,ss,6,nsp,-185.11,2.456062092048979,28,-185.11,6.097854458742025,13
ss_GGAG,ss,4,rebuild-ss-fb,-134.88,3.3547686954542764,16,-134.88,3.9318176458223637,12
ss_GGAGA,ss,5,nsp,-189.65,3.2593878259575275,26,-145.79,5.1157746236518165,10
ss_GGACTT,ss,6,nsp,-191.9,5.45686558383109,21,-169.41,2.1199816036937675,9
ss_GGAGAC,ss,6,nsp,-194.05,3.0917994760333185,20,-164.14,4.969974849030933,7
ss_GGAGAA,ss,6,nsp,-194.01,6.1332096817245665,23,-190.97,6.914484651801604,8
ss_GGAGAG,ss,6,nsp,-192.09,6.619168678920342,22,-187.23,5.775242419154365,12
ss_GGAGAT,ss,6,nsp,-186.03,6.018588372700049,20,-141.64,5.277642087144604,7
ss_GGAGC,ss,5,nsp,-179.22,3.273579844757104,24,-149.69,6.938770928629947,10
ss_GGAGCA,ss,6,nsp,-178.0,2.778376684324867,24,-178.0,6.412393390926678,10
ss_GGAGCC,ss,6,nsp,-193.29,2.7282936059009373,26,-193.29,5.220789020828164,11
ss_GGAGCG,ss,6,nsp,-195.33,6.3799885579834665,23,-193.72,4.7729078139012895,11
ss_GGAGG,ss,5,nsp,-173.11,3.5749050337037125,25,-143.04,4.723783864657661,9
ss_GGAGCT,ss,6,nsp,-198.42,2.669544717737473,30,-198.42,2.669544717737473,9
ss_GGAGGA,ss,6,nsp,-213.03,5.988479105749637,30,-182.13,5.182705471083616,12
ss_GGAGGC,ss,6,nsp,-209.79,5.907689480668407,24,-171.17,4.764545518724745,9
ss_GGAGGG,ss,6,nsp,-191.75,6.607712312139501,22,-177.28,5.1841070590797,11
ss_GGAGT,ss,5,nsp,-173.62,2.9977841816915607,21,-154.08,6.8001276458607745,12
ss_GGAGGT,ss,6,nsp,-191.69,5.492500614474252,23,-174.08,6.534883472564752,13
ss_GGAGTA,ss,6,nsp,-207.68,5.924959577921214,22,-173.15,4.31563946594245,8
ss_GGAGTC,ss,6,nsp,-174.9,5.226742771554792,23,-145.35,3.0189935409006563,7
ss_GGAT,ss,4,rebuild-ss-fb,-162.8,6.438897110530657,10,-135.45,2.8488018534113677,6
ss_GGAGTG,ss,6,nsp,-191.75,4.262720492830847,27,-164.75,4.08639156224657,12
ss_GGAGTT,ss,6,nsp,-209.21,2.777633705152651,23,-209.21,2.777633705152651,8
ss_GGATA,ss,5,nsp,-177.53,3.354859311506235,17,-149.56,5.519563116769287,7
ss_GGATAA,ss,6,nsp,-200.24,2.7891921769573287,27,-200.24,5.10094236391669,10
ss_GGATAC,ss,6,nsp,-202.84,2.168676324396998,25,-202.84,5.910658338967001,11
ss_GGATAG,ss,6,nsp,-189.07,2.7777303684843133,22,-189.07,6.273170649679476,9
ss_GGATAT,ss,6,nsp,-225.56,5.567236837067379,23,-187.28,3.1427465694834504,11
ss_GGATC,ss,5,nsp,-178.0,3.29682968926211,20,-155.19,6.377230590154323,8
ss_GGATCA,ss,6,nsp,-203.56,2.580728191809435,29,-203.56,4.374725134222722,15
ss_GGATCC,ss,6,nsp,-207.5,2.3618187906780737,27,-207.5,5.226619366282575,15
ss_GGATCG,ss,6,nsp,-192.04,2.845607140840066,22,-191.83,6.7584643965918785,10
ss_GGATG,ss,5,nsp,-184.76,3.27075939194556,26,-144.7,6.117436472902683,10
ss_GGATCT,ss,6,nsp,-205.16,2.692844778296744,26,-205.16,6.062757211038563,11
ss_GGATGA,ss,6,nsp,-212.88,2.605017274414892,24,-212.88,5.133364686051452,15
ss_GGATGC,ss,6,nsp,-191.25,2.8213950450087837,23,-191.25,6.892206177995564,11
ss_GGATGG,ss,6,nsp,-189.87,2.728948149012727,26,-189.87,6.149086598837266,10
ss_GGATGT,ss,6,nsp,-222.1,5.333117381044611,28,-181.88,6.732757681663572,12
ss_GGATT,ss,5,nsp,-185.84,3.4118168180604553,24,-157.51,6.998549278243309,10
ss_GGATTA,ss,6,nsp,-192.04,2.7418034211080817,25,-192.04,6.158224094655855,13
ss_GGATTC,ss,6,nsp,-203.99,2.4420861983148727,28,-203.99,6.1533123600220385,12
ss_GGC,ss,3,rebuild-ss-fb,-142.53,3.3871039251844617,11,-142.53,5.891827390546998,5
ss_GGATTG,ss,6,nsp,-187.63,2.5793049451354135,27,-187.63,6.069656497694084,12
ss_GGCA,ss,4,rebuild-ss-fb,-135.79,4.534168280952979,14,-128.97,4.381190705732863,8
ss_GGATTT,ss,6,nsp,-196.77,4.645300528491133,24,-195.64,6.670627706595517,14
ss_GGCAA,ss,5,nsp,-196.0,3.5683986604638473,24,-149.82,6.823809639783339,11
ss_GGCAAA,ss,6,nsp,-188.56,2.441072305360906,23,-188.56,6.349562898341901,14
ss_GGCAAC,ss,6,nsp,-191.05,3.3995018752752504,23,-191.05,5.456294163624255,8
ss_GGCAC,ss,5,nsp,-193.2,3.6705866016210638,23,-157.72,6.280249517336077,11
ss_GGCAAT,ss,6,nsp,-197.64,5.983031756559556,23,-179.44,6.990533813665438,9
ss_GGCAAG,ss,6,nsp,-168.33,1.8039803214004368,25,-160.71,6.127749423728106,7
ss_GGCACA,ss,6,nsp,-183.97,2.5971139751655192,26,-183.97,6.759741563107286,15
ss_GGCACC,ss,6,nsp,-182.45,2.4513025109113036,22,-182.45,5.388009094275931,10
ss_GGCACG,ss,6,nsp,-165.23,2.7841122463004506,33,-165.23,3.3271510335420498,18
ss_GGCACT,ss,6,nsp,-179.8,2.475829355993664,28,-162.18,6.029594513729758,14
ss_GGCAG,ss,5,nsp,-196.4,3.9425713690433093,23,-157.55,6.4780559583875155,10
ss_GGCAGA,ss,6,nsp,-179.2,3.2379847127495616,28,-151.68,6.752923515041457,12
ss_GGCAGC,ss,6,nsp,-189.6,3.171020971233064,22,-189.6,6.773471266640177,11
ss_GGCAGG,ss,6,nsp,-181.31,2.614893114450394,21,-181.31,6.046691822806929,8
ss_GGCAT,ss,5,nsp,-191.52,3.6999812161685606,26,-153.49,6.494164303434273,10
ss_GGCAGT,ss,6,nsp,-214.5,5.416487145743081,25,-174.79,5.745105482060362,10
ss_GGCATA,ss,6,nsp,-192.77,6.49643571506716,26,-167.02,6.008824344245718,12
ss_GGCATC,ss,6,nsp,-175.22,3.3314654433146904,30,-160.23,6.5822180911908434,17
ss_GGCATG,ss,6,nsp,-197.36,6.4854684487707015,24,-168.26,6.156450357145757,8
ss_GGCC,ss,4,rebuild-ss-fb,-133.15,3.0487585998238838,9,-133.15,6.158871812272124,6
ss_GGCCA,ss,5,nsp,-201.83,4.193372270619445,20,-161.15,5.811258813716687,10
ss_GGCATT,ss,6,nsp,-184.81,2.7040334687277836,30,-184.81,2.7644626964384957,7
ss_GGCCAA,ss,6,nsp,-174.48,2.4569057775991348,25,-174.48,6.654327013304953,10
ss_GGCCAC,ss,6,nsp,-188.57,3.156849853889163,24,-188.57,5.020221608654348,10
ss_GGCCC,ss,5,nsp,-196.44,4.140649465965464,24,-152.89,6.740837114186924,8
ss_GGCCAT,ss,6,nsp,-222.42,5.448676353023732,31,-183.05,6.71034395541689,12
ss_GGCCAG,ss,6,nsp,-199.29,6.812756343800945,23,-183.93,6.230514184238727,8
ss_GGCCCA,ss,6,nsp,-178.96,2.604589219051634,31,-178.96,4.632247510658292,17
ss_GGCCCC,ss,6,nsp,-180.17,2.214162821474534,26,-180.17,5.5251791826148136,14
ss_GGCCCG,ss,6,nsp,-183.58,5.367584279729568,26,-178.97,6.19132473708171,9
ss_GGCCG,ss,5,nsp,-203.84,3.581906475607676,20,-178.32,5.731679771236346,8
ss_GGCCCT,ss,6,nsp,-181.68,5.422204256573163,27,-161.0,5.553205380678811,12
ss_GGCCGC,ss,6,nsp,-182.02,2.668761885219428,28,-182.02,5.912593847035327,8
ss_GGCCGG,ss,6,nsp,-210.52,6.176881575682013,22,-160.16,6.615734653082759,10
ss_GGCCGA,ss,6,nsp,-193.06,3.030287775113105,27,-193.06,5.957012338412599,13
ss_GGCCGT,ss,6,nsp,-216.88,5.332291908738688,24,-174.05,5.785087294069114,8
ss_GGCCT,ss,5,nsp,-190.72,4.194897138190646,24,-167.24,6.658771808674638,11
ss_GGCCTA,ss,6,nsp,-196.74,6.021788272598111,19,-168.62,6.242043014911063,6
ss_GGCCTG,ss,6,nsp,-219.08,5.751687230717605,24,-171.66,6.6547553674045785,11
ss_GGCCTC,ss,6,nsp,-175.01,5.570287155973215,25,-174.43,6.932446393590077,12
ss_GGCG,ss,4,rebuild-ss-fb,-190.36,6.857196584610955,11,-143.0,4.332470080681461,7
ss_GGCGA,ss,5,nsp,-213.82,3.4683311548928155,27,-159.55,5.911594793285488,11
ss_GGCCTT,ss,6,nsp,-189.71,5.667778136095323,25,-178.76,5.989122306315014,9
ss_GGCGAC,ss,6,nsp,-183.05,2.677440008664987,25,-183.05,5.281436357658776,11
ss_GGCGAA,ss,6,nsp,-196.3,6.5018112860956,29,-180.65,5.675316466947017,11
ss_GGCGAG,ss,6,nsp,-194.37,6.198111486573952,22,-159.74,3.5022342868517558,11
ss_GGCGC,ss,5,nsp,-212.53,3.4767532267907915,24,-152.61,5.713134866253377,13
ss_GGCGAT,ss,6,nsp,-197.01,5.516524358688199,30,-177.9,6.777594042136205,9
ss_GGCGCA,ss,6,nsp,-192.32,2.3508304915497567,29,-173.18,4.635346481116594,13
ss_GGCGCC,ss,6,nsp,-193.81,2.786699481465485,29,-193.81,4.313167397632528,15
ss_GGCGCG,ss,6,nsp,-166.49,6.999497553396256,28,-162.42,5.944759456866192,13
ss_GGCGG,ss,5,nsp,-204.15,3.8747181833005833,21,-146.32,6.313917088464189,8
ss_GGCGCT,ss,6,nsp,-180.95,2.7215357796655764,24,-180.95,3.0974941485013283,11
ss_GGCGGA,ss,6,nsp,-198.18,6.182599857665075,27,-186.84,6.824570169615086,11
ss_GGCGGC,ss,6,nsp,-190.4,3.2859777844654054,29,-142.85,6.078252627194756,11
ss_GGCGGT,ss,6,nsp,-192.97,5.347843771091313,25,-173.6,4.428351724964945,9
ss_GGCGGG,ss,6,nsp,-191.94,6.161850128005395,22,-174.04,5.721298104451467,13
ss_GGCGT,ss,5,nsp,-199.83,4.35574895970834,23,-147.55,6.453816700216999,10
ss_GGCGTA,ss,6,nsp,-200.2,5.950547117702714,28,-193.57,6.712102949150883,13
ss_GGCGTC,ss,6,nsp,-196.03,2.4733855340403377,27,-196.03,2.4733855340403377,11
ss_GGCGTG,ss,6,nsp,-215.36,5.9203016815023926,26,-159.16,3.303304406196935,12
ss_GGCGTT,ss,6,nsp,-183.44,2.6386551498822315,27,-183.44,2.6386551498822315,11
ss_GGCT,ss,4,rebuild-ss-fb,-193.08,6.911217982382002,17,-131.28,3.3555224630450486,11
ss_GGCTA,ss,5,nsp,-205.84,3.9839068764216945,22,-157.95,5.91330609726911,10
ss_GGCTAA,ss,6,nsp,-180.47,3.0287279508070823,23,-180.47,5.155883920338014,11
ss_GGCTAC,ss,6,nsp,-182.04,2.486251998490914,26,-178.02,6.403661843039502,11
ss_GGCTAT,ss,6,nsp,-183.3,2.7898670219206028,26,-183.3,6.13294496958843,14
ss_GGCTAG,ss,6,nsp,-204.66,5.890569666848866,27,-171.02,5.278458108197896,11
ss_GGCTC,ss,5,nsp,-194.3,3.561355079179845,18,-142.0,6.132263040672655,6
ss_GGCTCA,ss,6,nsp,-187.88,2.342143676207765,26,-187.88,6.189543036444606,13
ss_GGCTCC,ss,6,nsp,-182.46,4.595502801652956,30,-175.45,5.477321060518549,12
ss_GGCTCG,ss,6,nsp,-182.44,2.3954235533617214,27,-182.44,6.493115584986916,12
ss_GGCTG,ss,5,nsp,-204.84,3.842646093514211,19,-155.71,6.339449345171871,9
ss_GGCTCT,ss,6,nsp,-188.01,2.6095043590689952,28,-188.01,6.969569642381085,12
ss_GGCTGA,ss,6,nsp,-172.4,5.434685455479489,26,-158.41,5.703460528486186,14
ss_GGCTGC,ss,6,nsp,-180.59,2.8683496997402447,26,-180.59,5.822642097879617,8
ss_GGCTGG,ss,6,nsp,-209.53,5.940885035076853,24,-177.01,5.948232930879571,9
ss_GGCTT,ss,5,nsp,-191.38,4.082710496716632,26,-140.6,6.62393817905936,11
ss_GGCTGT,ss,6,nsp,-193.64,2.9381608192881705,25,-193.64,6.193800771739429,9
ss_GGCTTA,ss,6,nsp,-196.61,6.606760552646052,19,-153.28,2.8286535666284705,10
ss_GGCTTC,ss,6,nsp,-188.73,4.433901780599131,23,-174.3,6.601483015201972,9
ss_GGCTTG,ss,6,nsp,-213.29,5.817333839483516,25,-180.75,6.926386864736905,14
ss_GGG,ss,3,rebuild-ss-fb,-141.04,3.2191887176740823,14,-141.04,5.9207961457898675,7
ss_GGGA,ss,4,rebuild-ss-fb,-141.72,3.579864382906164,14,-141.72,5.985412099429747,12
ss_GGCTTT,ss,6,nsp,-179.05,2.43055446349183,22,-179.05,5.944847264648612,14
ss_GGGAA,ss,5,nsp,-168.04,3.176244008258817,26,-163.48,6.4153922717165175,16
ss_GGGAAA,ss,6,nsp,-200.0,2.3134169533398112,24,-200.0,4.255521942135906,10
ss_GGGAAC,ss,6,nsp,-207.39,2.3845846598516975,26,-207.39,6.099619168439949,15
ss_GGGAC,ss,5,nsp,-176.76,3.568810586175747,19,-169.04,6.3773543103704045,9
ss_GGGAAG,ss,6,nsp,-167.42,2.4149296055993124,24,-167.42,4.442215888495298,16
ss_GGGAAT,ss,6,nsp,-205.36,2.764702153939929,28,-205.36,6.200392084376602,19
ss_GGGACA,ss,6,nsp,-197.79,2.575543826068584,28,-197.79,4.455138381689172,13
ss_GGGACC,ss,6,nsp,-184.64,2.6686290487814204,27,-184.64,5.797725847261146,14
ss_GGGACG,ss,6,nsp,-189.83,2.4506386922596315,27,-189.83,6.996531354892926,16
ss_GGGACT,ss,6,nsp,-200.38,2.3677848297512116,24,-200.38,5.196409241004793,12
ss_GGGAG,ss,5,nsp,-191.61,3.548082017090398,26,-165.16,5.196816814166144,10
ss_GGGAGA,ss,6,nsp,-202.08,2.4173059384364306,22,-202.08,4.56153406213306,13
ss_GGGAGC,ss,6,nsp,-209.46,2.3838517151870238,26,-209.46,5.899337759443852,14
ss_GGGAGG,ss,6,nsp,-197.35,3.0213070019447077,26,-167.12,4.282124472735474,15
ss_GGGAGT,ss,6,nsp,-206.29,2.8935661388674023,26,-206.29,6.266949337596406,15
ss_GGGAT,ss,5,nsp,-183.93,4.01498306347614,25,-146.95,6.300621953426497,12
ss_GGGATA,ss,6,nsp,-205.16,2.516884184860322,24,-205.16,4.6246563115544115,14
ss_GGGC,ss,4,rebuild-ss-fb,-138.29,2.352037627250047,15,-138.29,5.107577312190184,11
ss_GGGATC,ss,6,nsp,-201.46,2.276996486602491,28,-201.46,6.151236461070255,12
ss_GGGATG,ss,6,nsp,-178.67,2.1058922099670854,21,-178.67,5.852453160854869,9
ss_GGGATT,ss,6,nsp,-183.58,5.5621475169218755,27,-181.57,6.174277042699015,9
ss_GGGCA,ss,5,nsp,-177.29,3.552232115163658,25,-147.98,6.522090615745841,11
ss_GGGCAC,ss,6,nsp,-200.02,2.4646510909254538,23,-200.02,6.492746260250733,11
ss_GGGCAA,ss,6,nsp,-186.44,2.876390098717498,32,-186.44,4.756481682924899,16
ss_GGGCC,ss,5,nsp,-173.09,3.907454798203048,22,-164.44,6.107448157782425,12
ss_GGGCAT,ss,6,nsp,-212.09,2.6380441618744643,22,-212.09,5.431084330039446,9
ss_GGGCAG,ss,6,nsp,-196.89,2.4455784591789387,24,-196.89,6.681535527107517,13
ss_GGGCCA,ss,6,nsp,-201.36,2.6003226722851225,28,-201.36,6.632197298030269,12
ss_GGGCCC,ss,6,nsp,-202.79,2.3745018424924447,24,-202.79,5.297598040621817,5
ss_GGGCCG,ss,6,nsp,-191.83,2.121014379960688,26,-191.83,6.745916839096078,19
ss_GGGCG,ss,5,nsp,-185.27,3.3332425654308637,21,-166.2,6.327163977644326,8
ss_GGGCCT,ss,6,nsp,-192.61,2.2000520448389476,29,-192.61,6.5175649594000955,8
ss_GGGCGA,ss,6,nsp,-177.55,1.7076682933169554,27,-172.05,5.215729383317348,12
ss_GGGCGC,ss,6,nsp,-197.71,2.457070410061561,23,-197.71,6.664837657437734,10
ss_GGGCGG,ss,6,nsp,-200.84,2.6765475897132958,25,-170.76,6.400056327877135,13
ss_GGGCGT,ss,6,nsp,-206.27,2.909011172202692,24,-206.27,5.9000235592750085,8
ss_GGGCT,ss,5,nsp,-181.75,3.111680896236008,26,-158.5,5.339101235226766,11
ss_GGGCTA,ss,6,nsp,-192.01,2.4686216802094245,24,-192.01,4.221485402083032,14
ss_GGGCTC,ss,6,nsp,-200.84,3.0952281014490812,31,-173.99,4.315153067968717,10
ss_GGGG,ss,4,rebuild-ss-fb,-137.66,2.7109028016511387,16,-137.66,2.7109028016511387,13
ss_GGGCTG,ss,6,nsp,-181.98,2.9925803247364997,22,-181.98,6.197413089346235,8
ss_GGGCTT,ss,6,nsp,-188.5,3.2156736463764513,22,-188.5,3.4804634748837717,9
ss_GGGGA,ss,5,nsp,-176.25,3.6757589692470427,24,-151.87,6.0976064976349535,10
ss_GGGGAA,ss,6,nsp,-217.34,2.5594095022094345,22,-217.34,4.696084858688138,16
ss_GGGGAC,ss,6,nsp,-213.14,2.2106815691094237,28,-213.14,5.59585426901024,15
ss_GGGGAG,ss,6,nsp,-187.85,2.741735581707333,23,-187.85,6.772478497566478,13
ss_GGGGC,ss,5,nsp,-163.64,3.2690325786079644,24,-137.18,5.4198738915218305,12
ss_GGGGAT,ss,6,nsp,-201.77,5.72674471231259,26,-168.0,5.072111000362663,13
ss_GGGGCA,ss,6,nsp,-216.42,2.3000595644461033,30,-216.42,4.809745731325097,15
ss_GGGGCC,ss,6,nsp,-180.91,2.284155423783609,24,-180.91,5.630597659218795,7
ss_GGGGG,ss,5,nsp,-177.64,2.9678990885810244,20,-177.64,5.72257022674253,8
ss_GGGGCG,ss,6,nsp,-180.71,2.7763097809862742,27,-180.71,6.32127566239601,17
ss_GGGGCT,ss,6,nsp,-211.93,2.8168480612202065,29,-211.93,5.759299436563449,16
ss_GGGGGA,ss,6,nsp,-192.82,2.4536432095966956,23,-192.82,4.176164388526862,14
ss_GGGGGG,ss,6,nsp,-194.51,3.077878815028311,26,-194.51,6.545426876835452,12
ss_GGGGGC,ss,6,nsp,-215.89,2.605295184811118,26,-215.89,6.566988122419612,12
ss_GGGGT,ss,5,nsp,-171.1,4.189414517566878,28,-150.24,6.605222176429795,12
ss_GGGGGT,ss,6,nsp,-190.01,5.868820068804296,17,-173.01,4.507038939259345,5
ss_GGGGTA,ss,6,nsp,-211.84,5.854169283510685,27,-173.64,3.967089865379915,12
ss_GGGGTC,ss,6,nsp,-211.37,2.2508731639077504,25,-211.37,6.114725014258606,16
ss_GGGGTG,ss,6,nsp,-174.12,3.0020193203908696,27,-164.63,2.7878932906407936,12
ss_GGGT,ss,4,rebuild-ss-fb,-137.18,2.2011156262222937,13,-137.18,3.6897498560200597,5
ss_GGGTA,ss,5,nsp,-180.39,3.9990240059294537,20,-169.5,5.978185761583524,9
ss_GGGGTT,ss,6,nsp,-182.83,5.451187393586845,26,-146.99,5.398671688480416,5
ss_GGGTAC,ss,6,nsp,-206.18,2.4710445159891443,22,-206.18,6.4809543278748825,10
ss_GGGTAA,ss,6,nsp,-198.69,2.6643455106273217,24,-198.69,6.370264829659746,12
ss_GGGTC,ss,5,nsp,-179.36,3.8100956680902565,21,-170.13,6.63463043431961,10
ss_GGGTAG,ss,6,nsp,-189.94,2.7915880784958294,21,-189.94,6.340124998767782,11
ss_GGGTAT,ss,6,nsp,-220.24,2.586502271408248,21,-220.24,5.794197614855738,9
ss_GGGTCA,ss,6,nsp,-196.27,2.662742195557052,21,-196.27,6.7814412185021675,11
ss_GGGTCC,ss,6,nsp,-211.33,2.269271909666193,21,-211.33,4.862443110207047,8
ss_GGGTCG,ss,6,nsp,-210.3,4.170755926687646,20,-197.75,6.442423922717286,10
ss_GGGTG,ss,5,nsp,-188.71,4.094383714309171,25,-176.55,5.902541655930938,7
ss_GGGTCT,ss,6,nsp,-217.88,2.678183526198311,26,-217.88,5.865275526349977,11
ss_GGGTGA,ss,6,nsp,-191.92,2.2209765869995204,21,-191.92,5.815429390853261,11
ss_GGGTGC,ss,6,nsp,-219.56,2.1871602593317467,28,-219.56,5.713067214728002,8
ss_GGGTGG,ss,6,nsp,-201.15,2.5962499879634198,26,-178.13,6.801511082105216,12
ss_GGGTT,ss,5,nsp,-180.48,4.939689160260998,21,-172.44,6.179171060911,8
ss_GGGTGT,ss,6,nsp,-214.61,2.8858957015110613,27,-214.61,6.385912072679985,13
ss_GGT,ss,3,rebuild-ss-fb,-153.49,2.932483248033995,11,-140.49,5.805730703365429,4
ss_GGGTTA,ss,6,nsp,-206.12,2.5440911933340655,28,-206.12,4.793989778879393,16
ss_GGGTTC,ss,6,nsp,-218.86,2.254172131847971,24,-218.86,5.602939050177155,7
ss_GGGTTG,ss,6,nsp,-178.81,3.067567440171459,21,-176.36,5.966125543432699,11
ss_GGTA,ss,4,rebuild-ss-fb,-185.15,6.213461997952511,12,-140.84,6.564399591737239,10
ss_GGGTTT,ss,6,nsp,-228.51,2.6770920791037525,27,-228.51,5.826726696868501,15
ss_GGTAA,ss,5,nsp,-189.13,3.6195780140784573,23,-153.59,6.072787251336901,11
ss_GGTAAA,ss,6,nsp,-171.3,2.949827283079467,28,-166.6,5.985146698285683,13
ss_GGTAAG,ss,6,nsp,-178.9,2.7485803608408537,29,-165.89,3.539987146869321,14
ss_GGTAAC,ss,6,nsp,-192.11,2.5191296115920636,28,-192.11,5.726283000341492,12
ss_GGTAC,ss,5,nsp,-186.71,3.8557646453070897,23,-140.96,5.341473205025004,9
ss_GGTAAT,ss,6,nsp,-176.96,6.147008703426408,26,-165.72,6.685634824008861,14
ss_GGTACA,ss,6,nsp,-163.64,2.536768022504255,34,-163.64,3.9281286893379592,17
ss_GGTACC,ss,6,nsp,-184.58,2.911626693104734,25,-184.58,5.288268714806393,10
ss_GGTACG,ss,6,nsp,-173.05,2.5607118151014316,17,-173.05,6.163084536171811,8
ss_GGTAG,ss,5,nsp,-193.8,3.995811306856236,23,-144.6,6.455147248514167,9
ss_GGTACT,ss,6,nsp,-182.57,2.393367084255991,27,-176.52,5.260921402188029,11
ss_GGTAGA,ss,6,nsp,-187.2,6.43225442593809,22,-181.33,5.746807287529313,7
ss_GGTAGG,ss,6,nsp,-182.43,2.609240694148402,20,-182.43,6.256051390453888,7
ss_GGTAGC,ss,6,nsp,-209.01,2.9079222823177178,25,-209.01,5.250561969922843,13
ss_GGTAT,ss,5,nsp,-180.09,4.063014275141082,25,-152.77,6.935835133565392,11
ss_GGTAGT,ss,6,nsp,-197.54,5.955613570405646,26,-156.72,4.6884138042625825,12
ss_GGTATA,ss,6,nsp,-176.74,3.3331716127436546,28,-176.74,6.989880184953119,13
ss_GGTATC,ss,6,nsp,-200.71,6.4423182162945265,29,-175.57,6.968040327093419,17
ss_GGTC,ss,4,rebuild-ss-fb,-188.32,6.7222649456860895,14,-135.74,6.707975998764451,11
ss_GGTATG,ss,6,nsp,-179.48,3.5810684159898662,25,-175.72,6.098178334552059,12
ss_GGTATT,ss,6,nsp,-196.5,6.387892923335523,27,-164.89,6.418322833887376,12
ss_GGTCA,ss,5,nsp,-187.81,4.060694275613489,18,-153.66,6.567591719953361,5
ss_GGTCAA,ss,6,nsp,-176.53,2.703570602000257,28,-176.53,6.338811087262344,13
ss_GGTCAC,ss,6,nsp,-196.76,2.8044211523949305,30,-196.76,4.644015719180987,12
ss_GGTCC,ss,5,nsp,-180.99,3.937713168832911,20,-150.35,5.045193058744131,6
ss_GGTCAG,ss,6,nsp,-190.25,2.5467983822831552,23,-190.25,5.958880767392498,9
ss_GGTCAT,ss,6,nsp,-188.56,6.482183274175449,22,-183.86,5.348304778151679,10
ss_GGTCCA,ss,6,nsp,-178.05,2.3840272649447707,29,-178.05,6.448750731730907,13
ss_GGTCCC,ss,6,nsp,-175.59,4.706598028300293,36,-169.31,5.727606393599321,17
ss_GGTCCG,ss,6,nsp,-189.07,2.6142629936561588,25,-189.07,6.113796610944801,7
ss_GGTCG,ss,5,nsp,-198.15,3.6877025368107024,21,-166.61,6.378810077122536,11
ss_GGTCCT,ss,6,nsp,-171.53,3.0924044043430055,26,-166.84,4.379627838070267,10
ss_GGTCGA,ss,6,nsp,-188.13,6.024752775010776,28,-170.66,6.143591457771262,11
ss_GGTCGC,ss,6,nsp,-190.63,3.0648659024498976,26,-190.63,4.694802764760192,10
ss_GGTCGG,ss,6,nsp,-189.76,2.6154504392169335,25,-189.76,6.107734850171547,11
ss_GGTCGT,ss,6,nsp,-189.14,6.226590078044328,24,-184.09,6.21711235220983,9
ss_GGTCT,ss,5,nsp,-178.26,3.6208867698397,23,-160.94,6.815452589520372,14
ss_GGTCTA,ss,6,nsp,-196.22,5.997333574181121,26,-166.29,6.303737066217164,13
ss_GGTCTC,ss,6,nsp,-193.77,5.826663281844943,18,-145.63,6.6187604579709705,7
ss_GGTCTG,ss,6,nsp,-189.59,6.749347894426537,29,-162.05,6.154702673565961,14
ss_GGTG,ss,4,rebuild-ss-fb,-185.13,6.686560700389999,14,-147.43,6.145619334127371,10
ss_GGTGA,ss,5,nsp,-207.99,3.934690966264073,26,-151.34,6.152078104185602,13
ss_GGTCTT,ss,6,nsp,-197.14,6.447017682618832,22,-162.17,5.357747474452292,9
ss_GGTGAA,ss,6,nsp,-180.72,3.20054745317109,24,-180.72,5.955792558509753,8
ss_GGTGAC,ss,6,nsp,-172.95,4.821248074928331,27,-164.46,5.212023983060711,14
ss_GGTGC,ss,5,nsp,-205.53,3.3416359765839307,21,-146.58,6.1741862621725225,8
ss_GGTGAG,ss,6,nsp,-190.29,6.071837530764486,24,-160.3,4.223427754798225,12
ss_GGTGAT,ss,6,nsp,-193.63,6.066579678863539,26,-179.11,3.677734492863794,12
ss_GGTGCA,ss,6,nsp,-188.85,2.5411115677986515,30,-188.85,6.907722634848616,15
ss_GGTGCC,ss,6,nsp,-180.31,2.844709827029817,28,-180.31,4.637942755144782,15
ss_GGTGCG,ss,6,nsp,-169.53,3.880457833812905,22,-151.92,6.0933113329289235,8
ss_GGTGG,ss,5,nsp,-198.47,4.279477538204888,24,-185.54,5.446331793051178,11
ss_GGTGCT,ss,6,nsp,-189.63,4.048561596419176,31,-182.31,3.198948889869924,14
ss_GGTGGA,ss,6,nsp,-190.7,6.5364351905300895,26,-183.08,6.087525030749363,10
ss_GGTGGC,ss,6,nsp,-208.15,3.128640279738128,22,-208.15,6.730999702867318,10
ss_GGTGT,ss,5,nsp,-194.33,3.237716942538382,20,-162.61,6.091129041483185,9
ss_GGTGGG,ss,6,nsp,-187.94,6.274813861781092,25,-170.82,6.1652013754621215,12
ss_GGTGGT,ss,6,nsp,-190.73,5.984010110285585,28,-162.08,6.252881335832308,9
ss_GGTGTA,ss,6,nsp,-193.87,6.4202015544685125,20,-155.39,6.945337500798645,11
ss_GGTGTC,ss,6,nsp,-199.68,6.4365154392730295,30,-161.32,6.521666888150612,14
ss_GGTGTG,ss,6,nsp,-186.92,6.604177844364891,24,-161.92,6.173024704308274,11
ss_GGTT,ss,4,rebuild-ss-fb,-191.39,6.3409794984686885,16,-144.81,6.948118162495504,12
ss_GGTGTT,ss,6,nsp,-168.06,4.982212460343318,24,-160.8,2.4989167653205255,12
ss_GGTTA,ss,5,nsp,-191.09,3.430063264722693,24,-153.05,6.679222185254793,9
ss_GGTTAC,ss,6,nsp,-179.53,2.385482131561677,26,-179.53,6.989841414510052,11
ss_GGTTAA,ss,6,nsp,-197.38,5.158054865935419,26,-150.73,4.754620068943456,10
ss_GGTTC,ss,5,nsp,-183.31,3.3337154947595806,23,-155.11,5.822454207634449,6
ss_GGTTAG,ss,6,nsp,-199.03,6.583284134837275,28,-161.58,5.696198205821151,10
ss_GGTTAT,ss,6,nsp,-198.81,6.307585671237462,24,-149.6,5.534234093350225,13
ss_GGTTCA,ss,6,nsp,-167.77,2.4873304967374197,25,-167.77,6.965427625063652,14
ss_GGTTCC,ss,6,nsp,-178.37,2.771214174328659,26,-178.37,4.620023917687019,11
ss_GGTTCG,ss,6,nsp,-200.26,6.474169367571432,23,-155.46,6.815308797112576,11
ss_GGTTG,ss,5,nsp,-195.3,4.074577155975841,26,-161.19,5.81557563788831,8
ss_GGTTCT,ss,6,nsp,-172.44,2.390669780626347,25,-172.44,6.092256232300159,11
ss_GGTTGA,ss,6,nsp,-200.43,6.227896033172028,26,-166.84,6.905539660301734,12
ss_GGTTGC,ss,6,nsp,-179.97,2.8585286425012364,28,-179.97,4.577216075301677,10
ss_GGTTGG,ss,6,nsp,-206.06,6.290557129539494,26,-177.1,6.090579693264032,12
ss_GGTTGT,ss,6,nsp,-198.22,5.934543706132784,28,-168.65,5.405228949822562,12
ss_GGTTT,ss,5,nsp,-187.84,3.4824762741474813,27,-152.34,6.94465276309767,12
ss_GGTTTA,ss,6,nsp,-205.43,6.403472417368561,23,-159.27,5.96282114439129,12
ss_GGTTTC,ss,6,nsp,-196.41,6.009489911797857,24,-158.71,4.067887535318554,13
ss_GTA,ss,3,rebuild-ss-fb,-140.03,2.9780522157947478,15,-140.03,5.645238790343591,7
ss_GGTTTG,ss,6,nsp,-214.08,5.772359136436324,22,-162.66,5.698567802527213,11
ss_GTAA,ss,4,rebuild-ss-fb,-136.31,6.097563119804497,10,-132.25,5.2460367898061815,5
ss_GGTTTT,ss,6,nsp,-210.34,6.096092026864438,23,-157.8,5.254707032746935,10
ss_GTAAA,ss,5,nsp,-185.44,3.33854384425309,20,-145.63,5.6167632138091745,9
ss_GTAAAA,ss,6,nsp,-208.47,6.083770541366609,31,-179.48,6.260701078952716,12
ss_GTAAAC,ss,6,nsp,-207.05,6.043435612298702,25,-177.01,6.432075015109818,8
ss_GTAAC,ss,5,nsp,-191.8,3.803871843267075,25,-153.19,5.930972432915193,10
ss_GTAAAG,ss,6,nsp,-205.99,6.006505556477918,20,-193.03,6.361191555046876,9
ss_GTAAAT,ss,6,nsp,-217.63,5.387979027427646,23,-177.77,3.730885551715564,11
ss_GTAACA,ss,6,nsp,-200.54,5.890958750492165,22,-179.46,5.877295466453932,10
ss_GTAACG,ss,6,nsp,-182.69,3.0956824772576286,27,-182.69,6.177192889978434,8
ss_GTAACC,ss,6,nsp,-201.28,2.268495757104269,23,-201.28,5.280302737533141,10
ss_GTAAG,ss,5,nsp,-177.72,3.377665614000303,22,-148.82,4.085918011903803,8
ss_GTAACT,ss,6,nsp,-206.84,5.484904921691904,24,-177.26,4.710883250516817,11
ss_GTAAGA,ss,6,nsp,-204.16,5.49194883443028,31,-181.88,3.4745343572916525,11
ss_GTAAGG,ss,6,nsp,-208.27,5.893478853784075,25,-202.38,4.360271780520113,9
ss_GTAAGC,ss,6,nsp,-198.44,6.299235112297376,24,-174.04,3.8982290851103136,7
ss_GTAAGT,ss,6,nsp,-208.43,5.0545815850572655,25,-175.76,5.139216477246318,12
ss_GTAAT,ss,5,nsp,-182.69,3.3589752901740875,22,-143.7,6.897217844899508,10
ss_GTAATA,ss,6,nsp,-189.22,5.693040927307655,20,-174.44,5.881931485490113,9
ss_GTAC,ss,4,rebuild-ss-fb,-135.75,3.1101734678310144,9,-135.75,6.9410244921049005,4
ss_GTAATC,ss,6,nsp,-195.98,5.543658900040679,22,-175.26,5.040311399110167,9
ss_GTAATG,ss,6,nsp,-190.62,5.894499639494443,23,-173.03,5.850433830067653,11
ss_GTACA,ss,5,nsp,-181.21,3.157717688457933,23,-135.35,3.6534940810134184,7
ss_GTAATT,ss,6,nsp,-181.68,5.619450240014576,24,-175.64,5.839286000873741,9
ss_GTACAA,ss,6,nsp,-208.2,5.984868419606251,24,-189.57,6.5676484376068665,9
ss_GTACAC,ss,6,nsp,-208.93,6.025946398699563,22,-184.83,5.810078570897306,9
ss_GTACAG,ss,6,nsp,-203.98,2.5928814087805807,19,-203.98,4.132523926125542,6
ss_GTACC,ss,5,nsp,-184.54,2.8258982642692745,16,-143.48,4.41252875344738,6
ss_GTACAT,ss,6,nsp,-218.48,5.245048998817844,23,-177.07,5.6399342194745525,9
ss_GTACCA,ss,6,nsp,-197.56,6.466881860680608,21,-190.79,5.548598471686336,9
ss_GTACCC,ss,6,nsp,-204.05,2.534108719056875,26,-204.05,6.035952700278549,11
ss_GTACCG,ss,6,nsp,-198.47,2.650813648674682,23,-198.47,6.170709116463041,9
ss_GTACCT,ss,6,nsp,-206.3,5.643537631663332,21,-185.29,5.431338140826814,10
ss_GTACG,ss,5,nsp,-184.11,3.186392945008535,21,-147.96,4.0681128302936616,11
ss_GTACGA,ss,6,nsp,-211.32,6.069203407367409,24,-187.31,6.80123378513045,12
ss_GTACGC,ss,6,nsp,-209.02,5.942548359079634,21,-186.5,6.732947422934471,10
ss_GTACGG,ss,6,nsp,-196.84,6.218674537230588,24,-191.31,6.5680065468907705,8
ss_GTACT,ss,5,nsp,-204.09,3.447572044207364,19,-146.26,3.8230825259206718,8
ss_GTACGT,ss,6,nsp,-214.6,5.540503677464708,25,-176.87,5.116884501334781,12
ss_GTACTA,ss,6,nsp,-188.27,6.069173666983019,17,-163.31,5.46855785376731,7
ss_GTACTC,ss,6,nsp,-199.34,5.858904505110168,24,-175.15,6.0705456921103815,11
ss_GTACTG,ss,6,nsp,-195.73,5.712167189429959,20,-175.86,6.746140229790658,8
ss_GTAG,ss,4,rebuild-ss-fb,-150.73,2.3973431126978904,11,-150.73,2.7115591455839496,8
ss_GTAGA,ss,5,nsp,-176.57,3.222364970018163,22,-139.99,6.594604916141681,8
ss_GTACTT,ss,6,nsp,-191.43,5.171332613553322,18,-177.07,6.597131952598803,5
ss_GTAGAC,ss,6,nsp,-197.23,6.0099777869805875,26,-180.43,6.206384696423522,11
ss_GTAGAG,ss,6,nsp,-198.67,6.1625217240996575,24,-187.96,6.207754585999685,10
ss_GTAGAA,ss,6,nsp,-201.18,6.218053232322807,26,-173.9,5.446162226742792,8
ss_GTAGAT,ss,6,nsp,-206.32,5.602965732538436,23,-155.91,6.3148059352604085,11
ss_GTAGC,ss,5,nsp,-177.07,3.4069402695087057,28,-139.48,5.189902600242115,12
ss_GTAGCA,ss,6,nsp,-189.59,2.837608323923502,23,-189.59,6.515299609380976,7
ss_GTAGCC,ss,6,nsp,-192.98,6.248910385019143,26,-174.01,5.758445797261606,14
ss_GTAGG,ss,5,nsp,-170.61,3.2618425774399604,23,-147.22,6.218723422053767,10
ss_GTAGCG,ss,6,nsp,-187.79,6.353719619246682,24,-173.86,6.06721064410986,12
ss_GTAGCT,ss,6,nsp,-190.85,3.4926690367110442,21,-180.57,3.736616919086038,10
ss_GTAGGA,ss,6,nsp,-197.25,6.260548697997641,26,-169.8,5.063794624587382,12
ss_GTAGGC,ss,6,nsp,-194.46,6.036824496372257,20,-177.34,6.7804663556425115,10
ss_GTAGGG,ss,6,nsp,-198.46,6.330504640232107,24,-183.65,6.1873540386824395,8
ss_GTAGGT,ss,6,nsp,-195.86,5.338666687479194,30,-159.66,4.608883161895083,10
ss_GTAGT,ss,5,nsp,-185.53,3.285085387018134,21,-155.1,6.755883731977626,6
ss_GTAT,ss,4,rebuild-ss-fb,-154.35,2.5857573358689248,10,-154.35,2.5857573358689248,9
ss_GTAGTC,ss,6,nsp,-172.71,6.543912056255038,23,-146.42,2.8396626560209666,7
ss_GTAGTA,ss,6,nsp,-203.04,5.5208297383636245,22,-178.25,6.270214031434648,9
ss_GTAGTG,ss,6,nsp,-190.22,5.357297079684888,23,-182.17,6.688508727661194,10
ss_GTAGTT,ss,6,nsp,-190.04,3.355423967250642,23,-156.95,5.014311318615956,8
ss_GTATA,ss,5,nsp,-187.68,3.2605954977580547,20,-141.94,4.111533655462398,6
ss_GTATAA,ss,6,nsp,-203.31,6.091627450854173,28,-189.74,5.893424641072453,11
ss_GTATAC,ss,6,nsp,-202.39,2.479509023980358,22,-202.39,6.355647409981141,10
ss_GTATC,ss,5,nsp,-185.04,2.8282837552127127,17,-151.55,3.7730678499067634,4
ss_GTATAG,ss,6,nsp,-202.36,6.079230707910335,27,-193.04,6.8219215767993004,11
ss_GTATAT,ss,6,nsp,-216.55,5.605331033935466,17,-181.42,6.496784820201458,9
ss_GTATCA,ss,6,nsp,-205.71,2.2594764880387768,25,-205.71,4.804706962968717,8
ss_GTATCC,ss,6,nsp,-213.36,2.230764218827276,30,-213.36,5.22615623570516,13
ss_GTATCG,ss,6,nsp,-192.99,2.651218587744125,26,-192.99,4.435561971159918,14
ss_GTATG,ss,5,nsp,-187.58,3.4732234307628556,17,-149.1,4.844974819336013,8
ss_GTATCT,ss,6,nsp,-209.33,5.325503356491298,21,-184.33,5.761358693919342,9
ss_GTATGA,ss,6,nsp,-215.48,5.9571453734150275,16,-181.9,6.618263669573751,5
ss_GTATGC,ss,6,nsp,-191.5,3.2188547652853345,27,-168.16,5.148147142419315,9
ss_GTATT,ss,5,nsp,-191.59,3.3741219598586167,15,-138.95,6.314356499280044,5
ss_GTATGG,ss,6,nsp,-205.03,5.935332341158337,26,-199.87,6.135435925832818,10
ss_GTATGT,ss,6,nsp,-210.71,5.342223975087537,26,-175.57,5.778799442790857,12
ss_GTATTA,ss,6,nsp,-211.97,5.39921299820633,25,-160.74,3.8747145701328827,10
ss_GTATTG,ss,6,nsp,-191.25,5.862592771120997,27,-191.2,3.580167733500768,12
ss_GTC,ss,3,rebuild-ss-fb,-132.75,6.231307808157135,11,-123.41,3.3628713921290507,4
ss_GTATTC,ss,6,nsp,-180.66,5.894026213039787,23,-167.49,6.359992216976354,6
ss_GTCA,ss,4,rebuild-ss-fb,-162.1,6.121346338837569,12,-133.82,3.2385972271957613,7
ss_GTCAA,ss,5,nsp,-166.42,5.865797558729756,24,-137.32,5.942792441268677,11
ss_GTATTT,ss,6,nsp,-179.92,2.5187318237557794,23,-179.92,3.549011552531216,11
ss_GTCAAA,ss,6,nsp,-203.91,5.551247877729863,29,-182.72,4.871941912625795,9
ss_GTCAAC,ss,6,nsp,-174.27,2.5593270599905886,23,-174.27,6.526684380296026,12
ss_GTCAC,ss,5,nsp,-196.08,4.302874039522888,25,-156.96,6.781550633888985,11
ss_GTCAAG,ss,6,nsp,-200.94,6.455109681484917,27,-188.24,6.524289616502331,11
ss_GTCAAT,ss,6,nsp,-208.1,5.692560935115234,26,-184.69,6.870005385732958,10
ss_GTCACA,ss,6,nsp,-186.48,6.174819349584257,26,-174.27,6.454251079714837,11
ss_GTCACC,ss,6,nsp,-192.97,6.464160657038158,27,-189.13,5.604799907222378,12
ss_GTCACG,ss,6,nsp,-194.99,6.1575713556563985,24,-174.96,3.18890137821789,11
ss_GTCACT,ss,6,nsp,-190.83,5.767453944332811,23,-166.82,6.33890597816374,10
ss_GTCAG,ss,5,nsp,-206.17,4.64017779831766,19,-158.03,6.59388610759998,10
ss_GTCAGC,ss,6,nsp,-199.95,3.171121883498015,24,-199.95,6.753963132857637,13
ss_GTCAGA,ss,6,nsp,-207.76,5.889782084254054,33,-179.57,5.693552406011562,13
ss_GTCAGG,ss,6,nsp,-206.7,5.878192068995382,26,-178.65,5.934391712720025,13
ss_GTCAGT,ss,6,nsp,-211.83,5.433464272450874,27,-171.07,4.792376654646416,11
ss_GTCAT,ss,5,nsp,-190.68,6.615279888258706,21,-143.98,5.577042406150409,7
ss_GTCATA,ss,6,nsp,-198.57,5.659900175798155,24,-179.5,6.806724395772184,12
ss_GTCATC,ss,6,nsp,-188.62,5.703946791476941,26,-184.46,2.6202635363642393,9
ss_GTCC,ss,4,rebuild-ss-fb,-139.3,2.314446802153805,15,-139.3,5.8748489342280035,10
ss_GTCATG,ss,6,nsp,-173.05,2.396090357227805,26,-173.05,4.296179931055032,12
ss_GTCCA,ss,5,nsp,-195.62,4.518637958500338,16,-147.51,5.8342184566572435,8
ss_GTCATT,ss,6,nsp,-193.72,5.654713166907774,26,-173.0,6.796175247887597,9
ss_GTCCAA,ss,6,nsp,-211.99,5.7923686001496835,26,-186.08,5.01752339306955,11
ss_GTCCAC,ss,6,nsp,-202.93,3.022747425770124,24,-202.93,5.202750522560163,13
ss_GTCCAG,ss,6,nsp,-211.74,6.165361546576168,18,-186.67,4.362264205662016,7
ss_GTCCC,ss,5,nsp,-186.33,4.955382326319556,27,-146.95,4.729647238431204,12
ss_GTCCAT,ss,6,nsp,-217.24,5.452339864681976,26,-173.68,5.815211862004696,10
ss_GTCCCA,ss,6,nsp,-174.27,4.438982541078533,24,-170.06,6.4768601189156305,14
ss_GTCCCG,ss,6,nsp,-174.26,5.245376440256713,29,-163.59,6.917206806218804,13
ss_GTCCCC,ss,6,nsp,-187.58,2.2756311212496856,28,-187.58,5.477818361355191,11
ss_GTCCG,ss,5,nsp,-201.0,4.736633614709938,19,-134.51,6.081097269407885,8
ss_GTCCCT,ss,6,nsp,-201.5,5.603109583079759,21,-170.0,3.3384346631318103,9
ss_GTCCGA,ss,6,nsp,-206.8,6.12112040397836,21,-170.52,6.8231550619929635,6
ss_GTCCGC,ss,6,nsp,-191.62,3.0880895388572958,24,-182.99,5.88375152432528,12
ss_GTCCGG,ss,6,nsp,-206.93,2.181938587586742,25,-206.93,4.954354347440231,9
ss_GTCCGT,ss,6,nsp,-214.82,5.714065890414643,23,-166.59,5.86474415469251,9
ss_GTCCT,ss,5,nsp,-188.25,4.42773903928406,19,-149.31,4.471447416664975,10
ss_GTCCTA,ss,6,nsp,-184.52,6.0279799269738925,23,-177.8,5.518619845577328,10
ss_GTCCTC,ss,6,nsp,-194.71,5.605835798522826,24,-181.75,5.846108876851334,7
ss_GTCG,ss,4,rebuild-ss-fb,-146.51,2.294864048260811,15,-146.51,4.670951616105654,9
ss_GTCCTG,ss,6,nsp,-176.79,6.68982996794389,23,-165.83,4.248729692508119,11
ss_GTCCTT,ss,6,nsp,-180.42,5.2140017261216975,16,-161.41,6.142293138559903,5
ss_GTCGA,ss,5,nsp,-211.37,3.884670127565549,24,-136.74,6.191368830880608,9
ss_GTCGAA,ss,6,nsp,-202.45,6.057747518673933,28,-176.38,5.306678151160101,11
ss_GTCGAC,ss,6,nsp,-205.72,6.185387457548652,20,-187.2,6.989057232560067,9
ss_GTCGAG,ss,6,nsp,-199.82,5.3714983012191535,29,-186.09,6.357608119410927,12
ss_GTCGC,ss,5,nsp,-205.11,4.371391769219527,15,-134.99,3.781842275928505,5
ss_GTCGAT,ss,6,nsp,-201.28,5.40553170372722,22,-174.43,3.9802474797429377,9
ss_GTCGCA,ss,6,nsp,-179.93,6.887527422812933,29,-166.6,2.708710763444501,10
ss_GTCGCC,ss,6,nsp,-193.18,6.0347094379099895,30,-184.34,5.44873425668751,14
ss_GTCGCG,ss,6,nsp,-181.23,4.68024764302062,29,-178.75,4.968928757790756,13
ss_GTCGG,ss,5,nsp,-214.22,3.6844892454721743,18,-177.24,6.071049826842155,9
ss_GTCGCT,ss,6,nsp,-183.53,6.331210547754689,27,-176.61,6.216189347180475,12
ss_GTCGGC,ss,6,nsp,-195.8,5.976001087683988,28,-180.19,6.362704849354553,13
ss_GTCGGA,ss,6,nsp,-197.01,5.65265787041814,28,-186.29,5.03510287879008,11
ss_GTCGT,ss,5,nsp,-210.0,4.402663171308951,31,-149.0,3.0447052402490566,12
ss_GTCGGG,ss,6,nsp,-193.05,6.32318993863066,22,-188.23,4.0842001664952745,9
ss_GTCGGT,ss,6,nsp,-201.18,5.571385644523281,27,-188.94,5.664126852393056,13
ss_GTCGTA,ss,6,nsp,-200.59,6.146977631324213,19,-152.65,4.793304079651125,8
ss_GTCGTC,ss,6,nsp,-197.63,2.9386712983932153,25,-197.63,2.9386712983932153,9
ss_GTCGTG,ss,6,nsp,-185.42,2.6916671413828244,25,-185.42,6.086996303596709,11
ss_GTCT,ss,4,rebuild-ss-fb,-156.4,2.6120922648329246,12,-156.4,2.6120922648329246,7
ss_GTCTA,ss,5,nsp,-204.3,4.666565117942769,20,-155.56,4.228882712963311,7
ss_GTCGTT,ss,6,nsp,-178.15,3.10809604098717,27,-178.15,3.510525886530403,10
ss_GTCTAA,ss,6,nsp,-199.27,2.927617802924416,28,-199.27,6.086586399616788,13
ss_GTCTAC,ss,6,nsp,-187.13,2.8668798370353783,25,-187.13,6.786389098777057,11
ss_GTCTAG,ss,6,nsp,-172.27,4.9113749602326395,29,-171.93,4.689164637757986,13
ss_GTCTC,ss,5,nsp,-197.85,4.8960233863820655,18,-151.13,5.601340553831734,7
ss_GTCTAT,ss,6,nsp,-206.16,5.687950158009494,25,-169.61,6.530391259335077,10
ss_GTCTCA,ss,6,nsp,-183.75,2.570082683494843,29,-183.75,5.119657117424954,15
ss_GTCTCC,ss,6,nsp,-192.36,2.156364996933505,29,-192.36,5.324946948092526,14
ss_GTCTCG,ss,6,nsp,-177.03,2.6304794239833806,28,-177.03,4.503397384197845,14
ss_GTCTG,ss,5,nsp,-206.42,4.834535241365004,16,-152.81,3.9748893066348305,8
ss_GTCTCT,ss,6,nsp,-191.18,2.7265797255902853,26,-191.18,5.706757485648053,13
ss_GTCTGA,ss,6,nsp,-188.12,3.2983321542864608,27,-188.12,5.144156296225843,14
ss_GTCTGC,ss,6,nsp,-186.02,2.8088777118272525,24,-186.02,5.962277165647378,8
ss_GTCTGG,ss,6,nsp,-167.62,5.181386976476475,25,-167.39,4.790892818671692,15
ss_GTCTGT,ss,6,nsp,-215.71,5.370687293075269,27,-173.06,5.448321301098147,12
ss_GTCTT,ss,5,nsp,-190.25,4.950253124841196,19,-141.76,6.72026085803224,8
ss_GTCTTA,ss,6,nsp,-184.31,6.2388420399942826,24,-183.28,5.955380592371912,12
ss_GTCTTC,ss,6,nsp,-185.61,2.5149109328165133,27,-185.61,6.343225283718063,9
ss_GTCTTG,ss,6,nsp,-170.44,2.712023783081574,18,-170.44,6.0906762350333565,7
ss_GTG,ss,3,rebuild-ss-fb,-134.98,3.417023997574509,12,-134.98,6.720545439173814,6
ss_GTGA,ss,4,rebuild-ss-fb,-150.17,6.900586859101192,12,-140.58,6.777546532485047,7
ss_GTCTTT,ss,6,nsp,-184.26,3.0371004263935593,24,-184.26,3.1678570043485257,9
ss_GTGAA,ss,5,nsp,-171.21,3.6833248567021806,21,-151.58,6.236030548353657,9
ss_GTGAAA,ss,6,nsp,-213.55,2.602429826143247,23,-213.55,4.724629191799085,10
ss_GTGAAC,ss,6,nsp,-195.45,3.24887949915043,22,-195.45,6.292373161216685,12
ss_GTGAC,ss,5,nsp,-183.36,3.066734256501545,23,-153.53,4.015018057244568,7
ss_GTGAAT,ss,6,nsp,-190.62,6.08896485455451,21,-150.99,2.6548704299833537,8
ss_GTGACA,ss,6,nsp,-191.15,2.4134226733003157,28,-191.15,5.457340561115827,14
ss_GTGAAG,ss,6,nsp,-178.53,2.453282902561384,27,-178.53,4.450956077069287,13
ss_GTGACC,ss,6,nsp,-210.2,2.3381918227553706,26,-210.2,4.980888876495836,12
ss_GTGACG,ss,6,nsp,-174.76,2.583914859278451,30,-174.76,4.328785279960188,15
ss_GTGACT,ss,6,nsp,-207.61,2.5932498915453612,24,-207.61,5.506798071474931,11
ss_GTGAG,ss,5,nsp,-175.11,3.009024758954325,26,-162.29,6.878672764421919,12
ss_GTGAGA,ss,6,nsp,-202.37,2.4128677957981877,27,-202.37,5.330054877766276,14
ss_GTGAGC,ss,6,nsp,-197.25,2.6393523826878527,30,-197.25,6.048811618822327,19
ss_GTGAGG,ss,6,nsp,-186.54,5.552600201707323,24,-181.91,5.185752308007002,11
ss_GTGAGT,ss,6,nsp,-219.36,5.141208612768021,26,-179.69,5.771507082209979,13
ss_GTGAT,ss,5,nsp,-171.29,3.8618028173380394,22,-151.23,4.9242581167115915,8
ss_GTGATA,ss,6,nsp,-205.02,5.702997282131569,24,-184.67,4.088505472663568,10
ss_GTGATC,ss,6,nsp,-197.33,2.4052105936902985,24,-197.33,6.730821420896561,8
ss_GTGATG,ss,6,nsp,-188.7,5.735532320543592,23,-170.69,6.110113992389989,8
ss_GTGC,ss,4,rebuild-ss-fb,-142.11,3.072938333256965,9,-142.11,6.3105500552646,7
ss_GTGATT,ss,6,nsp,-184.12,5.534409001871859,24,-176.52,5.4093190883881235,9
ss_GTGCA,ss,5,nsp,-175.99,3.4432985638773976,27,-157.48,3.9812746702532262,11
ss_GTGCAA,ss,6,nsp,-188.8,2.2593957156726634,27,-188.8,5.644973073452165,14
ss_GTGCAC,ss,6,nsp,-206.23,2.4802001935327866,24,-206.23,6.6966117552087585,8
ss_GTGCAG,ss,6,nsp,-179.42,1.9315563672851936,27,-179.42,3.7430241783883678,11
ss_GTGCC,ss,5,nsp,-183.88,3.567017381510789,22,-162.41,4.9091349543478655,10
ss_GTGCAT,ss,6,nsp,-215.63,5.663609008397389,20,-169.34,6.463206943924968,10
ss_GTGCCA,ss,6,nsp,-201.15,2.595812204301385,29,-201.15,4.672125212363215,17
ss_GTGCCC,ss,6,nsp,-211.56,2.482779692199859,30,-211.56,5.320529860831528,12
ss_GTGCCG,ss,6,nsp,-171.13,2.526742764905049,26,-171.13,5.565974038746497,13
ss_GTGCG,ss,5,nsp,-173.65,3.512192762363723,20,-163.38,5.1489945620480135,9
ss_GTGCCT,ss,6,nsp,-210.62,2.612087479392685,28,-210.62,5.372660886376523,12
ss_GTGCGA,ss,6,nsp,-192.38,2.434191857680897,27,-192.38,4.437914600350037,11
ss_GTGCGC,ss,6,nsp,-203.65,2.6567965672968,29,-157.87,4.038427788137373,9
ss_GTGCGG,ss,6,nsp,-187.46,5.546281637277356,28,-186.14,5.503035707679906,12
ss_GTGCGT,ss,6,nsp,-218.25,5.1826384207274225,23,-183.2,6.684152676293379,10
ss_GTGCT,ss,5,nsp,-176.01,2.9389889417961648,20,-160.34,4.400001931817744,7
ss_GTGCTA,ss,6,nsp,-203.39,5.925287250420856,18,-175.43,3.158605388458657,9
ss_GTGCTC,ss,6,nsp,-205.08,2.580836686038079,28,-205.08,6.565338072026462,15
ss_GTGCTG,ss,6,nsp,-182.5,6.033444207084375,21,-174.94,6.122363677534999,8
ss_GTGG,ss,4,rebuild-ss-fb,-154.85,6.8761984409992225,13,-130.83,6.731861183952027,7
ss_GTGCTT,ss,6,nsp,-185.49,5.161644311651085,18,-170.8,6.476828390501025,7
ss_GTGGA,ss,5,nsp,-181.5,3.19184460774645,23,-150.55,5.465480399745304,9
ss_GTGGAA,ss,6,nsp,-199.03,6.355749759076431,30,-178.67,4.4787305120982746,13
ss_GTGGAC,ss,6,nsp,-207.78,2.5779873932973634,22,-181.9,5.633201665127922,13
ss_GTGGC,ss,5,nsp,-180.18,3.239701992467838,23,-148.68,5.564961096000586,9
ss_GTGGAT,ss,6,nsp,-198.04,6.011912424511856,15,-182.72,3.5059666284777977,7
ss_GTGGAG,ss,6,nsp,-203.62,5.3845632134835535,26,-186.61,6.947392460484729,10
ss_GTGGCA,ss,6,nsp,-195.4,2.299170937533781,20,-195.4,4.375516998024339,7
ss_GTGGCC,ss,6,nsp,-202.6,2.429928805541418,28,-202.6,5.322403592363141,10
ss_GTGGCG,ss,6,nsp,-165.83,2.152014172815796,25,-165.83,5.455168100068047,11
ss_GTGGG,ss,5,nsp,-181.1,3.405112626624863,22,-153.35,5.48827604990857,9
ss_GTGGCT,ss,6,nsp,-179.46,6.705069276301334,30,-168.57,6.048387719053729,11
ss_GTGGGG,ss,6,nsp,-200.34,5.565736788602223,18,-191.4,3.5756592399164737,5
ss_GTGGGC,ss,6,nsp,-205.55,3.1439265258590314,26,-205.55,5.4032539270332345,13
ss_GTGGGA,ss,6,nsp,-211.91,6.05951838020152,23,-184.21,6.72712895669469,7
ss_GTGGGT,ss,6,nsp,-205.9,6.301914391674964,20,-167.17,4.970612235932308,9
ss_GTGGT,ss,5,nsp,-186.02,2.892044951241276,24,-160.37,5.816684278865413,10
ss_GTGGTA,ss,6,nsp,-195.41,6.194563180725505,18,-142.61,3.309880209312712,7
ss_GTGGTC,ss,6,nsp,-201.05,2.7995810400844015,27,-201.05,2.7995810400844015,6
ss_GTGT,ss,4,rebuild-ss-fb,-152.76,2.5373194517048896,11,-152.76,2.5373194517048896,7
ss_GTGGTG,ss,6,nsp,-180.82,6.304384268110574,19,-160.98,6.168333405385912,7
ss_GTGTA,ss,5,nsp,-183.34,4.291689876959911,22,-158.28,5.85580071382215,8
ss_GTGGTT,ss,6,nsp,-190.63,6.002142784039704,26,-174.08,6.0129782138304995,7
ss_GTGTAA,ss,6,nsp,-204.14,2.475470056373127,24,-204.14,4.59684902949835,10
ss_GTGTAC,ss,6,nsp,-207.85,2.598542283665992,21,-207.85,6.597817896850459,8
ss_GTGTAG,ss,6,nsp,-183.93,2.5013986087787012,22,-183.93,4.504854936621144,13
ss_GTGTC,ss,5,nsp,-185.87,3.6588905422272697,20,-163.58,4.836650597262525,6
ss_GTGTCA,ss,6,nsp,-216.13,2.3671024481420218,23,-216.13,4.363363610793868,9
ss_GTGTAT,ss,6,nsp,-221.38,2.364636547125157,27,-221.38,5.416200697906234,14
ss_GTGTCC,ss,6,nsp,-206.19,2.154195441458374,30,-206.19,5.325352007144707,11
ss_GTGTCG,ss,6,nsp,-178.39,2.4793388231542517,23,-178.39,4.5730291929967075,9
ss_GTGTG,ss,5,nsp,-193.09,3.476082277507277,18,-160.52,5.77270482529637,7
ss_GTGTCT,ss,6,nsp,-213.88,2.6824988350416867,23,-213.88,5.369276115082935,10
ss_GTGTGA,ss,6,nsp,-197.26,2.4780673921425103,19,-197.26,5.034234201941748,11
ss_GTGTGT,ss,6,nsp,-210.32,2.740813200493621,21,-210.32,5.798822725346946,7
ss_GTGTGC,ss,6,nsp,-204.61,2.8922575957199963,21,-204.61,6.9490532448672475,10
ss_GTGTT,ss,5,nsp,-194.42,3.7433382160846898,20,-168.19,5.095050245090826,9
ss_GTGTGG,ss,6,nsp,-183.3,2.0806282704990924,18,-183.3,5.206331626010777,6
ss_GTGTTA,ss,6,nsp,-219.42,2.8650776603785144,26,-219.42,4.9779395335821555,11
ss_GTGTTC,ss,6,nsp,-200.59,2.628727638991924,25,-184.13,6.361147302177499,11
ss_GTGTTG,ss,6,nsp,-195.39,2.805158462547186,22,-195.39,6.969970444700594,10
ss_GTT,ss,3,rebuild-ss-fb,-131.93,5.651807763892907,13,-127.64,6.645959599636475,3
ss_GTTA,ss,4,rebuild-ss-fb,-142.75,6.270534905412771,17,-132.16,3.2867925094231376,10
ss_GTGTTT,ss,6,nsp,-189.35,6.65948511523227,17,-160.94,4.092706195172095,7
ss_GTTAA,ss,5,nsp,-185.09,3.316920559796415,25,-139.91,5.819193844511446,10
ss_GTTAAA,ss,6,nsp,-200.11,6.276899314151852,22,-186.62,5.790627772530353,7
ss_GTTAAC,ss,6,nsp,-170.53,4.231556451236356,23,-150.02,6.172207708753835,10
ss_GTTAAG,ss,6,nsp,-180.41,3.0132137328772335,25,-180.41,6.6662724216761555,15
ss_GTTAC,ss,5,nsp,-184.14,3.4598154575063904,20,-149.76,4.445147579102401,11
ss_GTTAAT,ss,6,nsp,-206.56,5.765708802914027,19,-146.43,4.279615403281019,3
ss_GTTACA,ss,6,nsp,-184.45,5.9151879936313145,23,-174.15,6.520195472529958,11
ss_GTTACC,ss,6,nsp,-194.41,5.915289172982166,27,-148.95,3.7856617651343374,10
ss_GTTACG,ss,6,nsp,-194.73,5.80276942502458,30,-177.89,3.033772239308667,14
ss_GTTACT,ss,6,nsp,-179.26,5.451583806564842,22,-167.98,5.800984313028242,9
ss_GTTAG,ss,5,nsp,-194.37,4.1533841623428165,24,-148.59,5.7283116186185365,11
ss_GTTAGA,ss,6,nsp,-197.69,6.240877342169136,28,-178.48,6.128319345464957,14
ss_GTTAGC,ss,6,nsp,-209.59,2.8045693073981828,25,-209.59,5.336465215852164,12
ss_GTTAGG,ss,6,nsp,-187.17,2.7621571280432313,30,-187.17,6.425153227744854,12
ss_GTTAT,ss,5,nsp,-188.96,4.282521103275505,26,-154.84,4.253105453665582,12
ss_GTTAGT,ss,6,nsp,-211.48,5.334642724681768,28,-183.69,5.274288767217809,13
ss_GTTATA,ss,6,nsp,-190.22,5.396765327490191,26,-169.78,3.0670836310736678,10
ss_GTTATC,ss,6,nsp,-190.26,6.0493626937058576,26,-180.75,3.4666480928989616,11
ss_GTTC,ss,4,rebuild-ss-fb,-143.43,2.7536715490413846,19,-143.43,5.279490979251687,12
ss_GTTATG,ss,6,nsp,-184.68,3.1043145781315236,23,-171.66,6.2963280568915865,9
ss_GTTCA,ss,5,nsp,-182.04,3.4658032258049634,20,-147.84,5.5056747088799165,9
ss_GTTATT,ss,6,nsp,-175.34,5.521123255280593,25,-168.51,6.077014809921076,10
ss_GTTCAA,ss,6,nsp,-208.01,6.1993291572556535,24,-185.82,5.643510432346158,8
ss_GTTCAC,ss,6,nsp,-212.2,2.3339196644271913,22,-212.2,5.0335970239978485,11
ss_GTTCAG,ss,6,nsp,-188.72,2.1668627090796497,27,-188.72,6.875200215266471,10
ss_GTTCC,ss,5,nsp,-179.64,4.343037416371185,18,-155.5,4.220482673818234,9
ss_GTTCAT,ss,6,nsp,-214.17,5.486104446690752,23,-150.39,6.495233175183167,9
ss_GTTCCA,ss,6,nsp,-175.38,2.7303016316883406,25,-175.38,6.687019515449309,10
ss_GTTCCC,ss,6,nsp,-169.6,5.673783041322614,26,-157.79,4.3578803333730995,12
ss_GTTCCG,ss,6,nsp,-170.12,6.090074630084589,26,-165.92,5.952999748026188,10
ss_GTTCCT,ss,6,nsp,-200.63,5.696583010893478,23,-164.42,4.222917001315568,7
ss_GTTCG,ss,5,nsp,-176.24,3.581354073531435,22,-167.95,5.742834317651873,9
ss_GTTCGA,ss,6,nsp,-203.78,6.236731275275544,21,-180.28,6.312482396015046,6
ss_GTTCGC,ss,6,nsp,-193.3,3.2683214346205354,25,-193.3,6.470334226297747,10
ss_GTTCGG,ss,6,nsp,-182.62,2.879520272545421,27,-182.62,6.424181426454275,15
ss_GTTCT,ss,5,nsp,-174.0,3.854791044920613,21,-142.02,6.021983975402127,9
ss_GTTCGT,ss,6,nsp,-214.11,5.49703092587262,27,-168.16,5.732591996645154,9
ss_GTTCTC,ss,6,nsp,-192.22,5.954862382960675,21,-174.56,2.776415134665578,10
ss_GTTCTA,ss,6,nsp,-191.12,5.9188259815608655,24,-186.84,3.8237229240623725,10
ss_GTTCTG,ss,6,nsp,-181.58,2.776600439386283,26,-181.58,6.236196998171248,8
ss_GTTG,ss,4,rebuild-ss-fb,-154.36,2.343829558649688,20,-154.36,2.613403336647462,9
ss_GTTCTT,ss,6,nsp,-182.58,6.517212364193775,25,-169.35,6.828394467222896,10
ss_GTTGA,ss,5,nsp,-199.36,4.360590212345123,23,-144.71,5.548424100589298,13
ss_GTTGAA,ss,6,nsp,-196.28,6.044408821381971,24,-178.29,6.264720903599784,7
ss_GTTGAC,ss,6,nsp,-199.78,6.168252750982251,25,-160.94,6.226912075820572,11
ss_GTTGC,ss,5,nsp,-189.68,3.826912463069952,22,-140.88,5.466683546721914,8
ss_GTTGAG,ss,6,nsp,-195.32,6.061106252162238,24,-191.8,4.988745533698824,6
ss_GTTGAT,ss,6,nsp,-192.73,5.7338441729785385,23,-167.76,6.050024628049049,9
ss_GTTGCA,ss,6,nsp,-185.11,3.267050045530362,25,-185.11,6.91362668937222,12
ss_GTTGCC,ss,6,nsp,-186.14,6.180686531446169,33,-183.75,6.589084761937736,15
ss_GTTGCG,ss,6,nsp,-185.05,2.7422798908936943,26,-185.05,4.71639745992638,12
ss_GTTGCT,ss,6,nsp,-187.09,2.778738922605006,25,-187.09,2.778738922605006,10
ss_GTTGG,ss,5,nsp,-183.42,3.743668922327412,25,-157.65,5.197669670150269,15
ss_GTTGGA,ss,6,nsp,-194.44,6.085533830322539,30,-170.32,6.748646160527307,14
ss_GTTGGC,ss,6,nsp,-192.94,6.4670551257895,24,-180.45,6.95391939843999,11
ss_GTTGGG,ss,6,nsp,-192.3,6.149796582001719,29,-191.68,4.809422106656887,15
ss_GTTGT,ss,5,nsp,-187.01,4.048342129810682,20,-152.79,6.395171068861261,10
ss_GTTGGT,ss,6,nsp,-207.21,6.577958801938488,20,-168.59,5.172672520080902,7
ss_GTTGTA,ss,6,nsp,-170.68,5.009954989817776,28,-167.31,3.9473093367508083,11
ss_GTTT,ss,4,rebuild-ss-fb,-144.27,5.924652394866731,13,-133.39,2.3513083591906847,7
ss_GTTGTG,ss,6,nsp,-182.04,3.1826393135258093,26,-182.04,6.9845047068492905,10
ss_GTTGTC,ss,6,nsp,-181.55,3.973462595772099,30,-181.55,6.527236168547925,11
ss_GTTGTT,ss,6,nsp,-187.67,2.6752923204763928,25,-187.67,5.544772673428549,9
ss_GTTTA,ss,5,nsp,-193.54,3.882061436917268,19,-154.47,4.673834186190168,8
ss_GTTTAA,ss,6,nsp,-175.92,2.316495629177841,21,-175.92,5.61671914911187,11
ss_GTTTAC,ss,6,nsp,-165.33,4.635440108554958,27,-161.07,5.697985696717752,11
ss_GTTTC,ss,5,nsp,-161.07,2.460705793060201,20,-161.07,4.502853317619836,10
ss_GTTTAT,ss,6,nsp,-213.62,5.4611582104897956,25,-169.93,3.107855369865214,11
ss_GTTTAG,ss,6,nsp,-187.08,6.680888039774354,25,-175.39,6.118558735519348,9
ss_GTTTCA,ss,6,nsp,-173.58,5.032438971314016,22,-167.48,4.356495610005811,9
ss_GTTTCC,ss,6,nsp,-176.21,3.3123712050432967,32,-158.95,6.335261951963798,13
ss_GTTTCG,ss,6,nsp,-177.49,5.2650351375845625,27,-172.72,3.6866962174825324,11
ss_GTTTG,ss,5,nsp,-185.84,3.9544912441425586,20,-147.39,5.580260388189792,9
ss_GTTTCT,ss,6,nsp,-180.01,6.237960163386761,27,-179.56,6.050652609429846,12
ss_GTTTGA,ss,6,nsp,-176.65,3.275548656332251,24,-176.65,5.312942028669251,15
ss_GTTTGC,ss,6,nsp,-172.52,3.117433880613996,25,-172.52,4.765739606818667,13
ss_GTTTGG,ss,6,nsp,-189.32,6.46079213409626,27,-185.02,6.50864348386053,14
ss_GTTTGT,ss,6,nsp,-210.24,5.476307971617388,32,-170.62,5.385630232386919,15
ss_GTTTT,ss,5,nsp,-175.68,4.284128849602929,23,-159.06,3.948167929559215,13
ss_GTTTTA,ss,6,nsp,-169.63,3.228360264902294,22,-166.92,6.006156674613147,9
ss_TAA,ss,3,rebuild-ss-fb,-139.57,3.0865417541319538,11,-122.27,2.5868291400863694,5
ss_TAAA,ss,4,rebuild-ss-fb,-131.14,3.0987136040621746,12,-131.14,6.586165348668371,8
ss_GTTTTC,ss,6,nsp,-179.81,5.0537147723234215,25,-160.62,6.594236119521354,11
ss_GTTTTG,ss,6,nsp,-178.66,2.5223249195930344,19,-178.66,3.865176321980667,10
ss_GTTTTT,ss,6,nsp,-176.01,5.221425954660292,26,-161.2,5.430423740372382,7
ss_TAAAA,ss,5,nsp,-177.13,4.398261133675431,26,-147.56,3.624794752810149,13
ss_TAAAAA,ss,6,nsp,-205.19,2.307443173731471,25,-205.19,5.658910319133883,13
ss_TAAAAC,ss,6,nsp,-192.73,6.202309005523662,27,-186.25,6.454109466068899,12
ss_TAAAC,ss,5,nsp,-169.68,6.128954070638816,25,-150.12,6.442943193913786,9
ss_TAAAAG,ss,6,nsp,-220.86,2.4389302983070387,27,-220.86,6.049308803491532,15
ss_TAAAAT,ss,6,nsp,-193.82,5.805923613000778,24,-162.16,3.5685141165476715,12
ss_TAAACC,ss,6,nsp,-191.0,4.654022776050868,23,-141.01,4.680535225804835,7
ss_TAAACA,ss,6,nsp,-192.36,3.2496195161895587,24,-192.36,6.948348149020756,11
ss_TAAACG,ss,6,nsp,-223.02,2.2893719662824634,22,-223.02,5.824635095866531,10
ss_TAAACT,ss,6,nsp,-196.66,5.641103260887899,24,-176.68,5.8421817842309505,14
ss_TAAAG,ss,5,nsp,-179.51,3.3485089218934787,23,-145.23,5.78834872826439,7
ss_TAAAGC,ss,6,nsp,-189.64,5.8028797161409615,19,-161.96,4.688420096365095,6
ss_TAAAGA,ss,6,nsp,-195.58,2.91990650535253,26,-195.58,6.656840391657291,11
ss_TAAAGG,ss,6,nsp,-215.03,2.312593565674707,24,-215.03,5.9489697427369785,13
ss_TAAAT,ss,5,nsp,-176.39,5.899988983040558,27,-163.17,5.858249653266746,9
ss_TAAAGT,ss,6,nsp,-189.07,4.058115449318817,21,-183.42,6.944904103009636,8
ss_TAAATA,ss,6,nsp,-181.75,4.787336106855262,20,-176.06,3.3435843043057987,10
ss_TAAATC,ss,6,nsp,-181.85,5.832769582282512,21,-172.89,6.6002319656206,10
ss_TAAATG,ss,6,nsp,-197.57,4.996788068349528,24,-168.17,5.892902680343526,14
ss_TAAC,ss,4,rebuild-ss-fb,-122.08,2.7134514921037587,8,-122.08,6.068847501791426,4
ss_TAAATT,ss,6,nsp,-181.47,2.9225786559133082,23,-181.47,6.8382059050601764,13
ss_TAACA,ss,5,nsp,-165.15,3.147065458486691,24,-160.75,5.721575744495576,9
ss_TAACAC,ss,6,nsp,-204.84,5.904990008458946,23,-175.91,2.8468176970083756,10
ss_TAACAA,ss,6,nsp,-204.43,2.176298922482853,28,-204.43,5.6788099985824605,14
ss_TAACAG,ss,6,nsp,-213.74,2.0605741918213063,28,-213.74,5.7041975772232965,10
ss_TAACC,ss,5,nsp,-179.63,4.583148044739569,27,-167.77,5.692669321153304,11
ss_TAACAT,ss,6,nsp,-195.78,5.662720635878137,29,-175.81,3.5309811667580413,12
ss_TAACCA,ss,6,nsp,-206.41,2.67504616782589,20,-206.41,6.175868683837093,9
ss_TAACCC,ss,6,nsp,-197.65,5.633809900946268,21,-152.56,4.278389650324054,11
ss_TAACCG,ss,6,nsp,-200.88,2.6354601116313563,20,-200.88,6.917567780658172,8
ss_TAACCT,ss,6,nsp,-196.15,5.702971681500812,26,-181.99,5.81557950680756,9
ss_TAACG,ss,5,nsp,-169.83,4.096968025259654,23,-155.5,4.56273919920918,8
ss_TAACGA,ss,6,nsp,-191.41,6.290263825945633,23,-190.82,3.042917350175666,7
ss_TAACGC,ss,6,nsp,-198.37,5.858895288362818,25,-190.2,5.967644258834473,10
ss_TAACGG,ss,6,nsp,-216.51,2.3215826498318046,28,-216.51,6.096584781662609,16
ss_TAACT,ss,5,nsp,-171.92,3.304557307719161,23,-145.87,5.794051863765116,9
ss_TAACGT,ss,6,nsp,-197.95,5.546169669240198,25,-196.08,3.631817313687457,12
ss_TAACTC,ss,6,nsp,-189.29,2.5563444603573946,24,-189.29,3.0138548405654837,8
ss_TAACTA,ss,6,nsp,-190.45,4.35741322346185,21,-168.3,4.2876916866771095,7
ss_TAACTG,ss,6,nsp,-195.77,5.075994680848294,22,-183.64,5.941219908402656,11
ss_TAAG,ss,4,rebuild-ss-fb,-138.39,6.760674152775016,9,-133.39,3.9190024240870347,6
ss_TAACTT,ss,6,nsp,-182.81,5.81780190449967,25,-164.97,5.271657234684362,6
ss_TAAGA,ss,5,nsp,-173.16,3.423995473127871,25,-150.95,4.6060345200617085,13
ss_TAAGAA,ss,6,nsp,-210.85,2.6177282135470104,28,-210.85,5.918604227349554,10
ss_TAAGAC,ss,6,nsp,-186.23,5.446114578302615,24,-173.41,4.238248930867573,10
ss_TAAGC,ss,5,nsp,-176.43,6.166937813858683,26,-139.5,3.95663733490953,12
ss_TAAGAG,ss,6,nsp,-218.04,2.276714518774812,25,-218.04,5.773117442075826,8
ss_TAAGAT,ss,6,nsp,-175.88,5.549468172717117,25,-167.3,4.276884496920629,11
ss_TAAGCA,ss,6,nsp,-184.84,2.653446249691148,25,-184.84,6.864946176045359,8
ss_TAAGCC,ss,6,nsp,-198.57,2.769202412247964,28,-198.57,6.971969305727056,11
ss_TAAGCG,ss,6,nsp,-221.79,2.4870952937111372,21,-221.79,5.871740542632992,10
ss_TAAGG,ss,5,nsp,-186.23,3.127401956896496,24,-186.23,4.6326848586969644,10
ss_TAAGCT,ss,6,nsp,-190.15,4.490241307546863,25,-175.53,5.761566800792999,10
ss_TAAGGA,ss,6,nsp,-191.48,6.0176650787494035,29,-171.81,3.879904251395915,11
ss_TAAGGG,ss,6,nsp,-212.12,2.3738241299641474,26,-212.12,6.087055199355438,14
ss_TAAGGC,ss,6,nsp,-185.58,5.904032689611399,28,-164.35,6.299037783661896,13
ss_TAAGGT,ss,6,nsp,-207.41,3.9028841899293027,25,-157.75,3.428611672382838,7
ss_TAAGT,ss,5,nsp,-190.02,6.576238894687455,27,-151.83,6.427356766198694,11
ss_TAAGTA,ss,6,nsp,-174.93,6.061489585902132,23,-163.47,3.591054580481915,8
ss_TAAGTG,ss,6,nsp,-210.89,5.639947251526389,24,-155.98,4.332488199637725,7
ss_TAAT,ss,4,rebuild-ss-fb,-133.09,6.389353018890111,11,-132.75,3.0663375548037655,7
ss_TAAGTC,ss,6,nsp,-191.64,5.6951823500218275,21,-167.99,4.0241746979971005,7
ss_TAAGTT,ss,6,nsp,-180.01,5.780566321737,23,-172.22,5.851888669481009,8
ss_TAATA,ss,5,nsp,-170.22,6.311732646429196,23,-157.37,5.844846619031173,10
ss_TAATAA,ss,6,nsp,-198.55,2.8054839154769766,20,-198.55,6.118729443274974,12
ss_TAATAC,ss,6,nsp,-198.96,5.6837543930046905,23,-188.13,6.575834775904878,9
ss_TAATC,ss,5,nsp,-182.88,4.91011853217414,29,-161.22,6.126093453417123,11
ss_TAATAT,ss,6,nsp,-204.0,4.290776386622828,20,-189.11,3.452643914451646,4
ss_TAATAG,ss,6,nsp,-171.69,4.501806859473208,26,-163.59,6.702868863404682,10
ss_TAATCA,ss,6,nsp,-212.91,2.8858324622195206,30,-212.91,6.064693644364899,13
ss_TAATCC,ss,6,nsp,-184.98,5.340516360802587,25,-175.48,5.4787635466408,13
ss_TAATCG,ss,6,nsp,-173.1,3.166890272807069,29,-156.22,5.787305245103286,13
ss_TAATG,ss,5,nsp,-186.84,4.774953507627066,22,-147.51,5.446348317909901,10
ss_TAATCT,ss,6,nsp,-202.76,3.774047429484687,23,-180.3,6.256054747202917,7
ss_TAATGA,ss,6,nsp,-202.85,2.3631730787227765,30,-202.85,6.14268418527277,15
ss_TAATGC,ss,6,nsp,-203.52,2.8681495776894197,21,-152.89,4.717688946931541,9
ss_TAATGT,ss,6,nsp,-196.06,4.179491954771543,25,-164.14,6.456012623903398,12
ss_TAATT,ss,5,nsp,-182.03,4.4288718653851475,29,-154.66,6.257763338446091,12
ss_TAATGG,ss,6,nsp,-184.63,2.8764591080006694,24,-184.63,6.420447803697194,13
ss_TAATTA,ss,6,nsp,-196.75,5.370675190327558,22,-172.43,6.623484354929802,10
ss_TAATTC,ss,6,nsp,-192.19,6.218076310242589,25,-175.05,3.122376498758608,12
ss_TAC,ss,3,rebuild-ss-fb,-122.1,6.634746264929813,7,-115.31,6.370660405326912,5
ss_TAATTG,ss,6,nsp,-177.84,2.9786139394020195,22,-177.84,6.312622988900897,11
ss_TACA,ss,4,rebuild-ss-fb,-136.82,6.222445499962212,11,-134.96,3.3663257418140633,10
ss_TACAA,ss,5,nsp,-190.44,3.152340559013265,24,-154.25,6.455399367970976,7
ss_TAATTT,ss,6,nsp,-183.43,5.871455185897286,27,-172.79,2.8075815215234687,12
ss_TACAAA,ss,6,nsp,-200.76,2.2029727642438197,30,-200.76,5.846248284156256,14
ss_TACAAC,ss,6,nsp,-193.98,2.7646507916914396,29,-193.98,6.24600968619166,13
ss_TACAAT,ss,6,nsp,-186.3,5.964902262401298,26,-182.41,3.5500694359406486,13
ss_TACAC,ss,5,nsp,-191.32,3.155389991744307,21,-146.38,5.4813846790751635,9
ss_TACAAG,ss,6,nsp,-183.26,5.848626676408752,26,-172.07,5.782639103385246,11
ss_TACACA,ss,6,nsp,-198.05,2.835619332703181,21,-198.05,6.2090460619969665,8
ss_TACACC,ss,6,nsp,-179.73,4.9367533865892135,28,-177.92,5.644011162285206,12
ss_TACACG,ss,6,nsp,-170.57,6.754616865522428,23,-165.44,6.35043880373632,11
ss_TACACT,ss,6,nsp,-178.12,5.86753662110431,23,-159.21,6.682310378903395,6
ss_TACAG,ss,5,nsp,-200.53,3.7321964042638722,26,-181.6,4.666114229206143,9
ss_TACAGC,ss,6,nsp,-181.75,6.685061779819237,26,-180.82,6.975359847348384,12
ss_TACAGA,ss,6,nsp,-186.53,2.9685100639883344,24,-186.53,6.440782638779238,10
ss_TACAGG,ss,6,nsp,-167.34,2.3998695797897094,28,-167.34,5.100240190422413,9
ss_TACAT,ss,5,nsp,-187.0,3.4095973369299823,29,-187.0,6.806037099516875,11
ss_TACAGT,ss,6,nsp,-184.67,5.653364396534162,25,-164.0,3.5346690085494603,12
ss_TACATA,ss,6,nsp,-187.58,6.091335075334459,23,-172.92,4.222999526403022,10
ss_TACATC,ss,6,nsp,-186.76,4.302714840655857,27,-163.4,4.425687517211314,10
ss_TACC,ss,4,rebuild-ss-fb,-131.46,2.610493248411115,9,-131.46,3.1458240573814744,5
ss_TACATG,ss,6,nsp,-194.78,6.111619588946951,28,-175.61,5.8105282031842895,14
ss_TACCA,ss,5,nsp,-204.58,3.1398570031133843,22,-159.84,6.521187161859416,10
ss_TACATT,ss,6,nsp,-173.02,5.005917398439588,24,-165.98,4.399477355323015,10
ss_TACCAA,ss,6,nsp,-199.79,5.957964921011202,23,-194.82,6.026720584198333,7
ss_TACCAC,ss,6,nsp,-194.82,6.043210487811914,22,-181.9,3.1849938775451396,10
ss_TACCC,ss,5,nsp,-195.61,3.1092548946652987,25,-141.69,6.035920642288138,8
ss_TACCAG,ss,6,nsp,-186.43,2.385272730737529,28,-186.43,6.031204688948972,10
ss_TACCAT,ss,6,nsp,-190.71,5.868450136109198,27,-180.64,6.799280108952696,9
ss_TACCCA,ss,6,nsp,-195.93,3.008285890669303,23,-195.93,6.056223740913148,11
ss_TACCCG,ss,6,nsp,-187.14,5.971034332508908,27,-185.12,5.877045346090151,13
ss_TACCCC,ss,6,nsp,-181.96,2.4084953809380707,28,-181.96,5.497154991447852,12
ss_TACCCT,ss,6,nsp,-189.66,2.5097840544556926,24,-189.66,6.4247168030972395,9
ss_TACCG,ss,5,nsp,-209.8,3.0641856993335317,17,-152.29,6.963654500332423,6
ss_TACCGA,ss,6,nsp,-196.77,2.7484295515803328,20,-196.77,6.843376067410004,11
ss_TACCGC,ss,6,nsp,-197.21,2.9295788093171375,25,-197.21,6.995435225916975,8
ss_TACCGG,ss,6,nsp,-187.53,6.180253311960608,22,-164.92,3.782930477817428,10
ss_TACCGT,ss,6,nsp,-185.39,2.3821251016686795,29,-185.39,3.3840738762621525,12
ss_TACCT,ss,5,nsp,-196.35,3.3059575012392477,21,-170.35,6.806910165412803,10
ss_TACCTA,ss,6,nsp,-180.74,5.260242294799755,26,-176.17,6.685723745414571,10
ss_TACCTC,ss,6,nsp,-180.95,3.3770384954868375,23,-176.42,6.3890671463054645,8
ss_TACG,ss,4,rebuild-ss-fb,-149.87,2.4133070670762167,8,-149.87,2.5662560277571798,5
ss_TACCTG,ss,6,nsp,-185.58,6.557453164148434,21,-170.96,5.640821394087916,9
ss_TACCTT,ss,6,nsp,-200.87,4.31980763460597,18,-179.66,6.479006559650952,4
ss_TACGA,ss,5,nsp,-208.25,4.5663560964953485,25,-151.31,6.794255956320759,10
ss_TACGAA,ss,6,nsp,-184.27,5.691202860555928,27,-159.74,5.370387509295768,12
ss_TACGAC,ss,6,nsp,-182.42,5.593034060328976,28,-154.4,2.76193844971246,9
ss_TACGAG,ss,6,nsp,-190.12,2.528240494889691,28,-190.12,6.36275773544774,11
ss_TACGC,ss,5,nsp,-211.83,3.3422256057902655,24,-144.99,6.877684566770993,10
ss_TACGAT,ss,6,nsp,-173.93,2.7126610551265027,26,-173.93,6.707393010700941,11
ss_TACGCA,ss,6,nsp,-206.5,2.8156306575969854,24,-206.5,6.256902268694958,14
ss_TACGCG,ss,6,nsp,-194.0,2.054588036565971,25,-194.0,5.800662203576419,12
ss_TACGCC,ss,6,nsp,-195.31,2.923204748217275,25,-175.63,2.483230355806742,9
ss_TACGG,ss,5,nsp,-212.74,3.1813352542603948,20,-167.42,5.855581098405183,9
ss_TACGCT,ss,6,nsp,-209.61,4.401125765074201,23,-179.51,6.150617773850031,12
ss_TACGGA,ss,6,nsp,-187.55,2.3566132478622848,25,-187.55,6.0450947056270365,11
ss_TACGGC,ss,6,nsp,-184.26,3.9991665381676795,25,-174.71,4.760102204785101,11
ss_TACGT,ss,5,nsp,-214.79,3.1166271833506345,19,-168.28,6.389514926815653,7
ss_TACGGG,ss,6,nsp,-199.66,2.099789989498941,22,-199.66,5.035342888026598,11
ss_TACGGT,ss,6,nsp,-205.83,3.6880028470704924,30,-172.13,5.586922587614765,14
ss_TACGTA,ss,6,nsp,-174.97,5.941033327629142,26,-173.57,4.065849603711393,12
ss_TACGTC,ss,6,nsp,-174.43,2.2532050505890684,25,-174.43,6.022693998535889,9
ss_TACGTG,ss,6,nsp,-173.93,4.563891650773498,24,-162.91,6.292337085694011,10
ss_TACT,ss,4,rebuild-ss-fb,-180.26,6.5335276841841186,9,-131.24,3.066117088436131,6
ss_TACGTT,ss,6,nsp,-212.29,4.330912605906529,26,-156.93,6.499399203003316,10
ss_TACTA,ss,5,nsp,-205.82,3.1422884972580247,24,-159.03,6.261540864675407,6
ss_TACTAA,ss,6,nsp,-195.68,5.052239602394192,24,-143.14,6.818480769203649,9
ss_TACTAG,ss,6,nsp,-190.35,5.671726456732576,26,-166.93,5.975180834083591,10
ss_TACTAC,ss,6,nsp,-175.29,2.8188297217107734,25,-175.29,5.886453006692576,11
ss_TACTAT,ss,6,nsp,-192.84,5.558536587987897,27,-162.28,4.798874972324251,12
ss_TACTC,ss,5,nsp,-196.89,3.0497599905566375,20,-145.55,5.6209090901739245,9
ss_TACTCA,ss,6,nsp,-185.16,3.2290055744764503,27,-168.38,6.451435576675941,13
ss_TACTCC,ss,6,nsp,-180.09,3.1653690148227716,22,-168.08,5.686369931687541,10
ss_TACTCG,ss,6,nsp,-179.97,4.8618191039980205,19,-164.52,6.998577712649916,8
ss_TACTG,ss,5,nsp,-207.41,3.0237279970262017,23,-157.56,5.94668184788795,11
ss_TACTCT,ss,6,nsp,-232.12,4.71750453099942,24,-188.74,6.626436825323241,11
ss_TACTGA,ss,6,nsp,-178.15,5.141428789743192,24,-163.47,4.17572089584541,11
ss_TACTGC,ss,6,nsp,-190.48,3.4199042384254126,28,-190.48,6.581498385626183,9
ss_TACTGG,ss,6,nsp,-171.48,4.812461947901528,31,-156.13,5.558836389029622,10
ss_TACTT,ss,5,nsp,-192.05,3.2180958655702163,25,-155.85,6.823519986048271,12
ss_TACTGT,ss,6,nsp,-185.71,4.148091247790967,28,-171.38,4.762283590883693,12
ss_TACTTA,ss,6,nsp,-186.72,6.074564511139881,24,-166.81,6.847807094245566,14
ss_TACTTC,ss,6,nsp,-184.57,5.492276304047374,19,-168.86,6.396188943425613,9
ss_TAG,ss,3,rebuild-ss-fb,-136.2,3.1199897435729023,8,-121.75,6.140441107933534,3
ss_TACTTG,ss,6,nsp,-186.64,5.348858382870131,22,-165.02,5.7704315263245185,10
ss_TACTTT,ss,6,nsp,-188.88,2.8518720167637244,26,-188.88,6.90818644797605,10
ss_TAGA,ss,4,rebuild-ss-fb,-137.78,6.2376673524644,10,-122.46,3.611500796068023,5
ss_TAGAA,ss,5,nsp,-175.04,5.177789682866629,24,-169.65,5.7500965209290165,11
ss_TAGAAA,ss,6,nsp,-191.25,5.049329262387258,23,-189.0,5.722434971233833,14
ss_TAGAAC,ss,6,nsp,-195.88,3.0097167640826097,22,-195.88,6.631395931476252,9
ss_TAGAAG,ss,6,nsp,-180.83,2.920775753117672,24,-176.11,5.95681399743185,10
ss_TAGAAT,ss,6,nsp,-193.11,4.087236841681687,28,-166.79,4.4395226094705444,9
ss_TAGAC,ss,5,nsp,-186.11,5.04127979782912,22,-163.2,6.8976625751047145,9
ss_TAGACA,ss,6,nsp,-186.51,2.5359165995750046,26,-186.51,4.502539505656781,11
ss_TAGACC,ss,6,nsp,-187.82,3.173479005760086,32,-187.82,6.2493241234552634,14
ss_TAGACG,ss,6,nsp,-181.81,2.6153540869258984,29,-181.81,6.083866204971971,17
ss_TAGACT,ss,6,nsp,-184.51,5.480555446302866,28,-177.07,6.319288330184033,13
ss_TAGAG,ss,5,nsp,-200.17,3.4288239966495926,21,-158.96,5.632595405317161,11
ss_TAGAGA,ss,6,nsp,-194.79,6.32665266946116,27,-188.22,6.17241881275079,14
ss_TAGAGC,ss,6,nsp,-198.97,3.0031032283289947,29,-198.97,6.023322173020471,12
ss_TAGAGG,ss,6,nsp,-183.09,3.1816105984233958,22,-183.09,6.397076285304094,9
ss_TAGAT,ss,5,nsp,-187.73,4.882200118798914,25,-146.61,6.43205262727227,7
ss_TAGAGT,ss,6,nsp,-186.21,5.124990731698966,20,-177.26,6.402665694849297,9
ss_TAGATA,ss,6,nsp,-191.97,4.958266430921216,24,-176.18,4.850153915083527,9
ss_TAGC,ss,4,rebuild-ss-fb,-136.34,2.6171337375075154,14,-136.34,2.875815536504372,8
ss_TAGATC,ss,6,nsp,-185.72,5.079157705761866,21,-167.43,2.9583924688925363,8
ss_TAGATG,ss,6,nsp,-173.56,3.143370484050534,25,-169.64,6.02146252998389,13
ss_TAGCA,ss,5,nsp,-175.86,6.5226776710182515,27,-156.33,6.933383373216869,10
ss_TAGATT,ss,6,nsp,-196.52,4.234855487498966,20,-170.12,3.266309232145679,8
ss_TAGCAA,ss,6,nsp,-193.5,2.609229388152772,24,-193.5,6.755668212693702,13
ss_TAGCAC,ss,6,nsp,-184.66,2.595415188365819,31,-184.66,6.001637359921043,15
ss_TAGCC,ss,5,nsp,-186.81,4.317909795259737,25,-147.95,6.441484145753996,13
ss_TAGCAG,ss,6,nsp,-186.56,3.1174826382836565,29,-177.19,5.8528800602780375,13
ss_TAGCAT,ss,6,nsp,-192.26,5.8069624589797355,20,-165.49,2.795635705881582,9
ss_TAGCCA,ss,6,nsp,-185.47,2.5538093115970906,32,-185.47,4.650175480559854,15
ss_TAGCCG,ss,6,nsp,-178.49,2.64918723385117,31,-178.49,5.876637559012809,16
ss_TAGCCC,ss,6,nsp,-190.56,2.2927751743247833,30,-190.56,5.52051637077548,14
ss_TAGCCT,ss,6,nsp,-204.04,4.268337029804479,22,-170.93,6.6004016544449655,7
ss_TAGCG,ss,5,nsp,-185.68,6.142496153844951,29,-151.44,5.931229046327592,10
ss_TAGCGC,ss,6,nsp,-207.25,2.969083023426615,29,-207.25,6.994380029709568,12
ss_TAGCGG,ss,6,nsp,-190.04,3.2659755051133073,28,-190.04,6.578780206086845,15
ss_TAGCGA,ss,6,nsp,-189.2,2.911542203025751,21,-189.2,6.777827454280608,12
ss_TAGCT,ss,5,nsp,-177.74,5.046202334429337,22,-174.33,6.645361765923661,5
ss_TAGCGT,ss,6,nsp,-194.16,2.4325965551237596,24,-194.16,3.569875908207458,12
ss_TAGCTA,ss,6,nsp,-187.88,2.668520189168525,13,-187.88,3.0768053237083595,5
ss_TAGCTC,ss,6,nsp,-180.35,5.709303460142945,15,-164.38,5.590625278088314,4
ss_TAGCTG,ss,6,nsp,-185.99,2.699229704934369,24,-185.99,6.054194166030689,9
ss_TAGG,ss,4,rebuild-ss-fb,-148.03,2.377649469539201,12,-148.03,3.143600165415435,8
ss_TAGCTT,ss,6,nsp,-178.14,4.98793464271537,20,-158.58,6.018267192473276,6
ss_TAGGA,ss,5,nsp,-182.33,3.6096929232277057,25,-149.25,5.965163115959185,12
ss_TAGGAA,ss,6,nsp,-202.23,2.31346212417667,25,-202.23,5.718026757544952,9
ss_TAGGAC,ss,6,nsp,-185.16,5.420862846447981,19,-168.47,6.300312135124733,7
ss_TAGGC,ss,5,nsp,-178.17,4.988845758289207,22,-154.05,6.294836693672037,9
ss_TAGGAG,ss,6,nsp,-196.5,2.4678780358842687,22,-196.5,5.992180738262156,9
ss_TAGGAT,ss,6,nsp,-177.37,5.471025041068656,24,-176.73,3.5903540215416205,13
ss_TAGGCA,ss,6,nsp,-215.05,5.51127299269417,21,-211.12,5.985373923156348,11
ss_TAGGCC,ss,6,nsp,-210.25,3.027823640835132,30,-210.25,6.9362967785411245,16
ss_TAGGCG,ss,6,nsp,-200.53,5.421961637636344,19,-173.15,3.9228441212977074,9
ss_TAGGCT,ss,6,nsp,-181.89,3.4051011732399594,23,-181.89,6.97793909403055,7
ss_TAGGG,ss,5,nsp,-192.58,3.78416675108276,22,-165.4,5.920872233041361,11
ss_TAGGGG,ss,6,nsp,-206.79,2.3561581016561703,24,-206.79,5.976776806941998,12
ss_TAGGGC,ss,6,nsp,-190.11,5.554061666924495,18,-178.98,6.58778817206504,8
ss_TAGGGA,ss,6,nsp,-188.02,6.488827166753629,25,-185.53,6.726138416654837,9
ss_TAGGGT,ss,6,nsp,-204.77,4.249243932748539,22,-179.97,6.3188242577238976,9
ss_TAGGT,ss,5,nsp,-186.12,4.662755086855848,25,-159.44,6.205159466121721,10
ss_TAGGTA,ss,6,nsp,-189.27,5.103730106500562,24,-181.76,5.841170687456417,11
ss_TAGT,ss,4,rebuild-ss-fb,-139.77,6.588467348329206,11,-135.58,5.712217958026453,6
ss_TAGGTC,ss,6,nsp,-189.05,2.7750598191750657,20,-189.05,2.9234040090278315,8
ss_TAGGTG,ss,6,nsp,-211.85,5.291488353951092,22,-174.69,5.883014958335586,10
ss_TAGTA,ss,5,nsp,-187.39,5.415545124915883,21,-153.9,5.9855346461281185,8
ss_TAGGTT,ss,6,nsp,-223.18,4.43950830610778,28,-170.54,2.5905995445070222,13
ss_TAGTAA,ss,6,nsp,-213.73,2.7394368034324237,26,-213.73,6.7602463712501,12
ss_TAGTAC,ss,6,nsp,-223.01,3.4707960182067983,23,-174.75,6.0599839108697315,9
ss_TAGTC,ss,5,nsp,-189.57,4.434250895021625,23,-164.87,6.591720867876621,11
ss_TAGTAT,ss,6,nsp,-185.51,2.941175955294087,22,-185.51,6.369829040092039,11
ss_TAGTAG,ss,6,nsp,-186.8,3.0038833199710258,27,-185.74,6.046106267673426,9
ss_TAGTCA,ss,6,nsp,-217.22,2.490240550629599,26,-217.22,5.56421153444044,16
ss_TAGTCC,ss,6,nsp,-208.13,4.293624343139506,25,-180.24,5.520458857739992,11
ss_TAGTCG,ss,6,nsp,-216.24,3.367272783722773,27,-164.51,6.198244751540548,15
ss_TAGTG,ss,5,nsp,-201.57,5.684850833575171,20,-160.48,6.506729055370303,9
ss_TAGTCT,ss,6,nsp,-221.0,3.6111341708665616,30,-166.83,6.94206950411763,13
ss_TAGTGA,ss,6,nsp,-207.5,3.5129481920461045,23,-207.5,6.411056231230551,11
ss_TAGTGC,ss,6,nsp,-210.74,3.078822826990862,21,-206.05,6.669638820805815,8
ss_TAGTGG,ss,6,nsp,-192.42,3.127724092691069,22,-179.93,6.39959209637615,10
ss_TAGTT,ss,5,nsp,-188.39,3.815673597151637,20,-149.89,6.367986259407296,8
ss_TAGTGT,ss,6,nsp,-191.93,5.894679719883029,20,-184.32,4.153261248705625,8
ss_TAGTTA,ss,6,nsp,-191.46,2.887239165708318,25,-191.46,6.196942471896933,9
ss_TAGTTC,ss,6,nsp,-214.03,4.755930298059471,32,-172.54,6.977996130695403,13
ss_TAT,ss,3,rebuild-ss-fb,-138.28,3.2793723484837876,10,-120.56,6.5220335019072095,2
ss_TAGTTG,ss,6,nsp,-192.18,3.0942406176637403,23,-190.64,6.131577692568199,12
ss_TATA,ss,4,rebuild-ss-fb,-142.72,3.1611904403246682,9,-142.72,3.615898781769199,9
ss_TAGTTT,ss,6,nsp,-219.86,4.528154149319581,22,-181.16,3.5251015588207,8
ss_TATAA,ss,5,nsp,-191.19,3.557109360140638,31,-149.1,5.99325971404544,10
ss_TATAAA,ss,6,nsp,-184.26,6.112345948979005,27,-162.74,6.23918408127216,9
ss_TATAAC,ss,6,nsp,-173.77,4.839132256923768,30,-169.55,6.610194853406382,11
ss_TATAC,ss,5,nsp,-192.29,5.344404644111451,24,-138.21,6.243409805546966,8
ss_TATAAG,ss,6,nsp,-185.51,6.016081864469603,31,-180.44,5.231340268038399,12
ss_TATAAT,ss,6,nsp,-186.69,5.450157153697506,21,-162.96,4.201695372108742,9
ss_TATACA,ss,6,nsp,-169.09,6.740122328266746,28,-163.98,5.8624398504377115,12
ss_TATACC,ss,6,nsp,-173.82,3.903157952222786,32,-168.17,5.221648590244265,13
ss_TATACG,ss,6,nsp,-178.99,2.924199890568357,25,-178.99,6.7381200642315715,11
ss_TATAG,ss,5,nsp,-186.31,6.882883843273842,24,-144.07,6.681028214279605,9
ss_TATACT,ss,6,nsp,-193.88,2.753310189571827,24,-193.88,6.76726414439394,12
ss_TATAGC,ss,6,nsp,-190.52,5.593654440524554,23,-163.3,5.847613017291765,12
ss_TATAGA,ss,6,nsp,-184.71,5.637729152770661,26,-168.45,6.337868805836847,11
ss_TATAGG,ss,6,nsp,-177.18,2.7730225386750877,27,-177.18,6.06737908820606,11
ss_TATAT,ss,5,nsp,-182.3,4.772221809597698,25,-148.29,6.600086287314739,10
ss_TATAGT,ss,6,nsp,-182.14,5.930449392752628,27,-159.0,3.928259792834479,10
ss_TATATA,ss,6,nsp,-191.52,6.37773313960377,27,-143.69,5.991470353761263,8
ss_TATATC,ss,6,nsp,-187.33,6.436931411783118,25,-160.36,6.750301178466034,11
ss_TATATG,ss,6,nsp,-189.26,6.334299408774444,26,-158.58,5.870373327140273,10
ss_TATC,ss,4,rebuild-ss-fb,-189.89,6.451895922905155,12,-132.52,3.057139839784902,9
ss_TATCA,ss,5,nsp,-185.51,4.780376658800018,25,-148.64,6.520394926689648,13
ss_TATATT,ss,6,nsp,-185.66,2.611127917203615,24,-185.66,6.73464928559759,10
ss_TATCAC,ss,6,nsp,-178.33,2.7712612652003736,29,-178.33,6.149751377088344,11
ss_TATCAA,ss,6,nsp,-164.93,2.9629071872065222,23,-164.93,6.680578567758935,9
ss_TATCC,ss,5,nsp,-179.39,5.051121162672706,23,-144.36,6.7216722621680995,7
ss_TATCAT,ss,6,nsp,-195.13,5.812680706868388,25,-188.52,6.7943494905693615,9
ss_TATCAG,ss,6,nsp,-187.01,2.526530031485883,23,-187.01,6.013929913126683,11
ss_TATCCA,ss,6,nsp,-172.37,2.8659248071085295,25,-172.37,5.805352099571578,9
ss_TATCCC,ss,6,nsp,-179.36,3.8369379718728847,27,-163.26,5.226900228624993,11
ss_TATCCG,ss,6,nsp,-178.59,2.4007834138047626,19,-178.59,6.185688401463499,8
ss_TATCG,ss,5,nsp,-185.9,2.892933459310816,22,-159.97,4.5833260848427555,7
ss_TATCCT,ss,6,nsp,-194.45,4.8988143463495355,24,-181.15,6.557106755269424,10
ss_TATCGA,ss,6,nsp,-167.66,3.283679643326994,27,-167.66,6.7015972722926325,10
ss_TATCGC,ss,6,nsp,-182.78,5.31000301318181,24,-175.37,4.021939457525439,8
ss_TATCGG,ss,6,nsp,-178.52,6.074179121494533,27,-168.34,6.978805413536057,11
ss_TATCGT,ss,6,nsp,-193.47,6.585248210963652,22,-185.48,3.474348428122874,11
ss_TATCT,ss,5,nsp,-185.69,5.5651463592613695,23,-171.3,6.696626762781397,11
ss_TATCTA,ss,6,nsp,-176.13,6.108068925609808,24,-172.84,6.412193462458861,8
ss_TATCTC,ss,6,nsp,-178.48,5.7886249662592775,22,-156.14,3.7946347650333925,8
ss_TATG,ss,4,rebuild-ss-fb,-183.35,6.5988418680856675,16,-142.85,2.5311015388561686,10
ss_TATCTG,ss,6,nsp,-187.83,6.393885360248489,27,-156.02,6.964959727091029,12
ss_TATCTT,ss,6,nsp,-183.18,2.881275064966907,16,-183.18,6.665907740135626,8
ss_TATGA,ss,5,nsp,-192.78,4.477130330915107,23,-162.57,6.972813277293461,10
ss_TATGAA,ss,6,nsp,-194.56,5.692096450342368,27,-182.77,6.293385257554152,12
ss_TATGAC,ss,6,nsp,-185.05,2.837283560027089,30,-185.05,6.147717055948481,11
ss_TATGAG,ss,6,nsp,-176.51,4.775935824526975,25,-159.12,5.9274198434057395,13
ss_TATGAT,ss,6,nsp,-194.74,5.2556055788082165,29,-169.73,5.574471544460524,10
ss_TATGC,ss,5,nsp,-182.49,4.194926817001711,26,-150.38,5.651404338746255,12
ss_TATGCC,ss,6,nsp,-197.71,5.132164650515436,22,-169.84,6.485888913633967,8
ss_TATGCA,ss,6,nsp,-200.32,2.762271891034625,24,-200.32,6.286946317569442,9
ss_TATGCG,ss,6,nsp,-180.83,2.790051074801331,23,-180.83,6.8298070250923,12
ss_TATGG,ss,5,nsp,-196.6,3.3551914997508048,25,-145.08,5.575224569468047,9
ss_TATGCT,ss,6,nsp,-213.14,5.024961193880016,27,-166.96,4.298707480161916,10
ss_TATGGA,ss,6,nsp,-185.66,2.5491731992942355,25,-185.66,5.9030767401415405,13
ss_TATGGC,ss,6,nsp,-187.38,2.7788864676341176,28,-187.38,6.850691060031819,13
ss_TATGGG,ss,6,nsp,-183.23,6.263559850436501,26,-170.11,5.671038441061754,11
ss_TATGT,ss,5,nsp,-192.6,4.770436248394918,23,-141.31,5.27753976773269,10
ss_TATGGT,ss,6,nsp,-190.91,3.866215720830905,27,-156.85,2.0972558260736736,13
ss_TATGTA,ss,6,nsp,-175.23,2.5285402903651795,21,-175.23,4.525570240312268,7
ss_TATGTG,ss,6,nsp,-188.29,6.0166916989322505,26,-182.65,6.834246922668223,11
ss_TATGTC,ss,6,nsp,-179.76,6.23945582563096,26,-175.46,3.0160566970798204,13
ss_TATT,ss,4,rebuild-ss-fb,-186.84,6.050224293363023,12,-133.05,2.903185836283981,8
ss_TATGTT,ss,6,nsp,-222.9,4.639011748206717,32,-168.79,4.447184502581381,15
ss_TATTA,ss,5,nsp,-179.22,5.424987465423317,26,-146.46,5.928308865098044,10
ss_TATTAA,ss,6,nsp,-186.43,5.6775293922621115,25,-164.3,4.268490248319658,7
ss_TATTAC,ss,6,nsp,-174.76,6.218278700733863,26,-169.72,6.015979222038582,9
ss_TATTAG,ss,6,nsp,-191.94,5.939921969184468,21,-161.45,6.761584059967014,13
ss_TATTC,ss,5,nsp,-185.27,4.983625688191279,27,-146.48,5.651432473276143,10
ss_TATTAT,ss,6,nsp,-178.95,5.768833244253156,26,-166.33,5.804830919156917,12
ss_TATTCA,ss,6,nsp,-170.37,2.6174462745202707,18,-170.37,6.132854555588291,8
ss_TATTCC,ss,6,nsp,-178.91,4.2377943555581075,26,-170.3,5.948331110488053,11
ss_TATTCG,ss,6,nsp,-167.55,2.851970722149884,21,-167.55,6.401957825540556,8
ss_TATTG,ss,5,nsp,-188.17,2.8059158932512696,21,-153.01,5.3449372306885,8
ss_TATTCT,ss,6,nsp,-173.7,6.012695319072809,18,-161.63,6.004006245832866,10
ss_TATTGC,ss,6,nsp,-182.75,5.475125112725739,26,-163.11,6.515154180831033,10
ss_TATTGA,ss,6,nsp,-181.13,5.90120360604514,25,-170.74,6.264432775599094,12
ss_TATTGG,ss,6,nsp,-178.97,5.345203925015422,24,-161.01,4.573007762949891,10
ss_TATTT,ss,5,nsp,-175.13,3.226730543444874,24,-157.86,6.899038918574095,9
ss_TATTGT,ss,6,nsp,-181.75,5.918589865837985,29,-166.28,6.221114851857349,13
ss_TATTTA,ss,6,nsp,-182.16,5.701524357573174,22,-144.32,2.556887561078916,10
ss_TCA,ss,3,rebuild-ss-fb,-125.02,4.503057405807757,9,-120.08,3.0433621210759685,3
ss_TATTTC,ss,6,nsp,-185.69,5.818516477591187,21,-158.3,6.115321986616881,12
ss_TATTTG,ss,6,nsp,-193.22,5.81837485901348,22,-152.97,4.218750170370366,9
ss_TCAA,ss,4,rebuild-ss-fb,-129.9,2.76164914498566,9,-129.9,5.581039060963466,7
ss_TCAAA,ss,5,nsp,-173.31,3.46330997746377,24,-153.99,4.805418920344003,9
ss_TATTTT,ss,6,nsp,-187.75,6.090560319051127,22,-170.47,6.564945239680209,10
ss_TCAAAA,ss,6,nsp,-210.65,2.1780397149730755,26,-210.65,5.781125928398366,11
ss_TCAAAC,ss,6,nsp,-199.02,2.48436430500843,31,-199.02,6.778990559072925,15
ss_TCAAC,ss,5,nsp,-174.62,5.849068643809899,18,-141.51,6.333734048726706,9
ss_TCAAAG,ss,6,nsp,-223.97,2.452270172717522,25,-223.97,5.827687277128049,14
ss_TCAAAT,ss,6,nsp,-195.92,4.627001404797718,24,-156.75,3.9695558945554645,7
ss_TCAACA,ss,6,nsp,-208.88,2.7769351810944616,25,-208.88,5.868936274999073,15
ss_TCAACC,ss,6,nsp,-199.86,3.1123449358964024,26,-199.86,6.034403533075982,13
ss_TCAACG,ss,6,nsp,-217.19,2.515108347566778,17,-217.19,6.0266679019172855,7
ss_TCAACT,ss,6,nsp,-197.44,4.76150091882802,23,-160.86,6.717435001546328,5
ss_TCAAG,ss,5,nsp,-176.95,3.4632063178505614,24,-132.41,5.22299617078168,10
ss_TCAAGA,ss,6,nsp,-198.71,5.758733454501974,23,-192.97,6.118573771721638,12
ss_TCAAGC,ss,6,nsp,-199.22,2.801595616786993,27,-166.72,3.2418764627912813,11
ss_TCAAGG,ss,6,nsp,-203.5,5.652614793173169,27,-195.19,6.562480704733529,14
ss_TCAAGT,ss,6,nsp,-190.16,2.9333463825467394,26,-175.71,5.818615213261664,13
ss_TCAAT,ss,5,nsp,-179.76,5.797817692891026,23,-134.37,6.460766131040486,11
ss_TCAATA,ss,6,nsp,-185.72,3.8581775490508505,20,-160.14,6.491281537570234,7
ss_TCAC,ss,4,rebuild-ss-fb,-147.38,3.427377423045204,7,-119.71,3.9748116936529154,3
ss_TCAATC,ss,6,nsp,-186.41,5.713820175679326,24,-176.09,6.880675620896543,14
ss_TCAATG,ss,6,nsp,-171.34,6.0547096544756,25,-158.32,5.483218762734165,13
ss_TCACA,ss,5,nsp,-168.43,3.303803565589243,23,-144.14,6.935541579429829,9
ss_TCAATT,ss,6,nsp,-177.98,5.371696380101925,29,-159.33,5.810290440244789,16
ss_TCACAA,ss,6,nsp,-210.12,6.01659413622028,27,-191.91,5.772521979169929,11
ss_TCACAC,ss,6,nsp,-199.46,5.599371482586253,23,-188.35,6.090078653022481,6
ss_TCACAG,ss,6,nsp,-205.53,6.00012449870835,23,-187.94,6.89895274661307,9
ss_TCACC,ss,5,nsp,-168.48,3.3851973354591984,22,-141.89,5.164218237061629,10
ss_TCACAT,ss,6,nsp,-205.48,5.670252904412641,22,-175.7,5.633200955052105,9
ss_TCACCA,ss,6,nsp,-212.72,2.3558595034509375,23,-212.72,6.075954739791945,10
ss_TCACCC,ss,6,nsp,-170.74,3.602675394758736,30,-167.84,5.0999893137142935,14
ss_TCACCG,ss,6,nsp,-215.54,2.279603035618272,24,-215.54,6.110893388040743,13
ss_TCACCT,ss,6,nsp,-196.69,4.318015632208864,25,-167.09,3.3626885077271127,9
ss_TCACG,ss,5,nsp,-168.06,3.2237290518900816,20,-159.76,6.250189917114521,8
ss_TCACGC,ss,6,nsp,-193.1,5.781499027069008,25,-192.17,5.9431887064100675,12
ss_TCACGA,ss,6,nsp,-200.15,5.945444138161603,31,-194.97,6.178837916631267,15
ss_TCACGG,ss,6,nsp,-222.74,2.62116786948109,23,-222.74,5.844625907618045,10
ss_TCACT,ss,5,nsp,-173.62,3.6325507566997817,21,-147.1,5.727546245994005,11
ss_TCACGT,ss,6,nsp,-200.04,5.624636788273547,26,-182.04,3.735658978011782,11
ss_TCACTA,ss,6,nsp,-190.9,4.831136615745825,23,-168.64,4.392580676549949,12
ss_TCACTC,ss,6,nsp,-189.22,4.459775106437544,22,-178.83,2.924261787186649,7
ss_TCACTG,ss,6,nsp,-195.08,4.397450397673652,18,-181.03,5.791933873931927,8
ss_TCAG,ss,4,rebuild-ss-fb,-157.91,3.2105714444628153,14,-150.9,2.910294486817446,9
ss_TCACTT,ss,6,nsp,-190.13,4.461410763424515,27,-169.17,5.571334220812827,12
ss_TCAGA,ss,5,nsp,-169.08,3.2074678486307806,24,-149.11,6.299633322662519,9
ss_TCAGAA,ss,6,nsp,-201.95,5.899798216888448,26,-189.6,6.3070895823668165,12
ss_TCAGAC,ss,6,nsp,-193.07,5.564004133715208,24,-175.91,3.0616970784191095,7
ss_TCAGC,ss,5,nsp,-181.83,3.528130524796395,23,-159.59,6.5954731445136,8
ss_TCAGAG,ss,6,nsp,-196.85,2.4875409544367213,24,-196.85,5.619430042272972,11
ss_TCAGAT,ss,6,nsp,-182.5,5.5153398807326495,19,-173.39,4.134150819696838,6
ss_TCAGCA,ss,6,nsp,-202.16,5.0225964400895355,29,-180.19,6.800600929329692,10
ss_TCAGCC,ss,6,nsp,-199.88,4.466118448944252,22,-199.23,5.861817721492204,11
ss_TCAGCG,ss,6,nsp,-191.56,4.779554477145353,25,-166.06,5.678800137352962,10
ss_TCAGG,ss,5,nsp,-185.89,3.202288244365271,21,-185.89,4.529514212363185,7
ss_TCAGCT,ss,6,nsp,-185.71,1.9417067234780971,20,-185.71,5.655950936845202,10
ss_TCAGGC,ss,6,nsp,-186.38,6.699300485871634,22,-167.79,6.314305504170663,8
ss_TCAGGA,ss,6,nsp,-196.72,6.457114913024249,22,-185.0,6.896230927107933,11
ss_TCAGGT,ss,6,nsp,-185.24,5.22459816636648,19,-178.27,6.960503501902729,9
ss_TCAGGG,ss,6,nsp,-213.49,2.0538731703783526,25,-213.49,5.757820855149983,13
ss_TCAGT,ss,5,nsp,-186.53,3.3681374675033786,26,-148.02,6.357220304504153,9
ss_TCAGTA,ss,6,nsp,-173.75,6.369400442741839,19,-171.96,3.652594420408585,9
ss_TCAGTC,ss,6,nsp,-177.09,5.901021775930001,23,-173.72,5.625050844214648,8
ss_TCAGTG,ss,6,nsp,-173.63,3.2036785107123658,23,-173.63,4.084525064190453,9
ss_TCAT,ss,4,rebuild-ss-fb,-147.57,3.995116018340395,12,-132.5,3.4843876076005196,8
ss_TCATA,ss,5,nsp,-175.84,3.3722682277660017,24,-144.86,5.5923915277812934,7
ss_TCAGTT,ss,6,nsp,-213.36,4.332092912207694,14,-168.35,3.2300486064454286,5
ss_TCATAA,ss,6,nsp,-203.47,6.085812353334593,21,-198.38,5.99283989440734,9
ss_TCATAC,ss,6,nsp,-189.16,2.072390889769588,24,-189.16,6.1793375049433905,11
ss_TCATAT,ss,6,nsp,-192.65,5.487015035517957,22,-177.36,6.446770742007201,9
ss_TCATC,ss,5,nsp,-176.88,3.4319985431232487,23,-144.12,5.856589536581858,5
ss_TCATAG,ss,6,nsp,-182.88,2.7245918960460984,24,-182.88,6.1910155871230215,8
ss_TCATCA,ss,6,nsp,-208.48,2.6269271021480525,29,-208.48,4.768395327570911,14
ss_TCATCC,ss,6,nsp,-185.7,2.438871255314656,31,-185.7,5.370334533341487,12
ss_TCATCT,ss,6,nsp,-224.3,4.928586612813057,29,-191.81,5.898108256042785,13
ss_TCATCG,ss,6,nsp,-185.86,2.552936544452288,33,-185.86,4.620241335687986,19
ss_TCATG,ss,5,nsp,-181.7,3.672021377933439,24,-142.6,5.72197291150525,9
ss_TCATGA,ss,6,nsp,-200.91,6.033354705302857,23,-198.55,6.160683890608238,8
ss_TCATGC,ss,6,nsp,-187.46,3.5574635627086963,26,-181.05,6.996198753608989,10
ss_TCATGG,ss,6,nsp,-175.13,2.8959587358938723,24,-175.13,6.089965927655103,9
ss_TCATGT,ss,6,nsp,-189.37,5.067468302811586,19,-181.68,6.538844622714324,11
ss_TCATT,ss,5,nsp,-177.07,3.67984850231639,26,-153.29,6.967186734974169,8
ss_TCATTA,ss,6,nsp,-181.4,2.609235328597237,18,-181.4,4.740763967969721,9
ss_TCATTG,ss,6,nsp,-177.92,3.09531323132248,26,-177.92,6.452720976456362,10
ss_TCATTC,ss,6,nsp,-208.63,4.928801882810903,23,-160.5,6.4834384395935984,10
ss_TCC,ss,3,rebuild-ss-fb,-120.05,5.532134759746918,7,-116.41,2.878827886484352,2
ss_TCCA,ss,4,rebuild-ss-fb,-180.86,6.461346686256672,10,-136.33,3.0430067367654834,6
ss_TCCAA,ss,5,nsp,-187.89,3.604489006780323,26,-145.86,6.925051624356315,8
ss_TCATTT,ss,6,nsp,-183.63,2.6627155311824233,18,-183.63,6.800729593212778,9
ss_TCCAAA,ss,6,nsp,-196.75,6.842785982332043,28,-194.29,5.860884233628924,12
ss_TCCAAC,ss,6,nsp,-177.1,2.5053919852989206,30,-177.1,6.340114273418108,12
ss_TCCAAG,ss,6,nsp,-175.11,2.6725504672503395,26,-175.11,6.11064726522486,12
ss_TCCAC,ss,5,nsp,-189.77,3.5285903701053476,27,-132.9,6.724628391219843,8
ss_TCCAAT,ss,6,nsp,-199.17,5.085398509458247,23,-175.61,3.7339310384633473,9
ss_TCCACA,ss,6,nsp,-181.69,2.8568489634560574,26,-181.69,5.936120281800215,14
ss_TCCACC,ss,6,nsp,-177.16,5.374140396379684,29,-171.32,5.177253808729101,14
ss_TCCACG,ss,6,nsp,-175.3,2.571529117081908,32,-175.3,5.760629305900542,14
ss_TCCACT,ss,6,nsp,-190.91,5.679332531204708,22,-163.97,6.25882465004412,8
ss_TCCAG,ss,5,nsp,-200.56,3.271480704512888,23,-135.52,6.166767305485099,5
ss_TCCAGC,ss,6,nsp,-196.42,2.630153037372529,28,-177.1,6.354634686588991,12
ss_TCCAGA,ss,6,nsp,-190.32,2.8076771538052694,21,-190.32,6.789939395900365,12
ss_TCCAGG,ss,6,nsp,-176.16,2.7465975314923727,28,-176.16,6.2841207817800715,10
ss_TCCAGT,ss,6,nsp,-192.41,5.32955401511234,19,-166.86,6.699484532409936,10
ss_TCCAT,ss,5,nsp,-194.56,3.1030251368624344,24,-152.92,6.810879385218913,9
ss_TCCATA,ss,6,nsp,-192.79,5.492960586059231,21,-161.54,3.410236795297371,8
ss_TCCC,ss,4,rebuild-ss-fb,-129.48,3.1652255843778265,8,-129.48,3.9565052761243837,6
ss_TCCATG,ss,6,nsp,-203.79,2.66745477937303,24,-203.79,5.87454415252793,9
ss_TCCATC,ss,6,nsp,-182.64,5.622081020405185,25,-166.39,4.359393191718324,12
ss_TCCCA,ss,5,nsp,-200.72,3.2692009727149034,21,-139.85,5.6821766076038225,9
ss_TCCATT,ss,6,nsp,-221.57,4.446494124588504,24,-159.12,5.408119173982745,11
ss_TCCCAA,ss,6,nsp,-197.53,3.318729274888212,22,-197.53,6.682592086907589,11
ss_TCCCAC,ss,6,nsp,-201.4,2.873922232768312,25,-168.92,6.915695337419084,11
ss_TCCCAG,ss,6,nsp,-180.09,2.72353942508642,22,-180.09,6.157647765177866,9
ss_TCCCC,ss,5,nsp,-187.31,3.051661023115123,24,-146.27,6.236564037993999,6
ss_TCCCAT,ss,6,nsp,-191.86,2.673634604802972,23,-191.86,3.4076575532174704,12
ss_TCCCCA,ss,6,nsp,-177.35,3.3389562740473298,26,-174.88,6.635801684800397,13
ss_TCCCCC,ss,6,nsp,-189.7,3.163612808167288,28,-189.7,6.045362520147155,11
ss_TCCCCG,ss,6,nsp,-176.19,3.4963937135282825,31,-163.82,5.016986645387848,10
ss_TCCCG,ss,5,nsp,-210.9,2.9390090166585203,19,-167.33,4.708005522511637,7
ss_TCCCCT,ss,6,nsp,-188.29,5.994930024612476,21,-160.43,3.9448935346850598,6
ss_TCCCGA,ss,6,nsp,-190.13,5.813155425412277,23,-190.0,6.4769518293715835,8
ss_TCCCGC,ss,6,nsp,-197.6,2.930676884270942,24,-197.6,6.17005607754095,9
ss_TCCCGT,ss,6,nsp,-192.82,5.3368600318914154,27,-191.9,6.869870668360493,13
ss_TCCCGG,ss,6,nsp,-185.33,6.880688482993544,23,-183.29,6.399773980383992,7
ss_TCCCT,ss,5,nsp,-196.73,3.225871355153532,22,-152.74,6.8019098053414355,12
ss_TCCCTA,ss,6,nsp,-182.88,6.032690361687724,22,-180.18,2.6473120329874362,11
ss_TCCCTC,ss,6,nsp,-182.94,6.444326109066804,22,-178.03,6.654645971049088,8
ss_TCCG,ss,4,rebuild-ss-fb,-177.97,5.634951020195302,10,-132.5,6.456722698087631,5
ss_TCCCTG,ss,6,nsp,-177.12,2.7864046726920435,25,-177.12,6.075463603709597,9
ss_TCCCTT,ss,6,nsp,-185.82,4.950025656499189,23,-179.72,6.7322133061869005,10
ss_TCCGA,ss,5,nsp,-200.05,6.592892688342506,23,-152.97,4.859468489454385,11
ss_TCCGAA,ss,6,nsp,-193.87,5.246896701861019,22,-185.11,6.917013372836591,11
ss_TCCGAC,ss,6,nsp,-187.48,5.6934529066288135,26,-175.1,5.80358768349373,9
ss_TCCGAG,ss,6,nsp,-208.48,2.493326091789846,24,-208.48,6.134288304277851,14
ss_TCCGC,ss,5,nsp,-198.35,3.8762703724069767,23,-143.58,6.59255238887035,7
ss_TCCGAT,ss,6,nsp,-184.48,4.755270129025279,26,-172.14,6.3095713008095755,13
ss_TCCGCA,ss,6,nsp,-195.52,2.81405259368051,25,-195.52,6.273566529495002,12
ss_TCCGCG,ss,6,nsp,-220.34,2.875664271085918,24,-220.34,6.050563362200264,13
ss_TCCGCC,ss,6,nsp,-186.47,3.4296266560662554,29,-181.9,6.05791094355141,15
ss_TCCGG,ss,5,nsp,-209.89,3.387680179710008,22,-159.09,4.163170546590666,12
ss_TCCGCT,ss,6,nsp,-174.41,2.515138365975117,25,-174.41,2.515138365975117,13
ss_TCCGGA,ss,6,nsp,-190.21,6.247369206313969,28,-179.96,6.3233847739956595,15
ss_TCCGGC,ss,6,nsp,-193.76,5.987051110521783,25,-163.35,5.822082874710737,12
ss_TCCGGG,ss,6,nsp,-189.53,4.8042224136690495,27,-187.7,6.350965989516871,13
ss_TCCGGT,ss,6,nsp,-174.75,5.3084352685137,26,-158.77,4.516539161791929,11
ss_TCCGT,ss,5,nsp,-201.07,3.4520118771522434,22,-156.28,6.887888863795659,5
ss_TCCGTA,ss,6,nsp,-190.98,5.582594020704008,21,-179.89,4.772906661563792,10
ss_TCCGTC,ss,6,nsp,-196.91,6.476438064244891,21,-161.68,4.438302828784904,7
ss_TCCGTG,ss,6,nsp,-179.29,5.308991900540076,22,-173.59,3.9988505848555884,10
ss_TCCT,ss,4,rebuild-ss-fb,-150.8,5.711007704424859,7,-129.28,3.2956991670964086,3
ss_TCCGTT,ss,6,nsp,-176.58,2.603643216725363,20,-176.58,4.744875551581931,10
ss_TCCTA,ss,5,nsp,-198.64,2.9803521603998586,20,-153.57,6.788680210468026,5
ss_TCCTAA,ss,6,nsp,-170.11,3.0315570256882967,24,-170.11,5.839192666799083,11
ss_TCCTAC,ss,6,nsp,-166.13,3.0738181468655656,19,-166.13,5.660408024162222,7
ss_TCCTC,ss,5,nsp,-195.28,3.264366860510635,21,-134.73,6.671163091995273,8
ss_TCCTAT,ss,6,nsp,-202.12,4.147086447133716,29,-182.63,6.633105230583939,10
ss_TCCTAG,ss,6,nsp,-170.16,2.918944501014039,20,-170.16,6.386447056071172,6
ss_TCCTCA,ss,6,nsp,-187.44,3.0175541420163414,29,-187.44,5.167349901061467,15
ss_TCCTCC,ss,6,nsp,-179.88,2.469561297072825,26,-179.88,5.465526964529586,7
ss_TCCTCG,ss,6,nsp,-189.79,2.1145954695874942,26,-189.79,4.799866039797361,15
ss_TCCTG,ss,5,nsp,-210.23,2.986624850897773,24,-144.67,5.741611185024643,10
ss_TCCTCT,ss,6,nsp,-187.05,3.3378455626346972,26,-180.28,5.832081103688472,12
ss_TCCTGC,ss,6,nsp,-173.26,3.0877561432211627,26,-171.08,6.815544145554347,13
ss_TCCTGG,ss,6,nsp,-171.21,4.501278373973349,19,-158.71,5.657599314196806,7
ss_TCCTGA,ss,6,nsp,-189.94,2.601488420116462,25,-189.94,4.6928633050622635,12
ss_TCCTGT,ss,6,nsp,-194.91,5.466379148943117,24,-171.79,6.3397077219695195,8
ss_TCCTT,ss,5,nsp,-188.62,3.4026269263614717,26,-143.32,5.549114704166777,7
ss_TCCTTA,ss,6,nsp,-170.77,2.8123644856241676,24,-170.77,6.155468787996587,10
ss_TCG,ss,3,rebuild-ss-fb,-155.84,5.073336081909038,13,-122.59,5.216122026946847,5
ss_TCCTTC,ss,6,nsp,-169.01,2.7546507945654537,28,-169.01,6.534906579286358,11
ss_TCGA,ss,4,rebuild-ss-fb,-155.67,3.5746190006768668,10,-129.57,6.085819172469735,6
ss_TCCTTG,ss,6,nsp,-170.75,2.627852925869342,23,-170.75,6.307455033529776,10
ss_TCGAA,ss,5,nsp,-176.09,6.98889268768666,25,-144.98,5.706433825078487,9
ss_TCCTTT,ss,6,nsp,-179.72,5.161010850598946,22,-163.97,6.253681235880189,8
ss_TCGAAA,ss,6,nsp,-189.9,2.5103605318758504,23,-189.9,4.842750251664848,9
ss_TCGAAC,ss,6,nsp,-198.75,2.292434950004056,23,-198.75,6.094597607717837,11
ss_TCGAC,ss,5,nsp,-172.31,5.922492971713858,26,-151.45,6.158776339501219,13
ss_TCGAAG,ss,6,nsp,-189.89,3.1599887658028134,25,-189.89,6.828197858879019,12
ss_TCGAAT,ss,6,nsp,-188.53,6.286482879957606,27,-184.16,6.90015615765324,12
ss_TCGACA,ss,6,nsp,-197.39,2.652705034488383,27,-197.39,4.727285690541669,14
ss_TCGACC,ss,6,nsp,-175.29,3.167984374961479,28,-175.29,6.136178859844274,12
ss_TCGACG,ss,6,nsp,-175.49,2.6933076318905713,26,-175.49,6.223252606153799,10
ss_TCGACT,ss,6,nsp,-192.7,2.658487539936946,31,-192.7,5.652643452403485,14
ss_TCGAG,ss,5,nsp,-180.09,5.951426887730399,24,-137.2,6.152195868143339,7
ss_TCGAGA,ss,6,nsp,-197.34,2.60501247597781,26,-197.34,4.902192978657629,12
ss_TCGAGC,ss,6,nsp,-194.21,2.530574835882161,26,-194.21,6.218152378319475,11
ss_TCGAGG,ss,6,nsp,-199.44,4.583764719092813,28,-160.45,6.767266952027227,12
ss_TCGAGT,ss,6,nsp,-187.18,6.517967244471238,18,-164.71,6.713316989387572,11
ss_TCGAT,ss,5,nsp,-166.97,3.497938964590448,23,-150.5,6.212460543134254,10
ss_TCGATA,ss,6,nsp,-192.26,5.81926705006739,18,-176.3,6.170768833784004,10
ss_TCGATC,ss,6,nsp,-185.96,3.347861705626449,24,-178.3,6.4934848887173,10
ss_TCGATG,ss,6,nsp,-176.27,2.518267062882743,22,-176.27,5.873844482108813,8
ss_TCGC,ss,4,rebuild-ss-fb,-158.29,5.16625918823281,5,-124.14,2.8373864734998624,2
ss_TCGCA,ss,5,nsp,-176.22,2.8420738906650516,22,-176.22,5.848285047772557,9
ss_TCGATT,ss,6,nsp,-181.78,2.697050425928292,23,-181.78,6.888583308634657,10
ss_TCGCAA,ss,6,nsp,-182.26,2.613239560392422,23,-182.26,6.540874024165277,10
ss_TCGCAC,ss,6,nsp,-198.22,3.272818510091895,27,-166.63,6.416852889072648,10
ss_TCGCAG,ss,6,nsp,-178.92,3.0474792862298523,24,-178.92,6.626125489303682,10
ss_TCGCAT,ss,6,nsp,-180.65,5.316380535665231,20,-158.11,3.148087991146381,8
ss_TCGCC,ss,5,nsp,-168.78,4.72112115921632,27,-167.52,6.364495738076994,14
ss_TCGCCA,ss,6,nsp,-194.92,2.815891510694249,28,-194.92,5.018505853339227,14
ss_TCGCCC,ss,6,nsp,-194.92,2.492573369030492,30,-194.92,5.23784163563582,12
ss_TCGCCG,ss,6,nsp,-168.02,3.041898913507814,31,-168.02,6.201721373941285,15
ss_TCGCG,ss,5,nsp,-175.72,5.856882617912048,26,-152.6,6.186888313199128,7
ss_TCGCCT,ss,6,nsp,-181.85,3.0500947526265603,32,-181.85,5.695865605858353,17
ss_TCGCGC,ss,6,nsp,-198.76,2.8263805476262585,26,-198.76,5.545699775501742,10
ss_TCGCGA,ss,6,nsp,-191.98,2.730743671603035,27,-191.98,5.141904899937373,14
ss_TCGCGG,ss,6,nsp,-184.53,2.9937023900180892,25,-184.53,6.702672899672188,12
ss_TCGCT,ss,5,nsp,-169.65,2.6624629574888017,22,-169.65,6.068471718645481,12
ss_TCGCGT,ss,6,nsp,-194.79,6.166812304586541,21,-179.74,3.585273211346659,9
ss_TCGCTC,ss,6,nsp,-177.68,2.425896947522716,28,-177.68,6.761061898843997,12
ss_TCGCTA,ss,6,nsp,-185.03,5.451499793634806,20,-169.4,6.932389198537525,9
ss_TCGCTG,ss,6,nsp,-182.84,2.833354372470903,23,-182.84,5.9935814835538865,11
ss_TCGG,ss,4,rebuild-ss-fb,-155.12,3.5064474899818654,11,-136.19,3.2284589202899805,7
ss_TCGGA,ss,5,nsp,-172.04,5.975579386134904,21,-150.24,5.8612187299229905,10
ss_TCGCTT,ss,6,nsp,-179.06,4.110505321733577,20,-176.65,3.4505411169844162,7
ss_TCGGAA,ss,6,nsp,-202.69,5.927166101941138,27,-182.19,2.9758042610360014,9
ss_TCGGAC,ss,6,nsp,-205.73,2.572628811157966,22,-205.73,6.2754341682468615,10
ss_TCGGC,ss,5,nsp,-172.63,3.2657700470180155,22,-172.63,6.649272291010509,11
ss_TCGGAG,ss,6,nsp,-217.31,2.701024620398715,26,-217.31,6.127039741996138,12
ss_TCGGAT,ss,6,nsp,-184.11,6.2487357121261144,21,-168.74,3.478138007612699,8
ss_TCGGCA,ss,6,nsp,-208.48,2.6080987327936787,22,-208.48,4.863326125194573,8
ss_TCGGCG,ss,6,nsp,-183.47,6.90880112609997,31,-179.7,5.823038897345631,11
ss_TCGGCC,ss,6,nsp,-190.71,2.3942535371175713,26,-190.71,5.331133931913552,10
ss_TCGGG,ss,5,nsp,-180.91,3.1345444645115474,25,-180.91,4.542571518424342,10
ss_TCGGCT,ss,6,nsp,-176.95,5.917157256656274,30,-176.71,6.068153013891459,15
ss_TCGGGC,ss,6,nsp,-197.52,3.1643860383967097,20,-161.69,6.4562689689943955,10
ss_TCGGGA,ss,6,nsp,-188.15,6.827726488370793,27,-186.34,5.651216329251628,11
ss_TCGGGG,ss,6,nsp,-219.69,2.518173544456383,29,-219.69,5.865732520325147,13
ss_TCGGGT,ss,6,nsp,-190.65,6.0128985522791005,25,-182.59,5.926332761497623,10
ss_TCGGT,ss,5,nsp,-174.4,3.082091822123419,26,-174.4,6.2930003972668045,11
ss_TCGGTA,ss,6,nsp,-173.23,5.714466204292407,19,-165.59,6.779436776016135,5
ss_TCGGTC,ss,6,nsp,-198.44,5.27175739198989,24,-161.31,6.8754948185567,9
ss_TCGGTG,ss,6,nsp,-192.3,5.997550666730555,24,-161.37,3.099942902699993,11
ss_TCGT,ss,4,rebuild-ss-fb,-154.17,6.553804696510276,10,-136.98,3.146109661152945,5
ss_TCGTA,ss,5,nsp,-173.28,2.96193365894646,26,-173.28,6.438619261922543,12
ss_TCGGTT,ss,6,nsp,-204.17,4.236906654624341,21,-169.34,2.838366607751737,8
ss_TCGTAA,ss,6,nsp,-191.6,2.620841658704321,25,-191.6,6.7465758722481,14
ss_TCGTAC,ss,6,nsp,-208.85,2.5640493364988224,27,-208.85,6.4438030696165765,12
ss_TCGTC,ss,5,nsp,-167.65,3.317466653939447,21,-151.68,6.168537752174341,7
ss_TCGTAG,ss,6,nsp,-189.17,3.0225198096952286,24,-161.82,6.793494903214401,10
ss_TCGTAT,ss,6,nsp,-209.95,2.4883669343567725,23,-209.95,5.731288511320999,11
ss_TCGTCA,ss,6,nsp,-197.16,2.3353226757773693,27,-197.16,4.241611250456602,13
ss_TCGTCC,ss,6,nsp,-200.22,2.2268104993465565,24,-200.22,5.15955288760567,8
ss_TCGTCG,ss,6,nsp,-186.57,2.9121775357968787,26,-172.07,4.41169933245683,14
ss_TCGTCT,ss,6,nsp,-198.92,2.6096859964371273,28,-198.92,5.866841228463586,15
ss_TCGTG,ss,5,nsp,-173.93,5.651427076411765,25,-149.41,6.530623706813929,9
ss_TCGTGA,ss,6,nsp,-197.47,2.6374032683683426,20,-197.47,4.957670218963734,10
ss_TCGTGC,ss,6,nsp,-182.02,3.614927246847435,31,-181.95,6.799356807816469,14
ss_TCGTGG,ss,6,nsp,-192.51,4.301732906631943,29,-166.67,3.829426327793764,12
ss_TCGTGT,ss,6,nsp,-206.45,2.672205269061503,19,-206.45,5.928394302001184,9
ss_TCGTT,ss,5,nsp,-172.47,3.551993524768883,25,-154.27,6.183625473781547,13
ss_TCGTTA,ss,6,nsp,-212.56,2.558549784545919,28,-212.56,5.091898172587505,13
ss_TCT,ss,3,rebuild-ss-fb,-123.36,2.7427077861121094,10,-119.24,6.9018075168755555,4
ss_TCGTTC,ss,6,nsp,-197.15,2.9365850915647074,31,-197.15,6.465677149378866,13
ss_TCGTTG,ss,6,nsp,-180.95,2.380523051768256,24,-180.95,5.942033406166612,9
ss_TCTA,ss,4,rebuild-ss-fb,-135.4,2.730767291440266,15,-135.4,3.0531853857897215,10
ss_TCGTTT,ss,6,nsp,-229.54,4.745017702812074,24,-184.98,6.33968264189936,11
ss_TCTAA,ss,5,nsp,-175.71,3.5106792790000187,21,-141.92,6.544528172450641,7
ss_TCTAAA,ss,6,nsp,-163.85,3.8146551613481505,20,-151.95,6.4861273499677905,8
ss_TCTAAC,ss,6,nsp,-182.16,2.938602729189525,24,-170.16,6.360520812009031,12
ss_TCTAAG,ss,6,nsp,-183.17,2.578441971423828,29,-183.17,6.139457712208791,13
ss_TCTAC,ss,5,nsp,-179.48,3.315309035369112,27,-143.65,4.732817025831435,8
ss_TCTAAT,ss,6,nsp,-178.39,5.622267514090753,22,-172.65,6.583575320447085,9
ss_TCTACC,ss,6,nsp,-176.35,4.35841450529892,29,-175.53,5.160492321474773,12
ss_TCTACA,ss,6,nsp,-162.34,2.768946008863333,27,-162.34,3.8097940889239754,15
ss_TCTACG,ss,6,nsp,-186.75,2.8774813639709302,23,-186.75,6.476521674479286,11
ss_TCTAG,ss,5,nsp,-189.36,3.1809162202107917,21,-142.9,6.158655778658206,8
ss_TCTACT,ss,6,nsp,-184.46,6.151702366012192,26,-174.46,6.890434311420449,10
ss_TCTAGA,ss,6,nsp,-188.46,2.9362665069778786,23,-188.46,6.300985081715417,9
ss_TCTAGC,ss,6,nsp,-200.13,2.8279034636988456,24,-180.08,6.727766419845444,11
ss_TCTAT,ss,5,nsp,-166.04,3.0167217306208527,25,-164.37,6.757747035810101,12
ss_TCTAGG,ss,6,nsp,-181.6,2.460244500044663,23,-181.6,5.084115753993018,11
ss_TCTAGT,ss,6,nsp,-188.1,6.067293383379461,23,-176.71,6.521732361880537,8
ss_TCTATA,ss,6,nsp,-191.5,2.9235558828249073,23,-191.5,6.220663469437971,10
ss_TCTATC,ss,6,nsp,-175.98,3.788099919484722,25,-170.2,6.387441897974504,10
ss_TCTATG,ss,6,nsp,-186.76,2.964195169013001,24,-186.76,6.417557635113231,10
ss_TCTC,ss,4,rebuild-ss-fb,-136.77,3.1802540779000754,13,-136.77,3.611183739440576,8
ss_TCTATT,ss,6,nsp,-174.92,5.863164589195854,28,-167.48,6.99311454217647,15
ss_TCTCA,ss,5,nsp,-171.91,3.3129358581173953,24,-171.91,6.915890470503418,8
ss_TCTCAA,ss,6,nsp,-167.05,3.0974237682306383,23,-167.05,6.869751087193783,9
ss_TCTCAC,ss,6,nsp,-178.44,2.7628412911349223,26,-178.44,6.708920479481027,11
ss_TCTCC,ss,5,nsp,-168.53,6.953722815873528,20,-158.98,6.681932280411107,8
ss_TCTCAG,ss,6,nsp,-180.62,2.6523630973152894,22,-180.62,6.136645174686254,9
ss_TCTCAT,ss,6,nsp,-194.49,5.858376993673264,22,-186.19,6.905001303403205,11
ss_TCTCCA,ss,6,nsp,-172.06,4.285501370901662,26,-165.32,6.15875003551857,12
ss_TCTCCC,ss,6,nsp,-190.56,3.1633358974348615,26,-190.56,5.893737948025857,12
ss_TCTCCG,ss,6,nsp,-177.07,2.186315164837863,18,-177.07,6.1049800982476565,11
ss_TCTCCT,ss,6,nsp,-185.12,3.296827566009476,22,-178.86,3.2725943836656697,10
ss_TCTCG,ss,5,nsp,-180.61,3.0649052187629064,20,-153.87,5.937504694734974,7
ss_TCTCGC,ss,6,nsp,-205.91,2.9946400451473143,24,-205.91,6.3115993218834605,9
ss_TCTCGA,ss,6,nsp,-175.37,2.7050402954484807,21,-175.37,6.086307665571968,9
ss_TCTCGG,ss,6,nsp,-175.43,2.5520495684841267,25,-175.43,6.027143685030253,10
ss_TCTCGT,ss,6,nsp,-188.55,5.543869136262162,24,-180.77,3.7697099357908086,11
ss_TCTCT,ss,5,nsp,-165.32,3.1428172075384984,24,-152.76,6.481743284024753,7
ss_TCTCTC,ss,6,nsp,-169.43,3.200020312435541,23,-167.06,5.630777743793481,10
ss_TCTCTA,ss,6,nsp,-164.03,2.906320698064834,19,-164.03,6.153219482514831,9
ss_TCTCTG,ss,6,nsp,-182.15,3.0037408343596987,29,-182.15,6.482963751248359,14
ss_TCTG,ss,4,rebuild-ss-fb,-183.54,5.783884853625635,11,-128.31,4.043776576419613,3
ss_TCTGA,ss,5,nsp,-188.07,3.6894820774737465,21,-150.5,5.286027809234449,6
ss_TCTCTT,ss,6,nsp,-174.83,4.241581191018288,19,-171.74,2.677960978057743,5
ss_TCTGAA,ss,6,nsp,-198.41,2.477807700367409,23,-198.41,6.125663147774292,11
ss_TCTGAC,ss,6,nsp,-185.86,5.8111628784607365,25,-176.65,6.898650882600164,11
ss_TCTGAG,ss,6,nsp,-174.07,2.478479574255142,25,-174.07,5.055133727212372,12
ss_TCTGC,ss,5,nsp,-195.46,4.03989183023506,16,-143.11,6.386970878280242,6
ss_TCTGAT,ss,6,nsp,-179.37,5.601016425614208,25,-168.57,6.03529684439795,11
ss_TCTGCA,ss,6,nsp,-195.11,6.206284315111586,23,-186.82,6.561673871810458,7
ss_TCTGCC,ss,6,nsp,-186.5,2.6207498926833854,29,-186.5,5.966608165448768,10
ss_TCTGCG,ss,6,nsp,-179.32,2.9801902623825964,22,-179.32,6.705799057532226,14
ss_TCTGG,ss,5,nsp,-181.41,3.613495952675198,22,-145.04,6.975349310249636,9
ss_TCTGCT,ss,6,nsp,-177.31,6.266948938678211,20,-175.91,6.037496997928874,9
ss_TCTGGC,ss,6,nsp,-182.56,6.5855314895610375,20,-172.35,4.148223836776414,7
ss_TCTGGA,ss,6,nsp,-191.34,6.455818073644905,22,-184.65,5.669484985428571,12
ss_TCTGGT,ss,6,nsp,-181.27,5.672105605504891,28,-155.91,6.989942131377047,14
ss_TCTGGG,ss,6,nsp,-180.47,2.9135004719409476,26,-180.47,6.782381145291078,9
ss_TCTGT,ss,5,nsp,-187.12,3.474191704555182,24,-151.05,3.6752832543900613,13
ss_TCTGTA,ss,6,nsp,-185.35,6.046986522227423,24,-173.36,6.763602886036416,11
ss_TCTGTC,ss,6,nsp,-181.19,3.3473694149286985,24,-161.46,6.2603472747124815,11
ss_TCTGTG,ss,6,nsp,-174.88,2.855912113493724,27,-170.07,6.995420930866119,10
ss_TCTT,ss,4,rebuild-ss-fb,-131.71,2.7250411006074753,13,-131.71,3.2640358453913954,8
ss_TCTTA,ss,5,nsp,-174.75,3.307845371234898,23,-160.27,5.602832230220716,11
ss_TCTGTT,ss,6,nsp,-173.65,3.969948740223249,27,-170.07,3.925208402110661,12
ss_TCTTAC,ss,6,nsp,-166.28,5.464479298158241,28,-165.54,6.053602398572284,15
ss_TCTTAA,ss,6,nsp,-183.73,5.00845025931179,23,-154.64,6.223020327782961,5
ss_TCTTC,ss,5,nsp,-162.44,6.110494742653843,25,-160.2,6.615283894134851,8
ss_TCTTAG,ss,6,nsp,-190.6,2.8950139896035276,26,-190.6,6.22147699505512,8
ss_TCTTAT,ss,6,nsp,-190.93,2.926913903755962,25,-190.93,6.175860183002845,10
ss_TCTTCA,ss,6,nsp,-171.87,3.1576918785720722,22,-171.87,5.089734570682443,10
ss_TCTTG,ss,5,nsp,-185.56,5.126630959997038,21,-148.03,5.865552744626888,8
ss_TCTTCC,ss,6,nsp,-170.37,3.118401192919232,24,-154.55,4.312538231714589,8
ss_TCTTCT,ss,6,nsp,-177.59,1.6675197150258971,31,-177.59,4.945921349961001,15
ss_TCTTCG,ss,6,nsp,-174.9,2.8749153031002335,23,-174.9,6.249511100878217,7
ss_TCTTGA,ss,6,nsp,-175.28,2.4050124739801357,22,-175.28,6.175733883515392,9
ss_TCTTGC,ss,6,nsp,-174.41,2.569616702934506,25,-174.41,6.416387612979757,12
ss_TCTTGG,ss,6,nsp,-180.65,2.5931783586942245,22,-180.65,6.06406909591243,11
ss_TCTTT,ss,5,nsp,-162.6,3.396383223371605,24,-136.45,6.914638240718013,9
ss_TCTTGT,ss,6,nsp,-190.27,3.019208505552405,14,-190.27,6.293036627892774,6
ss_TCTTTA,ss,6,nsp,-166.08,2.865261070129582,23,-166.08,6.06163723757865,11
ss_TCTTTC,ss,6,nsp,-168.52,2.918431085360772,24,-168.52,6.438775970632941,13
ss_TCTTTG,ss,6,nsp,-180.43,2.9296160157945423,26,-180.43,6.099992213109794,9
ss_TGA,ss,3,rebuild-ss-fb,-142.94,6.701213696040441,7,-132.39,4.879302511630118,4
ss_TCTTTT,ss,6,nsp,-178.15,5.963112023096687,25,-171.13,6.189388095765191,12
ss_TGAA,ss,4,rebuild-ss-fb,-133.35,3.8677178025290266,11,-132.98,5.79038953784632,5
ss_TGAAA,ss,5,nsp,-186.52,3.0190695586554375,26,-186.52,5.520811262848954,12
ss_TGAAAA,ss,6,nsp,-206.28,5.909735780895804,27,-190.59,6.657834933369868,13
ss_TGAAAC,ss,6,nsp,-203.61,5.784170294865124,23,-195.64,6.8150026412320655,9
ss_TGAAC,ss,5,nsp,-183.83,6.970595383466198,24,-148.05,5.842250679318717,10
ss_TGAAAG,ss,6,nsp,-178.5,2.74276612200167,26,-165.23,3.4396716413053188,13
ss_TGAAAT,ss,6,nsp,-183.94,5.650111237843018,28,-180.95,3.0334986401843027,13
ss_TGAACA,ss,6,nsp,-194.76,5.6344331569378,22,-172.23,6.472891548604838,10
ss_TGAACC,ss,6,nsp,-204.02,2.8473528056775876,21,-204.02,6.973039939653296,8
ss_TGAACG,ss,6,nsp,-169.6,2.019026250448478,22,-169.6,5.702880763263433,10
ss_TGAAG,ss,5,nsp,-191.92,5.723243311270287,21,-182.28,4.268301067169474,7
ss_TGAACT,ss,6,nsp,-204.28,4.305868785738839,27,-189.62,6.84126209116416,9
ss_TGAAGA,ss,6,nsp,-196.34,2.5795418197811983,27,-196.34,6.278314582752298,14
ss_TGAAGG,ss,6,nsp,-176.95,2.3952845342464175,25,-176.95,6.155695086665692,12
ss_TGAAGC,ss,6,nsp,-197.22,4.956770117727884,29,-171.65,6.970138951269183,12
ss_TGAAGT,ss,6,nsp,-198.27,5.505704950321998,27,-177.67,5.87542347409954,12
ss_TGAAT,ss,5,nsp,-187.7,5.576191621528101,31,-156.59,4.980752854739953,14
ss_TGAC,ss,4,rebuild-ss-fb,-137.45,5.827258274694887,4,-134.33,2.560090623395968,2
ss_TGAATA,ss,6,nsp,-193.68,4.125793257059792,28,-181.79,6.397685675304772,13
ss_TGAATC,ss,6,nsp,-197.98,4.676520501398465,18,-145.79,2.391011083203075,6
ss_TGAATG,ss,6,nsp,-179.8,2.349989361678063,23,-179.8,5.51766182363509,11
ss_TGACA,ss,5,nsp,-183.62,5.238377134189572,23,-155.99,3.131402561153713,11
ss_TGAATT,ss,6,nsp,-191.71,5.19233608311327,26,-178.66,6.815821740626736,12
ss_TGACAA,ss,6,nsp,-205.12,5.901073970049864,27,-193.81,6.600488694028631,11
ss_TGACAC,ss,6,nsp,-191.96,5.661556764707036,30,-189.31,6.777850249157161,16
ss_TGACC,ss,5,nsp,-183.8,4.698796122412642,27,-155.6,6.174691328317556,10
ss_TGACAT,ss,6,nsp,-191.4,6.12915932245197,25,-176.86,3.474276039695187,11
ss_TGACAG,ss,6,nsp,-196.57,2.5503405654931632,26,-196.57,5.95633310015483,8
ss_TGACCA,ss,6,nsp,-191.13,5.951346738344202,24,-182.13,6.39158931721992,11
ss_TGACCC,ss,6,nsp,-193.0,5.9363849268725914,24,-172.33,5.540779909001992,8
ss_TGACCG,ss,6,nsp,-194.69,2.4067316011554123,20,-194.69,5.8198262860673085,10
ss_TGACG,ss,5,nsp,-183.12,4.832706695010592,19,-162.38,4.595038411156102,10
ss_TGACCT,ss,6,nsp,-190.39,6.128241672780223,23,-184.64,6.913876264440956,11
ss_TGACGA,ss,6,nsp,-192.43,6.064850698904307,27,-190.17,6.782958204205599,13
ss_TGACGC,ss,6,nsp,-192.02,5.637989978706947,27,-189.68,6.813693638548764,11
ss_TGACGG,ss,6,nsp,-189.27,2.7609297347089528,32,-189.27,6.409607164249622,14
ss_TGACT,ss,5,nsp,-183.73,4.6734999732534614,30,-138.16,6.804560603007376,12
ss_TGACGT,ss,6,nsp,-194.17,5.082741976531957,21,-177.88,3.141528449656323,7
ss_TGACTA,ss,6,nsp,-191.59,3.0365780082191165,25,-191.59,3.0365780082191165,10
ss_TGACTC,ss,6,nsp,-180.07,6.393489579251702,24,-180.05,6.443431461573865,9
ss_TGACTG,ss,6,nsp,-172.06,2.5039011561960547,22,-172.06,6.328307593661996,11
ss_TGAG,ss,4,rebuild-ss-fb,-143.99,2.5477123071493066,13,-143.99,3.082830517560126,8
ss_TGACTT,ss,6,nsp,-185.14,5.943927825941368,24,-146.17,2.4995097519313627,3
ss_TGAGA,ss,5,nsp,-175.4,4.9385160726679755,27,-148.15,4.432256535896809,11
ss_TGAGAA,ss,6,nsp,-194.28,5.421848669964904,25,-178.11,6.156136288289925,10
ss_TGAGAC,ss,6,nsp,-193.48,4.693328989107851,19,-155.11,3.5821413986608746,9
ss_TGAGC,ss,5,nsp,-170.84,3.273263050840853,26,-150.65,5.870110731493924,9
ss_TGAGAG,ss,6,nsp,-200.4,3.8186390245740824,30,-197.83,6.903928012370926,16
ss_TGAGAT,ss,6,nsp,-209.56,4.285984251021026,24,-164.32,2.752190582063691,11
ss_TGAGCA,ss,6,nsp,-188.55,4.350559849030935,22,-159.45,2.7228769711464964,12
ss_TGAGCC,ss,6,nsp,-194.59,2.846726892415224,32,-194.59,5.980250914468393,14
ss_TGAGCG,ss,6,nsp,-222.03,2.4914616192107086,29,-222.03,5.889827926179177,16
ss_TGAGG,ss,5,nsp,-172.24,3.410148383868376,23,-151.08,6.197953694567264,10
ss_TGAGCT,ss,6,nsp,-186.43,5.77076381426237,25,-176.51,5.643077351941942,10
ss_TGAGGC,ss,6,nsp,-188.51,3.7136663824312626,27,-180.48,5.9823016473594945,12
ss_TGAGGA,ss,6,nsp,-197.46,4.280464811209191,26,-194.9,5.764184070620922,8
ss_TGAGGG,ss,6,nsp,-200.64,4.118932264555959,26,-200.64,6.898051681453258,10
ss_TGAGGT,ss,6,nsp,-182.78,5.373760136068612,26,-166.71,3.831511973098887,14
ss_TGAGT,ss,5,nsp,-180.95,3.386410193700713,23,-178.43,6.503270331148782,9
ss_TGAGTA,ss,6,nsp,-208.76,5.338582302446975,25,-155.62,5.81257825753771,9
ss_TGAGTC,ss,6,nsp,-180.73,4.686077357449401,27,-176.32,2.609984865856517,12
ss_TGAGTG,ss,6,nsp,-194.73,4.564119411233675,24,-159.56,3.6385333583739534,11
ss_TGAT,ss,4,rebuild-ss-fb,-132.84,2.711405170755566,11,-132.84,5.6157664659421105,9
ss_TGATA,ss,5,nsp,-187.54,2.7148298289211423,29,-187.54,5.674999647577083,12
ss_TGAGTT,ss,6,nsp,-205.88,4.546956454596873,30,-162.85,6.131976353509518,10
ss_TGATAA,ss,6,nsp,-179.55,2.7438536768567032,22,-179.55,6.30315072007643,14
ss_TGATAC,ss,6,nsp,-179.32,2.924121235516776,23,-174.1,6.136464861791366,11
ss_TGATAG,ss,6,nsp,-187.53,3.0572042784217146,26,-187.53,6.215500945217522,11
ss_TGATC,ss,5,nsp,-188.16,6.035349368512156,24,-146.74,6.272704121828156,7
ss_TGATAT,ss,6,nsp,-203.09,5.844436927540584,26,-167.97,3.475805230446615,11
ss_TGATCA,ss,6,nsp,-184.17,3.133695741452889,24,-184.17,6.140198286700516,13
ss_TGATCC,ss,6,nsp,-183.28,2.4903305001545446,27,-183.28,5.162473244482726,11
ss_TGATCG,ss,6,nsp,-163.74,3.0298564322422994,23,-157.58,6.16243442155776,10
ss_TGATCT,ss,6,nsp,-208.5,4.934692796922619,25,-160.49,2.263753741023963,9
ss_TGATG,ss,5,nsp,-189.4,5.820838083987577,22,-169.41,5.194501131003832,10
ss_TGATGC,ss,6,nsp,-179.09,2.6170126098282367,26,-179.09,6.354912509232522,9
ss_TGATGA,ss,6,nsp,-172.13,2.47014351809768,26,-172.13,4.491271757531488,14
ss_TGATGG,ss,6,nsp,-186.77,2.6304163168593697,31,-186.77,5.928410663913218,13
ss_TGATGT,ss,6,nsp,-206.13,3.7318711124581987,24,-166.32,2.8665805413418957,8
ss_TGATT,ss,5,nsp,-181.4,3.5681918390131644,22,-150.76,6.422119665655573,7
ss_TGATTA,ss,6,nsp,-186.32,2.508023524610559,24,-186.32,5.630229125000145,12
ss_TGC,ss,3,rebuild-ss-fb,-135.97,3.606140457608377,13,-124.64,2.8231670159592004,9
ss_TGATTG,ss,6,nsp,-196.14,2.421661000222788,24,-196.14,6.161333946476209,10
ss_TGATTC,ss,6,nsp,-187.43,2.6003109429450992,24,-187.43,6.205916934668079,13
ss_TGCA,ss,4,rebuild-ss-fb,-132.03,6.449697899901984,12,-131.01,3.007806343500193,9
ss_TGATTT,ss,6,nsp,-229.86,4.776268522602146,25,-185.09,2.5219557886687833,9
ss_TGCAA,ss,5,nsp,-192.18,2.844064345263672,25,-192.18,6.093332257476221,12
ss_TGCAAA,ss,6,nsp,-177.91,3.009204878369034,28,-177.91,5.732569755354049,12
ss_TGCAC,ss,5,nsp,-185.81,3.303429430152865,22,-157.46,5.108773042522063,4
ss_TGCAAC,ss,6,nsp,-177.77,2.6036144107759083,27,-177.77,5.350424001889941,13
ss_TGCAAG,ss,6,nsp,-169.18,3.0911526976194437,27,-169.18,6.039354352908948,11
ss_TGCAAT,ss,6,nsp,-190.07,5.704669227921988,30,-167.11,6.101416474885153,15
ss_TGCACA,ss,6,nsp,-163.87,2.489480267043715,19,-163.87,5.98812341222191,10
ss_TGCACC,ss,6,nsp,-167.11,4.6609544087021435,22,-163.33,5.513336739217012,8
ss_TGCACG,ss,6,nsp,-177.1,2.282008106909357,28,-177.1,5.532555738535321,9
ss_TGCACT,ss,6,nsp,-188.04,5.637254118806425,24,-176.19,2.9934737346434157,9
ss_TGCAG,ss,5,nsp,-191.37,3.286844991781634,24,-185.62,6.794376277481255,8
ss_TGCAGG,ss,6,nsp,-168.87,2.8065428911741197,25,-168.87,6.115920699289697,9
ss_TGCAGA,ss,6,nsp,-180.03,2.3527211904516045,26,-180.03,5.809042175780797,11
ss_TGCAGC,ss,6,nsp,-168.36,1.6410426563621203,22,-168.36,4.9113795414323445,11
ss_TGCAT,ss,5,nsp,-187.09,3.5337262202949713,29,-141.87,3.9723194735569693,8
ss_TGCAGT,ss,6,nsp,-195.47,5.343622460466323,27,-171.3,3.098195119743113,12
ss_TGCATA,ss,6,nsp,-171.27,2.736422116560243,23,-171.27,6.237019159823074,14
ss_TGCATC,ss,6,nsp,-179.89,5.968952085584202,22,-147.5,4.418297975465214,11
ss_TGCC,ss,4,rebuild-ss-fb,-142.06,6.5136779165076995,11,-138.27,2.561952966000727,7
ss_TGCATG,ss,6,nsp,-179.3,2.4668171800926104,18,-179.3,5.747537994654765,7
ss_TGCCA,ss,5,nsp,-202.82,3.1776546382513224,22,-157.64,6.219325606526818,9
ss_TGCATT,ss,6,nsp,-182.86,4.132860752553864,22,-170.59,6.253514212025117,5
ss_TGCCAA,ss,6,nsp,-176.67,6.320332111527046,26,-156.97,5.712155722667223,10
ss_TGCCAC,ss,6,nsp,-168.71,6.2062849596195635,26,-156.53,6.062174279909828,11
ss_TGCCC,ss,5,nsp,-197.08,3.2003013920567263,19,-165.69,6.190190788659105,7
ss_TGCCAG,ss,6,nsp,-189.34,2.5907622430474073,27,-189.34,5.782277319534244,10
ss_TGCCAT,ss,6,nsp,-199.58,5.841074301872908,25,-178.37,6.0885030179839665,12
ss_TGCCCA,ss,6,nsp,-183.49,2.274928350520079,24,-183.49,5.545072767782221,13
ss_TGCCCC,ss,6,nsp,-188.54,2.7914463992704475,29,-188.54,6.718700916099776,15
ss_TGCCCG,ss,6,nsp,-189.02,2.4702781219935757,20,-189.02,5.676579075464384,9
ss_TGCCG,ss,5,nsp,-188.03,3.4418070834955286,20,-165.21,5.240224136427744,9
ss_TGCCCT,ss,6,nsp,-191.11,5.627503976009266,29,-182.32,3.55443244414631,9
ss_TGCCGC,ss,6,nsp,-177.59,2.71806861576378,23,-177.59,5.91418878630028,12
ss_TGCCGA,ss,6,nsp,-180.07,2.1951703806310903,23,-180.07,5.9594161626790285,13
ss_TGCCGG,ss,6,nsp,-169.45,2.945315433022424,24,-169.45,6.316349420353498,12
ss_TGCCGT,ss,6,nsp,-186.27,5.59621050354615,25,-169.84,6.231987243247521,8
ss_TGCCT,ss,5,nsp,-198.41,3.2960793376373796,27,-163.37,5.67310937669987,11
ss_TGCCTC,ss,6,nsp,-178.46,6.426315118324033,25,-151.21,3.0541383400232696,12
ss_TGCCTG,ss,6,nsp,-182.96,5.774911341310787,23,-153.2,4.814233999298333,12
ss_TGCCTA,ss,6,nsp,-172.54,6.050081404411037,24,-144.36,2.6734677854801316,9
ss_TGCG,ss,4,rebuild-ss-fb,-143.92,2.551242834384834,9,-143.92,2.674376749824147,7
ss_TGCCTT,ss,6,nsp,-180.0,4.685084097430924,27,-174.46,6.606695694520831,14
ss_TGCGA,ss,5,nsp,-212.8,3.7891217979896163,22,-152.77,6.681986081996878,8
ss_TGCGAA,ss,6,nsp,-186.01,6.884108802161688,27,-180.2,6.835100365027574,10
ss_TGCGAC,ss,6,nsp,-195.58,3.7351836634896514,30,-195.58,6.625152451076122,12
ss_TGCGC,ss,5,nsp,-201.77,4.078562246674708,21,-156.48,5.86122197156873,9
ss_TGCGAT,ss,6,nsp,-196.85,3.881481418221664,28,-174.4,6.5854646760877955,10
ss_TGCGAG,ss,6,nsp,-178.48,5.807113568718985,25,-164.5,5.594351883819966,8
ss_TGCGCA,ss,6,nsp,-189.08,4.61577100818489,25,-183.79,6.901941973097144,11
ss_TGCGCC,ss,6,nsp,-186.57,3.944537108457725,33,-185.04,6.7518724069697855,14
ss_TGCGCG,ss,6,nsp,-162.9,3.5367043981650546,22,-159.64,6.490845399483803,9
ss_TGCGG,ss,5,nsp,-209.52,3.4418426750797453,24,-187.37,4.571627828246734,12
ss_TGCGCT,ss,6,nsp,-214.72,4.672834685712735,29,-179.68,2.7481200847124603,12
ss_TGCGGA,ss,6,nsp,-192.77,4.253831331870141,27,-180.69,6.03381297356821,13
ss_TGCGGC,ss,6,nsp,-186.75,4.0780510050758325,27,-186.75,6.898433010474189,14
ss_TGCGGG,ss,6,nsp,-172.44,6.177022340901811,25,-171.46,5.629493227636052,10
ss_TGCGT,ss,5,nsp,-216.81,3.505080455567333,21,-169.23,6.544075946992059,10
ss_TGCGGT,ss,6,nsp,-186.57,4.688051407567962,32,-165.88,5.938102558898758,13
ss_TGCGTA,ss,6,nsp,-204.98,4.98199568446221,23,-159.01,3.275105341817277,9
ss_TGCGTC,ss,6,nsp,-191.14,2.5447123609555415,26,-191.14,2.7360535447976875,7
ss_TGCGTG,ss,6,nsp,-180.56,6.029352618648202,21,-154.14,6.279889807950454,5
ss_TGCT,ss,4,rebuild-ss-fb,-140.42,2.4336086373942774,11,-140.42,2.4336086373942774,6
ss_TGCTA,ss,5,nsp,-200.42,2.9789489757295455,24,-183.24,6.868526333938017,12
ss_TGCGTT,ss,6,nsp,-229.53,4.559449747502448,24,-165.27,6.662209468337058,9
ss_TGCTAA,ss,6,nsp,-163.76,2.6554737807028017,22,-163.76,6.254978577101595,10
ss_TGCTAC,ss,6,nsp,-162.48,2.2871119342961777,20,-162.48,5.866483614568434,10
ss_TGCTC,ss,5,nsp,-190.62,3.3171020484754483,26,-149.92,5.923276373764795,9
ss_TGCTAG,ss,6,nsp,-180.86,5.3684637467342755,19,-158.57,3.1947774570382705,5
ss_TGCTAT,ss,6,nsp,-160.02,5.79652128435669,23,-155.07,6.7807961921886495,13
ss_TGCTCA,ss,6,nsp,-161.61,2.199973863481107,26,-161.61,5.694842754633353,12
ss_TGCTCC,ss,6,nsp,-181.41,2.988141562911643,29,-179.88,5.0736416901472365,11
ss_TGCTCG,ss,6,nsp,-181.85,5.851849707571111,20,-154.21,5.256553718930312,10
ss_TGCTG,ss,5,nsp,-208.71,3.005859111801494,23,-176.55,5.424895943702515,14
ss_TGCTCT,ss,6,nsp,-187.48,5.312033132426806,16,-154.04,3.405790069866321,6
ss_TGCTGC,ss,6,nsp,-188.15,6.21650456446387,22,-157.23,5.608012303838143,13
ss_TGCTGA,ss,6,nsp,-171.37,2.842605319069129,24,-171.37,5.235123494245396,12
ss_TGCTT,ss,5,nsp,-198.04,3.169058850826234,26,-166.63,5.473443248997837,8
ss_TGCTGG,ss,6,nsp,-183.14,5.85950996244566,21,-176.49,5.8676208125610865,12
ss_TGCTGT,ss,6,nsp,-180.35,5.841306103946275,24,-164.51,3.4772690433729836,8
ss_TGCTTA,ss,6,nsp,-181.1,6.473129305057965,22,-178.64,5.829746135124574,11
ss_TGCTTC,ss,6,nsp,-186.52,5.587456845470954,21,-177.09,5.937499305263129,10
ss_TGG,ss,3,rebuild-ss-fb,-146.39,3.455743480063309,9,-122.66,4.164756655556243,4
ss_TGCTTG,ss,6,nsp,-185.22,5.993654144176153,22,-163.21,5.983091508576484,11
ss_TGGA,ss,4,rebuild-ss-fb,-146.95,6.190938781800388,12,-126.05,4.352200133265933,7
ss_TGCTTT,ss,6,nsp,-177.91,2.5927115149973896,19,-177.91,5.825971335322555,11
ss_TGGAA,ss,5,nsp,-183.22,4.6803307575426665,27,-163.07,5.953689444369771,15
ss_TGGAAC,ss,6,nsp,-188.74,2.8847381163634243,24,-152.63,5.230173419686971,8
ss_TGGAAA,ss,6,nsp,-168.41,5.939283963576767,23,-165.37,5.597545980159519,11
ss_TGGAC,ss,5,nsp,-178.17,3.840083462634644,26,-162.56,6.4802165087287085,11
ss_TGGAAG,ss,6,nsp,-173.78,2.3813510870932024,21,-173.78,5.550285307981924,7
ss_TGGAAT,ss,6,nsp,-199.96,4.328345988943141,22,-185.25,6.989199882676124,8
ss_TGGACA,ss,6,nsp,-183.89,2.626653384061163,23,-183.89,4.612060493965806,12
ss_TGGACC,ss,6,nsp,-180.0,2.9513193659785335,25,-180.0,6.056568252731925,10
ss_TGGACG,ss,6,nsp,-170.95,2.2900532744894817,27,-170.95,5.524484953368964,11
ss_TGGAG,ss,5,nsp,-194.55,3.725474063793781,29,-154.65,6.144721555937261,11
ss_TGGACT,ss,6,nsp,-188.48,4.493395709260428,23,-159.08,5.937332481847371,6
ss_TGGAGA,ss,6,nsp,-178.14,2.093995940779252,26,-178.14,5.765651480968993,12
ss_TGGAGC,ss,6,nsp,-198.61,2.586375069474661,28,-198.61,6.235377935618662,13
ss_TGGAGG,ss,6,nsp,-179.24,6.210150883835262,28,-177.8,6.375994432243496,9
ss_TGGAT,ss,5,nsp,-189.81,3.877805693946016,21,-146.58,6.670002773612615,9
ss_TGGAGT,ss,6,nsp,-187.27,5.769735175898466,24,-171.75,6.558879782401863,7
ss_TGGATA,ss,6,nsp,-174.72,2.6011662768842796,23,-174.72,6.254471840211607,11
ss_TGGATC,ss,6,nsp,-166.39,2.588819228914998,23,-164.18,5.878312768133389,10
ss_TGGATG,ss,6,nsp,-179.3,2.1558075053213974,25,-179.3,5.628314490147126,10
ss_TGGC,ss,4,rebuild-ss-fb,-129.82,2.6889466339070416,5,-129.82,2.6889466339070416,5
ss_TGGATT,ss,6,nsp,-181.33,5.095319518931101,23,-175.27,6.534487279044929,7
ss_TGGCA,ss,5,nsp,-187.07,3.6533691299949607,22,-157.08,5.812559763133616,7
ss_TGGCAA,ss,6,nsp,-191.15,2.7186638262205247,24,-191.15,6.188403186606385,10
ss_TGGCAC,ss,6,nsp,-186.12,2.3943353983934688,29,-185.19,5.704805868739093,11
ss_TGGCAG,ss,6,nsp,-198.64,2.3957566654399782,24,-198.64,5.840094006092702,14
ss_TGGCC,ss,5,nsp,-182.39,3.7802380877399964,23,-168.56,6.362946958760551,12
ss_TGGCAT,ss,6,nsp,-192.49,5.448045888206179,20,-184.23,6.186499656510131,9
ss_TGGCCC,ss,6,nsp,-189.38,2.4127567220919843,29,-189.38,5.059406388105229,15
ss_TGGCCA,ss,6,nsp,-187.8,2.62366270698045,26,-187.8,5.784140039798498,10
ss_TGGCCG,ss,6,nsp,-184.32,2.415304949690621,21,-184.32,5.492397472871024,12
ss_TGGCCT,ss,6,nsp,-178.68,4.527010161243308,23,-177.25,5.9647992422209795,11
ss_TGGCG,ss,5,nsp,-197.0,3.5010605536037263,27,-144.44,4.100728106080667,12
ss_TGGCGA,ss,6,nsp,-194.56,2.4573520301332636,29,-194.56,5.95823178468243,14
ss_TGGCGC,ss,6,nsp,-202.03,2.9529109366860578,29,-202.03,6.953833618947183,15
ss_TGGCGG,ss,6,nsp,-191.95,2.1524873983370907,28,-191.95,5.844545919059921,12
ss_TGGCT,ss,5,nsp,-181.62,6.095274727196488,25,-158.72,6.199110258738756,10
ss_TGGCGT,ss,6,nsp,-188.64,5.371613724012551,22,-166.17,4.035274959652684,8
ss_TGGCTA,ss,6,nsp,-191.57,2.6176991805782484,18,-191.57,5.661204995405147,8
ss_TGGCTC,ss,6,nsp,-186.9,3.1211089375412775,21,-186.9,6.247774403737704,11
ss_TGGG,ss,4,rebuild-ss-fb,-140.89,2.4613819289171697,15,-140.89,2.897885263429166,12
ss_TGGCTG,ss,6,nsp,-193.41,2.592228770768517,20,-193.41,5.7723426786704275,11
ss_TGGCTT,ss,6,nsp,-195.56,2.56686520877119,22,-195.56,3.3940316733937554,9
ss_TGGGA,ss,5,nsp,-187.98,3.8517998390362806,23,-180.29,5.763927220220603,10
ss_TGGGAC,ss,6,nsp,-189.5,5.194688826099214,27,-178.69,6.214600550316963,12
ss_TGGGAA,ss,6,nsp,-190.03,6.678660045248604,26,-187.23,6.736814751794792,10
ss_TGGGAG,ss,6,nsp,-170.25,2.8377402981950315,24,-170.25,6.1221484790880485,10
ss_TGGGC,ss,5,nsp,-179.87,4.041254631918186,26,-173.73,6.214451625043028,12
ss_TGGGAT,ss,6,nsp,-179.47,5.668941347376967,28,-178.53,6.766606830605708,9
ss_TGGGCA,ss,6,nsp,-193.19,5.188022070114974,28,-178.1,6.883217271015071,11
ss_TGGGCC,ss,6,nsp,-193.84,2.5708749483395863,26,-193.84,5.10388665626501,13
ss_TGGGG,ss,5,nsp,-175.85,4.13603542054467,25,-169.21,5.409757295849787,13
ss_TGGGCG,ss,6,nsp,-179.5,3.111031018810327,27,-166.84,5.709673283122254,12
ss_TGGGCT,ss,6,nsp,-191.06,2.4961870923470495,22,-191.06,2.4961870923470495,7
ss_TGGGGA,ss,6,nsp,-193.19,4.496012789127748,31,-189.65,5.814258680175838,13
ss_TGGGGC,ss,6,nsp,-202.35,4.633260730846047,26,-172.49,5.821807365414968,9
ss_TGGGGG,ss,6,nsp,-167.73,5.832090277079056,28,-167.02,6.070435651582193,10
ss_TGGGT,ss,5,nsp,-180.46,4.087725773581208,21,-177.32,6.74187844743584,8
ss_TGGGGT,ss,6,nsp,-189.14,4.92198191788634,26,-177.77,6.798850564617532,15
ss_TGGGTC,ss,6,nsp,-186.99,5.559973381231252,27,-156.21,6.385005324978205,9
ss_TGGGTA,ss,6,nsp,-204.1,5.344651719242328,23,-179.55,6.177059008945939,8
ss_TGGGTG,ss,6,nsp,-168.8,3.803378235200921,23,-161.68,3.311163239708961,10
ss_TGGT,ss,4,rebuild-ss-fb,-135.91,6.349028429610337,11,-128.64,1.9958852672435863,5
ss_TGGTA,ss,5,nsp,-186.95,4.934608089808148,22,-158.17,6.199097514961351,8
ss_TGGGTT,ss,6,nsp,-176.9,4.706145875342168,26,-172.5,6.460887245572391,7
ss_TGGTAA,ss,6,nsp,-186.94,2.166902397432807,25,-186.94,5.929906744629304,12
ss_TGGTAC,ss,6,nsp,-207.8,3.2231650593787697,26,-176.27,6.30113846856265,9
ss_TGGTC,ss,5,nsp,-182.01,5.187533999888597,24,-159.42,6.152669339400587,13
ss_TGGTAG,ss,6,nsp,-180.96,3.24894536734615,28,-180.96,6.536291303177979,15
ss_TGGTAT,ss,6,nsp,-181.33,2.9540008463099805,29,-181.33,6.04711608950911,10
ss_TGGTCA,ss,6,nsp,-201.65,6.230076163258368,27,-192.76,4.265350864817587,10
ss_TGGTCC,ss,6,nsp,-197.93,2.334935759287626,25,-197.93,5.124014832140904,13
ss_TGGTCG,ss,6,nsp,-194.62,2.3422139099578443,25,-194.62,5.49736464135317,13
ss_TGGTG,ss,5,nsp,-179.22,4.1100232359440785,21,-159.91,5.385411869114566,10
ss_TGGTCT,ss,6,nsp,-197.94,3.3530353412990013,27,-180.41,6.2969425914486505,12
ss_TGGTGC,ss,6,nsp,-209.52,2.9582273408242394,29,-191.48,6.171800628665842,14
ss_TGGTGA,ss,6,nsp,-182.14,2.2644577717414114,23,-182.14,5.875655793185996,12
ss_TGGTGG,ss,6,nsp,-180.23,2.948127032541187,21,-169.01,5.744819666447329,8
ss_TGGTT,ss,5,nsp,-181.7,6.115557210917083,26,-159.76,6.209869966432473,14
ss_TGGTGT,ss,6,nsp,-186.41,3.012320202103363,24,-186.41,6.213479138131877,11
ss_TGGTTA,ss,6,nsp,-188.31,2.0199133644787874,25,-188.31,5.533492658348805,15
ss_TGT,ss,3,rebuild-ss-fb,-133.45,3.7157752892229667,13,-125.66,5.201516798011898,6
ss_TGGTTG,ss,6,nsp,-188.72,3.009854481532314,27,-188.72,6.046207158210848,12
ss_TGGTTC,ss,6,nsp,-179.11,2.844505053607744,23,-179.11,6.143693107569743,9
ss_TGTA,ss,4,rebuild-ss-fb,-191.26,6.050087272097839,10,-129.88,2.837820642676337,6
ss_TGGTTT,ss,6,nsp,-175.63,2.4430671296548754,24,-175.63,6.23074987461381,11
ss_TGTAA,ss,5,nsp,-190.9,3.2628584094318454,22,-149.22,5.364176078392657,7
ss_TGTAAA,ss,6,nsp,-181.0,2.4225544369528675,23,-181.0,5.391642606849982,12
ss_TGTAAC,ss,6,nsp,-187.56,6.148860219585436,26,-173.07,5.584737146903175,11
ss_TGTAAG,ss,6,nsp,-191.34,6.0830632086145835,29,-177.91,6.659239370979241,14
ss_TGTAC,ss,5,nsp,-188.33,6.093478563185403,25,-144.84,4.383844659656645,10
ss_TGTAAT,ss,6,nsp,-174.08,2.5494146386965046,23,-174.08,5.751023648012593,9
ss_TGTACA,ss,6,nsp,-169.8,2.8646607128942803,25,-165.04,5.778502401141683,12
ss_TGTACC,ss,6,nsp,-172.12,2.3943738221088178,21,-172.12,5.589650973003588,12
ss_TGTACG,ss,6,nsp,-174.29,2.551012740070128,16,-174.29,5.834933932787933,6
ss_TGTACT,ss,6,nsp,-169.24,3.9734300044168553,29,-165.69,6.328400271790654,16
ss_TGTAG,ss,5,nsp,-193.85,3.4948689531941195,25,-157.0,6.13229965021281,6
ss_TGTAGA,ss,6,nsp,-183.67,3.0754415943080518,24,-183.67,5.922925375184135,12
ss_TGTAGG,ss,6,nsp,-181.25,2.5178081737892657,26,-181.25,5.793543388980525,12
ss_TGTAGC,ss,6,nsp,-175.4,3.532792946098032,23,-175.4,6.6791624474929465,11
ss_TGTAT,ss,5,nsp,-188.67,6.154628827151173,27,-164.78,6.8359449968530415,11
ss_TGTAGT,ss,6,nsp,-189.08,5.84111573246072,28,-174.75,6.013304166595945,13
ss_TGTATA,ss,6,nsp,-179.27,2.7024753467885736,28,-179.27,5.9003122798712955,11
ss_TGTATG,ss,6,nsp,-175.07,2.588485850840224,26,-175.07,5.788897649812085,10
ss_TGTATC,ss,6,nsp,-177.74,2.5661116499482226,25,-177.74,5.687750785679703,11
ss_TGTC,ss,4,rebuild-ss-fb,-142.74,2.726640973799076,10,-142.74,3.0683482527249057,5
ss_TGTATT,ss,6,nsp,-180.19,6.272427361078013,32,-168.23,6.759675731867614,15
ss_TGTCA,ss,5,nsp,-187.99,3.1923292436714674,22,-150.41,4.4027679929789665,8
ss_TGTCAA,ss,6,nsp,-175.65,2.298687886599665,25,-175.65,6.055272413360118,12
ss_TGTCAC,ss,6,nsp,-178.11,2.2168441532954186,25,-178.11,5.940006228952967,11
ss_TGTCC,ss,5,nsp,-178.98,3.1171539904214147,22,-145.66,5.42064138271477,11
ss_TGTCAG,ss,6,nsp,-183.54,2.279982894672673,25,-183.54,5.933518854777495,11
ss_TGTCAT,ss,6,nsp,-179.96,2.5233852262387564,29,-179.96,5.423341497637784,14
ss_TGTCCA,ss,6,nsp,-172.29,2.785199813298865,22,-172.29,5.909473072956682,12
ss_TGTCCC,ss,6,nsp,-176.19,3.1830301600833137,25,-158.88,5.749441277202521,12
ss_TGTCCT,ss,6,nsp,-175.11,2.968219331518481,23,-175.11,6.04383404801952,12
ss_TGTCCG,ss,6,nsp,-179.47,2.907930019790714,18,-179.47,6.119506924581424,9
ss_TGTCG,ss,5,nsp,-189.4,3.391907133162706,22,-173.83,5.418623441428657,9
ss_TGTCGA,ss,6,nsp,-173.62,2.881254761384367,23,-173.62,6.0310467582336145,10
ss_TGTCGC,ss,6,nsp,-182.68,5.9365175818825024,28,-176.41,5.13040134882253,15
ss_TGTCGG,ss,6,nsp,-171.73,1.3265221445569468,25,-171.73,5.384906777280374,12
ss_TGTCT,ss,5,nsp,-186.01,5.659964487521121,22,-171.86,6.596866149923007,9
ss_TGTCGT,ss,6,nsp,-183.68,6.143233838948353,23,-172.95,5.708490693694785,8
ss_TGTCTA,ss,6,nsp,-154.03,2.136630290901994,18,-154.03,3.7053078144737297,8
ss_TGTCTC,ss,6,nsp,-154.13,2.5417275621120194,21,-154.13,4.855692123683286,12
ss_TGTCTG,ss,6,nsp,-184.11,2.432775780872547,23,-184.11,5.5548157485194825,12
ss_TGTG,ss,4,rebuild-ss-fb,-187.47,6.978471609170605,11,-143.82,2.982898255053301,5
ss_TGTCTT,ss,6,nsp,-181.53,5.507095967930836,22,-168.95,6.04445109170386,12
ss_TGTGA,ss,5,nsp,-200.69,3.2634357661826363,16,-138.99,6.256015585018947,6
ss_TGTGAC,ss,6,nsp,-186.51,2.80386215781017,20,-186.51,5.659654229721097,8
ss_TGTGAA,ss,6,nsp,-186.3,2.927925203962702,24,-186.3,5.558718737263113,11
ss_TGTGC,ss,5,nsp,-201.26,3.5479417977187975,23,-136.02,4.4861659576970645,8
ss_TGTGAG,ss,6,nsp,-179.59,6.32926931011788,27,-168.56,5.631650379773233,11
ss_TGTGAT,ss,6,nsp,-185.97,5.533045273626447,26,-183.43,4.388624955495755,10
ss_TGTGCA,ss,6,nsp,-166.39,2.8849809358122323,22,-159.04,5.579468254233555,10
ss_TGTGCC,ss,6,nsp,-166.94,3.277711854327662,21,-161.29,5.499918090299178,11
ss_TGTGCG,ss,6,nsp,-170.12,2.6866384200334834,18,-170.12,6.549901602314349,10
ss_TGTGG,ss,5,nsp,-192.74,3.5086733960287932,27,-184.86,4.577396203083148,8
ss_TGTGCT,ss,6,nsp,-193.83,5.137572481240529,22,-170.43,3.348723488136937,7
ss_TGTGGA,ss,6,nsp,-166.2,3.11596550045086,24,-166.2,5.936901296130837,13
ss_TGTGGC,ss,6,nsp,-179.48,6.16812491767149,24,-168.13,6.741665447053874,9
ss_TGTGGG,ss,6,nsp,-172.05,3.1127091094414947,27,-172.05,5.992122161638577,14
ss_TGTGT,ss,5,nsp,-204.75,3.0534901342562213,23,-152.72,5.581415859797596,8
ss_TGTGGT,ss,6,nsp,-188.26,3.8213279105567652,29,-174.76,4.185193663380469,12
ss_TGTGTA,ss,6,nsp,-182.69,6.273398520738196,23,-158.88,5.889268969914691,6
ss_TGTGTC,ss,6,nsp,-182.17,6.056318601262655,24,-170.32,6.342850857461496,11
ss_TGTT,ss,4,rebuild-ss-fb,-184.61,6.559491519927454,13,-143.22,3.4049176201488427,8
ss_TGTGTG,ss,6,nsp,-178.7,5.960817141969732,24,-153.61,6.000913347149752,14
ss_TGTTA,ss,5,nsp,-180.42,3.3574829858094644,20,-154.8,6.0237948172227975,9
ss_TGTGTT,ss,6,nsp,-173.16,4.812207289799561,26,-161.3,3.258261039266193,13
ss_TGTTAA,ss,6,nsp,-187.81,5.847760255003647,23,-159.83,5.628794720008908,11
ss_TGTTAC,ss,6,nsp,-166.62,2.710899112840597,28,-161.88,5.892801795411094,13
ss_TGTTAG,ss,6,nsp,-181.7,2.1913306459774824,14,-181.7,5.8874699149974425,4
ss_TGTTC,ss,5,nsp,-184.37,3.291692269942632,18,-154.73,6.140918090969804,7
ss_TGTTAT,ss,6,nsp,-171.92,4.7995813359083925,21,-164.67,5.161502688171333,9
ss_TGTTCA,ss,6,nsp,-183.09,5.8445583237743755,20,-163.03,5.973423976246791,8
ss_TGTTCC,ss,6,nsp,-182.79,6.368181373045228,24,-153.43,5.057850235030678,12
ss_TGTTCG,ss,6,nsp,-179.43,6.174841617402026,23,-158.87,6.278768191293576,11
ss_TGTTG,ss,5,nsp,-190.22,3.3479393662370995,25,-150.22,5.112735569144973,10
ss_TGTTCT,ss,6,nsp,-185.77,5.744468817915212,23,-162.51,5.368275514539108,14
ss_TGTTGA,ss,6,nsp,-158.44,6.863982298928231,24,-154.38,5.095086750978826,11
ss_TGTTGC,ss,6,nsp,-184.35,6.506211954739879,22,-167.09,6.064870897224446,10
ss_TGTTGG,ss,6,nsp,-175.59,3.0993994579595627,21,-175.59,6.466784827099173,6
ss_TGTTGT,ss,6,nsp,-184.53,6.124182067835681,21,-169.22,5.283999810749429,7
ss_TGTTT,ss,5,nsp,-175.27,3.1848018776683737,25,-147.05,5.614364523256402,10
ss_TGTTTG,ss,6,nsp,-180.69,2.4065797306551158,23,-180.69,5.515861673392489,14
ss_TGTTTA,ss,6,nsp,-189.68,5.463033406451027,21,-156.77,3.047904690110899,8
ss_TGTTTC,ss,6,nsp,-185.7,6.218981106258486,22,-150.36,6.985667684624012,10
ss_TTA,ss,3,rebuild-ss-fb,-133.5,5.8179975936743125,6,-118.51,4.973572357973697,3
ss_TTAA,ss,4,rebuild-ss-fb,-176.32,6.769721855438389,6,-124.78,3.6170311029903974,4
ss_TGTTTT,ss,6,nsp,-184.01,6.239343955897938,24,-180.7,6.932378740374762,13
ss_TTAAA,ss,5,nsp,-188.86,3.216652918796214,25,-165.17,6.017171594694632,8
ss_TTAAAA,ss,6,nsp,-192.06,5.714354294231347,26,-162.21,5.639942286938767,10
ss_TTAAC,ss,5,nsp,-203.44,3.5970239087334503,25,-151.86,6.7017109009565665,11
ss_TTAAAC,ss,6,nsp,-196.39,5.859859554630982,29,-192.37,3.289102765192963,12
ss_TTAAAT,ss,6,nsp,-193.93,6.038131499064912,24,-182.3,6.958045199623224,10
ss_TTAAAG,ss,6,nsp,-201.34,2.4764476574319207,27,-201.34,5.769498071756336,12
ss_TTAACA,ss,6,nsp,-210.67,2.695435586319955,28,-210.67,5.8118528026783425,11
ss_TTAACC,ss,6,nsp,-203.43,2.601617958117604,27,-203.43,6.935888912028495,17
ss_TTAACG,ss,6,nsp,-213.79,2.2019575381918894,27,-213.79,5.94682326961212,12
ss_TTAAG,ss,5,nsp,-188.35,3.1315492970732786,21,-160.99,4.924479566411049,10
ss_TTAACT,ss,6,nsp,-192.98,6.452832633812851,26,-177.51,3.3066318210529584,10
ss_TTAAGA,ss,6,nsp,-194.27,5.370030353731734,27,-162.6,3.863733427657761,9
ss_TTAAGG,ss,6,nsp,-220.79,2.618825309179666,25,-220.79,5.924065664727218,11
ss_TTAAGC,ss,6,nsp,-186.8,5.768233091684137,20,-159.89,6.49021933373595,7
ss_TTAAT,ss,5,nsp,-197.44,3.2549288778712455,23,-150.36,5.40465031246241,12
ss_TTAAGT,ss,6,nsp,-188.99,6.077244194534228,20,-179.86,6.689648794966739,9
ss_TTAATA,ss,6,nsp,-187.61,6.40921758095325,26,-176.01,4.632505261734753,11
ss_TTAATC,ss,6,nsp,-186.48,5.652573396250611,24,-152.33,6.635112207039146,10
ss_TTAC,ss,4,rebuild-ss-fb,-129.81,6.936676509683872,8,-128.88,3.2375850567977493,5
ss_TTAATG,ss,6,nsp,-194.74,5.925594738083264,26,-182.59,5.977301146838761,10
ss_TTACA,ss,5,nsp,-189.89,3.0736566171256157,21,-167.66,6.366120168517088,11
ss_TTAATT,ss,6,nsp,-187.68,4.112987843405343,29,-172.31,2.9350049403706375,8
ss_TTACAA,ss,6,nsp,-202.24,6.19542161600002,30,-198.09,6.409251438350667,14
ss_TTACAC,ss,6,nsp,-194.16,2.638534820691207,26,-194.16,6.95880542909484,9
ss_TTACC,ss,5,nsp,-187.08,3.519143503752033,18,-163.06,6.565334721093827,6
ss_TTACAG,ss,6,nsp,-222.56,2.2179059944010344,27,-222.56,5.813935414157967,15
ss_TTACAT,ss,6,nsp,-201.07,6.171757853318624,23,-164.23,6.730007800887012,8
ss_TTACCA,ss,6,nsp,-193.07,3.173568811291147,21,-193.07,6.609102283971702,8
ss_TTACCC,ss,6,nsp,-202.49,2.8095485402462788,22,-165.95,3.5019373209696423,8
ss_TTACCG,ss,6,nsp,-191.85,5.706601615672862,23,-156.88,3.6760682801058033,7
ss_TTACCT,ss,6,nsp,-193.99,2.6783138352329106,26,-193.99,6.976455117034732,9
ss_TTACG,ss,5,nsp,-191.64,3.143676351025993,22,-151.12,5.60832889549107,10
ss_TTACGA,ss,6,nsp,-200.32,2.4631317463749403,24,-200.32,6.2826260433038765,13
ss_TTACGC,ss,6,nsp,-193.1,6.2678392608617735,28,-186.51,5.7342470299072374,14
ss_TTACGG,ss,6,nsp,-205.84,2.4485724412399845,22,-205.84,5.356523219402675,10
ss_TTACT,ss,5,nsp,-188.38,3.3734541645026304,21,-161.73,5.647808955692463,10
ss_TTACGT,ss,6,nsp,-198.24,5.54735910141033,24,-174.37,6.093405862077476,14
ss_TTACTA,ss,6,nsp,-178.39,6.588765665889185,24,-177.68,6.63075395411413,11
ss_TTACTC,ss,6,nsp,-183.85,2.7533721143354275,24,-183.85,6.896129494143805,15
ss_TTACTG,ss,6,nsp,-180.51,6.379522082413389,25,-165.72,6.8797385124726915,8
ss_TTAG,ss,4,rebuild-ss-fb,-148.14,3.972131669519533,9,-134.09,6.450007829452608,5
ss_TTACTT,ss,6,nsp,-183.1,6.355109912503497,15,-138.64,2.811350031568457,4
ss_TTAGA,ss,5,nsp,-185.63,3.092849980196276,24,-145.36,4.793072188064767,8
ss_TTAGAA,ss,6,nsp,-201.94,2.8248725634973533,29,-201.94,6.281625665383137,16
ss_TTAGAG,ss,6,nsp,-218.39,2.283284038397324,32,-218.39,5.735119876689587,15
ss_TTAGAC,ss,6,nsp,-181.52,5.7632306912009135,23,-180.41,3.1533867507808133,8
ss_TTAGC,ss,5,nsp,-183.31,3.1310057489567322,22,-150.06,6.793582044842045,9
ss_TTAGAT,ss,6,nsp,-183.5,2.9611031728057005,18,-183.5,3.643049409492001,4
ss_TTAGCA,ss,6,nsp,-190.43,5.59088517141964,26,-153.84,5.912205848919677,13
ss_TTAGCG,ss,6,nsp,-191.08,5.497640766728957,30,-186.26,6.913366329075872,14
ss_TTAGCT,ss,6,nsp,-182.81,5.5851249762203246,26,-181.0,6.93076308929976,9
ss_TTAGCC,ss,6,nsp,-196.74,2.554924852123854,23,-196.74,6.974777774237678,10
ss_TTAGG,ss,5,nsp,-178.94,3.281110939910463,22,-167.0,4.54388325114103,11
ss_TTAGGA,ss,6,nsp,-195.47,6.120636404819376,35,-166.89,3.670147272249437,16
ss_TTAGGC,ss,6,nsp,-197.35,5.694190811695737,26,-187.01,6.950038417159994,12
ss_TTAGGG,ss,6,nsp,-212.64,1.9854724878476828,30,-212.64,5.570120016660343,18
ss_TTAGT,ss,5,nsp,-177.06,3.35136240952841,22,-145.14,5.4074898982799855,7
ss_TTAGGT,ss,6,nsp,-185.02,5.585311002979165,23,-172.23,4.514553798549757,9
ss_TTAGTA,ss,6,nsp,-183.06,5.987329371263956,29,-165.91,4.365376845130337,12
ss_TTAGTC,ss,6,nsp,-187.51,6.164353088524377,27,-175.78,2.7311660513414404,9
ss_TTAT,ss,4,rebuild-ss-fb,-140.57,2.714771076905009,6,-140.57,2.714771076905009,4
ss_TTAGTG,ss,6,nsp,-195.49,5.560739249416406,21,-162.73,3.5360822954224393,9
ss_TTAGTT,ss,6,nsp,-171.66,4.142249268211668,25,-162.66,4.587127205561232,9
ss_TTATA,ss,5,nsp,-187.49,2.9836972031357534,24,-166.74,6.350836873987567,11
ss_TTATAC,ss,6,nsp,-202.42,5.790716190593364,33,-193.87,5.868378055306249,12
ss_TTATAA,ss,6,nsp,-211.52,2.1643627237595906,26,-211.52,5.846223909499197,12
ss_TTATAG,ss,6,nsp,-195.06,2.4202638285938964,19,-195.06,5.968894118678933,7
ss_TTATAT,ss,6,nsp,-190.85,6.014143829340966,24,-168.2,6.854293326084036,8
ss_TTATC,ss,5,nsp,-182.72,2.74454841458483,19,-145.32,5.490987980318306,5
ss_TTATCA,ss,6,nsp,-218.11,2.6780935383216313,31,-218.11,6.340434291119175,14
ss_TTATCG,ss,6,nsp,-224.34,2.309280623917331,30,-224.34,5.9386204627000705,8
ss_TTATCC,ss,6,nsp,-183.57,5.933342396996823,21,-157.75,6.029004063690787,9
ss_TTATG,ss,5,nsp,-174.72,3.317904459142856,17,-143.26,6.322288984220844,7
ss_TTATCT,ss,6,nsp,-199.81,6.40271145687512,23,-152.3,4.664248492522676,11
ss_TTATGA,ss,6,nsp,-198.18,6.126846252355288,29,-194.39,6.5274897165755785,14
ss_TTATGC,ss,6,nsp,-194.97,5.932708319140593,28,-191.52,6.735308827366441,13
ss_TTATGG,ss,6,nsp,-199.61,2.1206906893745847,26,-199.61,6.1364805059577785,10
ss_TTATGT,ss,6,nsp,-191.08,5.332030570054908,28,-171.89,6.668440447360996,11
ss_TTATT,ss,5,nsp,-194.87,3.2152677960008385,23,-158.16,6.936123268800819,12
ss_TTC,ss,3,rebuild-ss-fb,-118.18,3.596936196264829,10,-115.43,3.4316223568452253,5
ss_TTATTA,ss,6,nsp,-192.15,4.478608489251994,28,-177.68,6.908270840087253,12
ss_TTATTC,ss,6,nsp,-182.46,6.1379762951643855,19,-178.53,2.840286253179422,8
ss_TTATTG,ss,6,nsp,-210.4,4.778334123939016,19,-180.31,6.091676370261316,6
ss_TTCA,ss,4,rebuild-ss-fb,-116.53,6.624569872829482,2,,,0
ss_TTATTT,ss,6,nsp,-191.87,4.5554413617124,18,-176.69,3.7626069420017765,8
ss_TTCAA,ss,5,nsp,-178.76,3.3147328700817082,25,-178.76,6.526527177603725,10
ss_TTCAAA,ss,6,nsp,-196.8,6.201854561338895,31,-194.8,6.478220820564852,13
ss_TTCAAC,ss,6,nsp,-199.92,6.26886345360945,28,-182.11,6.787575782265711,10
ss_TTCAAG,ss,6,nsp,-213.81,2.242878953488144,25,-213.81,5.939865318338472,14
ss_TTCAC,ss,5,nsp,-188.77,3.3217847612390563,19,-153.42,4.854203230191337,6
ss_TTCAAT,ss,6,nsp,-199.53,5.706125130068581,33,-182.44,6.655749769935758,11
ss_TTCACA,ss,6,nsp,-209.65,2.3766446936805785,27,-209.65,5.999027087786818,10
ss_TTCACG,ss,6,nsp,-210.58,2.7464307746601113,16,-210.58,6.027241574717257,9
ss_TTCACC,ss,6,nsp,-199.96,2.7417574655683814,19,-199.96,6.92723768900707,9
ss_TTCACT,ss,6,nsp,-183.63,5.0319619434173015,30,-165.98,3.134191123719175,12
ss_TTCAG,ss,5,nsp,-202.15,3.5586216432770974,26,-156.1,6.060524894759536,9
ss_TTCAGA,ss,6,nsp,-197.08,5.11515757333047,34,-160.81,3.9751913161507186,15
ss_TTCAGC,ss,6,nsp,-188.18,6.577305679379684,27,-186.43,6.83604008180174,11
ss_TTCAGT,ss,6,nsp,-202.99,6.25309699269092,32,-171.65,3.8030236654535825,12
ss_TTCAGG,ss,6,nsp,-209.63,2.4754496561231063,31,-209.63,5.838026121901135,17
ss_TTCAT,ss,5,nsp,-187.43,3.4847417407894183,25,-138.8,5.756729453430991,9
ss_TTCATA,ss,6,nsp,-199.69,5.83490608322021,18,-163.86,6.318444824480147,8
ss_TTCC,ss,4,rebuild-ss-fb,-134.26,6.444790842222895,6,-122.7,4.157260877067967,3
ss_TTCATC,ss,6,nsp,-190.64,5.902303109803833,28,-170.23,6.179592866848084,9
ss_TTCATG,ss,6,nsp,-186.78,5.62494559973695,19,-165.03,3.8272511022926134,10
ss_TTCATT,ss,6,nsp,-194.64,5.592495417968627,28,-172.31,2.8147181031144197,12
ss_TTCCA,ss,5,nsp,-199.21,3.8157616539820896,21,-163.25,6.314820187463788,7
ss_TTCCAA,ss,6,nsp,-195.57,2.363525756153292,27,-195.57,6.0588890070705155,13
ss_TTCCAC,ss,6,nsp,-188.82,6.128148252123173,22,-186.65,6.020124085099906,9
ss_TTCCAG,ss,6,nsp,-215.33,2.5866791451589046,28,-215.33,6.080449818886769,10
ss_TTCCC,ss,5,nsp,-191.32,4.144356886176681,20,-154.35,5.722475513272207,6
ss_TTCCAT,ss,6,nsp,-192.95,6.033233710043072,22,-183.67,6.81265535602675,10
ss_TTCCCA,ss,6,nsp,-203.1,2.7495439621871713,22,-203.1,5.838113222608819,11
ss_TTCCCC,ss,6,nsp,-190.36,2.41232999400993,25,-190.36,5.886705530260536,12
ss_TTCCCG,ss,6,nsp,-194.22,4.531977603651637,26,-190.95,5.955720191546954,10
ss_TTCCCT,ss,6,nsp,-187.72,6.780411639421315,22,-162.89,5.666295174097447,8
ss_TTCCG,ss,5,nsp,-210.29,3.742461890253517,20,-210.29,6.879789895047678,8
ss_TTCCGA,ss,6,nsp,-185.02,5.633603731183117,21,-176.84,6.280636751158286,7
ss_TTCCGC,ss,6,nsp,-195.14,6.386745180449926,23,-163.54,6.943573791643612,10
ss_TTCCGG,ss,6,nsp,-207.82,2.4745688513355346,23,-207.82,6.052152427029589,5
ss_TTCCT,ss,5,nsp,-195.14,3.7252377105360583,22,-195.14,6.901169248757784,11
ss_TTCCGT,ss,6,nsp,-190.98,5.737981003802654,26,-164.37,3.588671202548358,10
ss_TTCCTA,ss,6,nsp,-180.24,5.699445323889006,25,-172.68,6.651818849006631,14
ss_TTCCTC,ss,6,nsp,-183.08,2.5993006751816714,25,-183.08,2.6692778049502537,14
ss_TTCCTG,ss,6,nsp,-184.29,5.6835916461336335,22,-175.78,5.959300042790271,9
ss_TTCG,ss,4,rebuild-ss-fb,-139.57,3.136565000123531,13,-139.57,6.02962270793123,10
ss_TTCGA,ss,5,nsp,-176.14,4.924992385780919,19,-141.29,6.550576234194973,7
ss_TTCCTT,ss,6,nsp,-183.88,5.5009004717409855,30,-173.08,3.7349210165678355,8
ss_TTCGAA,ss,6,nsp,-193.91,5.403952720000437,26,-191.37,6.118216570210629,14
ss_TTCGAC,ss,6,nsp,-191.13,5.220535125827631,30,-163.18,5.239971373967609,7
ss_TTCGAG,ss,6,nsp,-202.08,2.650441849956343,24,-202.08,6.376907244111361,13
ss_TTCGAT,ss,6,nsp,-182.85,4.023457344125827,25,-179.59,6.372633835393334,11
ss_TTCGC,ss,5,nsp,-205.23,3.5485621031623564,21,-156.49,4.935521654293489,9
ss_TTCGCA,ss,6,nsp,-194.49,2.178499254073779,25,-194.49,5.846214587235049,13
ss_TTCGCG,ss,6,nsp,-185.62,3.407560564392068,26,-185.62,6.248654975272677,12
ss_TTCGCC,ss,6,nsp,-188.38,2.5998734584590855,28,-188.38,2.5998734584590855,9
ss_TTCGG,ss,5,nsp,-208.71,3.4679026802954147,24,-182.55,5.407260027037728,11
ss_TTCGCT,ss,6,nsp,-179.49,5.395987212735037,30,-174.54,6.367081356477234,16
ss_TTCGGA,ss,6,nsp,-192.04,5.505850433856731,28,-185.07,5.290257271626779,9
ss_TTCGGC,ss,6,nsp,-193.3,5.623125910025508,35,-174.73,6.613745459268904,16
ss_TTCGGG,ss,6,nsp,-214.05,2.5920125385499184,29,-214.05,6.307927472633143,18
ss_TTCGGT,ss,6,nsp,-174.74,3.276250448302149,24,-174.74,4.172739747456107,11
ss_TTCGT,ss,5,nsp,-204.88,3.501416998873465,22,-154.36,6.690663195827458,10
ss_TTCGTA,ss,6,nsp,-182.32,6.055682372780157,22,-176.73,6.0040224016903965,11
ss_TTCT,ss,4,rebuild-ss-fb,-140.06,3.163842758418944,4,-140.06,3.23988178796697,4
ss_TTCGTC,ss,6,nsp,-185.31,5.5788531079425345,26,-175.48,3.3661018998241987,11
ss_TTCGTT,ss,6,nsp,-179.11,5.641346470480232,27,-169.69,6.8966412839874325,11
ss_TTCGTG,ss,6,nsp,-187.1,5.430145209844785,19,-161.82,4.4088348801015504,6
ss_TTCTA,ss,5,nsp,-200.1,3.40597372274069,20,-147.47,5.589583526525036,8
ss_TTCTAC,ss,6,nsp,-200.32,6.478382822896474,28,-197.34,6.540068042459495,12
ss_TTCTAA,ss,6,nsp,-199.87,2.532921041011758,22,-199.87,5.981565932095049,8
ss_TTCTAG,ss,6,nsp,-181.85,2.5567467610226653,26,-181.85,5.995192490654492,8
ss_TTCTC,ss,5,nsp,-192.91,3.695934117378164,22,-192.91,6.969853728737791,9
ss_TTCTAT,ss,6,nsp,-189.64,5.882482894152775,27,-184.93,6.705041312326137,10
ss_TTCTCC,ss,6,nsp,-187.02,2.5111762184283295,27,-187.02,5.352610017552198,12
ss_TTCTCA,ss,6,nsp,-202.01,2.6100063218314404,24,-202.01,6.903879851214106,10
ss_TTCTCG,ss,6,nsp,-176.84,5.759733066731497,22,-162.1,5.612956885635244,8
ss_TTCTG,ss,5,nsp,-210.34,3.7472449879878686,18,-157.25,5.759786280757314,7
ss_TTCTCT,ss,6,nsp,-193.48,2.6876960393615863,25,-193.48,6.410342736546925,7
ss_TTCTGA,ss,6,nsp,-196.5,6.354876316656374,22,-179.47,5.849473566057022,7
ss_TTCTGC,ss,6,nsp,-190.89,5.182454534291655,21,-167.14,5.796023982006981,5
ss_TTCTGG,ss,6,nsp,-167.53,4.608282326420558,21,-167.09,6.415436228348004,8
ss_TTCTT,ss,5,nsp,-189.21,3.9655244293787915,23,-141.47,4.541369176801189,7
ss_TTCTGT,ss,6,nsp,-192.26,5.494634018749582,28,-163.66,6.271576994664107,12
ss_TTCTTA,ss,6,nsp,-191.4,5.69356619352055,26,-183.04,6.127240977797421,13
ss_TTCTTC,ss,6,nsp,-183.48,2.804410454979789,16,-174.65,5.937236646791167,6
ss_TTCTTG,ss,6,nsp,-169.9,2.8068188398968825,23,-169.9,6.156019655589164,10
ss_TTG,ss,3,rebuild-ss-fb,-132.0,5.849819655339821,12,-125.79,6.8984500433068385,5
ss_TTGA,ss,4,rebuild-ss-fb,-143.31,3.4156690413446174,11,-127.02,2.3108435689159057,4
ss_TTCTTT,ss,6,nsp,-188.62,4.931846206036867,27,-180.64,6.972210194766092,12
ss_TTGAA,ss,5,nsp,-181.71,3.6703092512757203,24,-167.33,6.866292886266957,12
ss_TTGAAA,ss,6,nsp,-192.97,6.381833592314992,27,-191.08,6.144900487396033,10
ss_TTGAAC,ss,6,nsp,-209.71,5.847726823304958,29,-176.23,5.707093918974869,7
ss_TTGAAG,ss,6,nsp,-213.58,2.3243384004916314,25,-213.58,5.747698756893926,7
ss_TTGAC,ss,5,nsp,-182.18,3.0827756973221656,20,-159.85,6.686824807036595,8
ss_TTGAAT,ss,6,nsp,-193.66,5.904458484907824,19,-178.46,3.5553998368678723,8
ss_TTGACA,ss,6,nsp,-191.12,5.571363926364919,20,-167.15,2.7890008963784956,9
ss_TTGACG,ss,6,nsp,-198.26,5.807514872990018,21,-176.02,5.634764413886364,7
ss_TTGACC,ss,6,nsp,-197.48,2.448334535965208,27,-197.48,5.6240487195613795,14
ss_TTGACT,ss,6,nsp,-185.31,5.878844954580792,20,-171.73,3.427729861001305,8
ss_TTGAG,ss,5,nsp,-175.35,3.0731640047352045,23,-165.61,4.594360673695544,10
ss_TTGAGC,ss,6,nsp,-199.54,4.954083769982123,22,-192.75,6.37337147826799,8
ss_TTGAGA,ss,6,nsp,-192.38,6.9886682565421685,29,-182.54,3.1610754499062548,13
ss_TTGAGG,ss,6,nsp,-210.13,2.2089445443469358,25,-210.13,5.93037857138987,12
ss_TTGAT,ss,5,nsp,-197.0,3.5647220087967746,27,-149.87,6.144635383812458,13
ss_TTGAGT,ss,6,nsp,-194.27,5.991323309586968,26,-167.79,6.021742438862687,10
ss_TTGATA,ss,6,nsp,-179.79,5.199543153008767,19,-173.76,5.685067633722579,11
ss_TTGC,ss,4,rebuild-ss-fb,-147.8,6.023164035621159,10,-123.97,3.0628672840983584,5
ss_TTGATC,ss,6,nsp,-204.86,5.83961899442078,22,-163.73,3.3142410896010555,10
ss_TTGATG,ss,6,nsp,-188.51,4.322934304381704,25,-176.48,6.063589778340865,12
ss_TTGCA,ss,5,nsp,-182.62,3.2697389804080887,20,-156.19,3.6262859787942747,6
ss_TTGATT,ss,6,nsp,-189.08,6.303742459840837,21,-179.74,2.5392650511516153,10
ss_TTGCAC,ss,6,nsp,-198.47,6.20041377651525,22,-170.14,6.231013240236305,11
ss_TTGCAA,ss,6,nsp,-195.52,6.581571620821268,26,-188.06,6.283479768408581,14
ss_TTGCAG,ss,6,nsp,-200.58,5.740115852489401,25,-193.76,6.533679208531743,11
ss_TTGCC,ss,5,nsp,-183.77,3.61774570692858,26,-164.56,5.9677193298613,14
ss_TTGCAT,ss,6,nsp,-190.4,5.850033162299166,23,-159.44,3.5005578126921457,9
ss_TTGCCA,ss,6,nsp,-191.54,6.206813755865418,21,-160.68,2.62138703742885,9
ss_TTGCCG,ss,6,nsp,-203.86,2.7669082023081373,22,-203.86,6.261824095261707,8
ss_TTGCCC,ss,6,nsp,-193.88,2.3129040187608374,30,-193.88,5.12975028632,15
ss_TTGCG,ss,5,nsp,-173.91,4.912511882937311,25,-165.36,5.624967644351395,9
ss_TTGCCT,ss,6,nsp,-180.81,5.579953494429879,21,-147.78,4.961605586904306,8
ss_TTGCGA,ss,6,nsp,-191.23,2.5388834159921556,22,-191.23,6.691593083862763,6
ss_TTGCGC,ss,6,nsp,-190.34,5.898513117727223,25,-179.85,6.683487188586523,12
ss_TTGCGG,ss,6,nsp,-200.04,2.209572809390991,18,-200.04,6.273269083978471,11
ss_TTGCT,ss,5,nsp,-187.14,3.4203071499501543,19,-156.08,6.987111134081106,8
ss_TTGCGT,ss,6,nsp,-186.19,5.703839408679043,21,-181.43,6.8859992738890226,9
ss_TTGCTA,ss,6,nsp,-191.91,5.684741067102358,21,-166.32,6.904548138727111,8
ss_TTGCTC,ss,6,nsp,-184.35,6.0864447750719135,20,-176.93,6.367101931020103,9
ss_TTGG,ss,4,rebuild-ss-fb,-147.41,2.8302363858872246,9,-147.41,2.8302363858872246,5
ss_TTGCTG,ss,6,nsp,-178.73,2.895352655549923,17,-178.73,3.1056963792360675,8
ss_TTGCTT,ss,6,nsp,-175.71,5.5253831541351035,20,-165.47,6.626682654239582,11
ss_TTGGA,ss,5,nsp,-172.14,3.4979998570611954,22,-155.17,6.890379525105991,12
ss_TTGGAC,ss,6,nsp,-175.74,2.0604247134996214,18,-175.74,6.506295028662611,9
ss_TTGGAA,ss,6,nsp,-195.53,5.896145690194582,28,-179.38,6.504709985848708,15
ss_TTGGAG,ss,6,nsp,-203.01,2.274313083108842,22,-203.01,5.978806068104228,9
ss_TTGGAT,ss,6,nsp,-179.31,6.028914164258791,19,-144.36,4.739831642579732,6
ss_TTGGC,ss,5,nsp,-173.75,3.07094545702136,20,-146.86,3.3502783466452413,6
ss_TTGGCA,ss,6,nsp,-171.16,3.046192541518021,24,-171.16,5.775786093684559,14
ss_TTGGCC,ss,6,nsp,-190.33,2.2342235787852567,26,-190.33,6.23481451207653,12
ss_TTGGCG,ss,6,nsp,-195.41,5.033565237483279,21,-186.58,6.674457056570228,6
ss_TTGGG,ss,5,nsp,-173.34,3.6761814427473745,23,-154.85,4.898132399190517,10
ss_TTGGCT,ss,6,nsp,-190.41,2.566002533124226,20,-190.41,2.598738924940325,8
ss_TTGGGA,ss,6,nsp,-186.56,6.967224770308488,28,-171.48,6.7142526762105135,15
ss_TTGGGC,ss,6,nsp,-199.28,6.069838465725446,31,-186.89,6.336120106184865,14
ss_TTGGGG,ss,6,nsp,-204.57,5.662022430192253,21,-196.51,5.512410452787417,13
ss_TTGGT,ss,5,nsp,-183.65,3.1584187499443583,20,-164.86,5.468375718620659,9
ss_TTGGGT,ss,6,nsp,-186.32,6.272295433093056,26,-160.06,5.990211515464194,13
ss_TTGGTA,ss,6,nsp,-196.98,6.057699068128094,28,-164.95,6.389075285203642,9
ss_TTGGTC,ss,6,nsp,-194.34,6.019583623474312,29,-176.81,5.560259796088681,12
ss_TTGGTG,ss,6,nsp,-183.67,5.476170194579432,24,-176.28,3.878720665374103,11
ss_TTGT,ss,4,rebuild-ss-fb,-139.93,5.0267879406237235,7,-125.68,3.225124028622762,4
ss_TTGGTT,ss,6,nsp,-178.55,6.487386299581678,30,-169.38,5.628127041920779,12
ss_TTGTA,ss,5,nsp,-187.81,3.44196513637197,21,-170.74,5.957279412617814,13
ss_TTGTAA,ss,6,nsp,-191.41,6.1063001891489135,23,-170.07,6.1703473970271805,11
ss_TTGTAC,ss,6,nsp,-199.99,2.4385809398090608,27,-199.99,6.046905737647986,12
ss_TTGTAG,ss,6,nsp,-191.61,2.6707176938044266,25,-191.61,6.117979159820675,7
ss_TTGTAT,ss,6,nsp,-182.63,5.226103711179101,26,-155.18,5.260377648040108,8
ss_TTGTC,ss,5,nsp,-189.31,3.4851974119122895,20,-143.66,5.762808603450236,8
ss_TTGTCA,ss,6,nsp,-203.41,2.4718149202559587,28,-203.41,4.372001944189872,16
ss_TTGTCC,ss,6,nsp,-203.83,2.1445610273433595,28,-203.83,5.389320550867247,11
ss_TTGTG,ss,5,nsp,-182.06,3.795541858549329,18,-147.78,3.516560108970137,4
ss_TTGTCG,ss,6,nsp,-170.38,2.5334267307344915,28,-170.38,5.991470353761261,12
ss_TTGTCT,ss,6,nsp,-187.26,2.64334749891118,23,-159.82,3.7597745943074834,9
ss_TTGTGA,ss,6,nsp,-196.87,6.379152451540894,21,-193.08,6.705934461355845,10
ss_TTGTGC,ss,6,nsp,-202.33,2.5487995213433448,23,-202.33,6.355993234735229,10
ss_TTGTGG,ss,6,nsp,-175.49,5.369908006660821,27,-173.99,6.112896940076783,11
ss_TTGTGT,ss,6,nsp,-202.35,6.790890736862139,23,-182.46,6.334491455515597,11
ss_TTGTT,ss,5,nsp,-181.24,3.8078449285652574,19,-163.34,6.9875149373722305,8
ss_TTGTTA,ss,6,nsp,-176.75,6.130710317736447,22,-175.14,6.43653120865579,9
ss_TTGTTC,ss,6,nsp,-185.72,6.138851521253806,24,-163.95,6.639005799063601,9
ss_TTT,ss,3,rebuild-ss-fb,-129.05,6.015506628705542,7,-114.93,6.575095892836862,1
ss_TTGTTG,ss,6,nsp,-190.51,2.6444511717935106,25,-190.51,5.935298223341437,12
ss_TTTA,ss,4,rebuild-ss-fb,-138.88,6.075395624977856,7,-137.47,3.924601890638073,4
ss_TTGTTT,ss,6,nsp,-192.24,6.53058098487416,17,-188.52,6.645709292468353,4
ss_TTTAA,ss,5,nsp,-169.48,4.770956717472921,19,-144.92,5.341755329477379,7
ss_TTTAAA,ss,6,nsp,-192.77,2.6870269816286023,33,-192.77,6.499514135687369,14
ss_TTTAAC,ss,6,nsp,-180.77,6.225481668112133,25,-176.57,6.234512731561305,10
ss_TTTAAT,ss,6,nsp,-181.65,5.512307774426251,28,-175.81,6.043901223547602,12
ss_TTTAAG,ss,6,nsp,-181.5,6.284465768862149,29,-168.22,6.696169950053539,14
ss_TTTAC,ss,5,nsp,-180.48,5.767117911054022,19,-148.85,5.603369343528964,7
ss_TTTACA,ss,6,nsp,-204.22,2.5744261496496748,26,-204.22,5.900558448147106,10
ss_TTTACC,ss,6,nsp,-187.87,5.93956387287823,27,-160.97,3.4147647063890134,11
ss_TTTACG,ss,6,nsp,-178.04,2.3657062370463366,24,-178.04,5.557900592849795,9
ss_TTTACT,ss,6,nsp,-179.7,5.011319786243943,34,-164.11,5.726629811678062,15
ss_TTTAG,ss,5,nsp,-169.42,3.475400840190955,21,-153.44,5.591178319460036,14
ss_TTTAGA,ss,6,nsp,-188.83,6.574257448564064,26,-185.35,4.228555427093282,10
ss_TTTAGC,ss,6,nsp,-188.51,5.014312116332621,26,-184.96,6.6162470479872555,11
ss_TTTAGG,ss,6,nsp,-173.63,2.7044640873932906,18,-161.79,6.407112141987221,7
ss_TTTAT,ss,5,nsp,-171.52,3.183513310793608,22,-148.32,5.45278543498642,6
ss_TTTAGT,ss,6,nsp,-182.78,5.3915731470509,31,-162.98,6.526187324924106,14
ss_TTTATA,ss,6,nsp,-184.07,5.118402192090811,27,-177.31,3.8837986559552706,11
ss_TTTATC,ss,6,nsp,-178.05,2.907596430043211,26,-178.05,4.710799825931899,8
ss_TTTC,ss,4,rebuild-ss-fb,-195.58,6.5073374739597085,8,-128.86,2.77922111390945,5
ss_TTTCA,ss,5,nsp,-175.28,3.3894763607377603,18,-168.86,5.824136931769385,10
ss_TTTATG,ss,6,nsp,-172.91,3.6127452165908522,25,-171.83,6.432227374712445,11
ss_TTTATT,ss,6,nsp,-176.93,5.597979903500922,23,-166.38,6.136051906560128,11
ss_TTTCAA,ss,6,nsp,-198.53,5.630056838078987,26,-188.85,5.860738264075622,14
ss_TTTCAC,ss,6,nsp,-191.87,6.080906922491083,26,-166.75,4.912295695497169,7
ss_TTTCAG,ss,6,nsp,-179.14,6.078276235907688,21,-169.8,6.432964868550094,7
ss_TTTCC,ss,5,nsp,-180.05,6.940652058704579,22,-143.38,5.065887187847754,9
ss_TTTCAT,ss,6,nsp,-184.99,5.892423016043581,26,-159.48,5.087873524371452,10
ss_TTTCCA,ss,6,nsp,-203.57,2.661701335612239,23,-203.57,6.316881667405206,9
ss_TTTCCC,ss,6,nsp,-190.9,2.937158490786632,24,-190.9,6.06346880918836,8
ss_TTTCCG,ss,6,nsp,-178.17,2.4572476472671765,24,-178.17,5.972184273781245,11
ss_TTTCG,ss,5,nsp,-179.34,3.153398959852709,17,-145.9,6.3364198882334115,10
ss_TTTCCT,ss,6,nsp,-186.9,2.7232487950975113,25,-186.9,6.401772254618253,11
ss_TTTCGA,ss,6,nsp,-183.37,3.4864843323898747,26,-175.84,4.082607989998553,8
ss_TTTCGC,ss,6,nsp,-202.58,6.711269701032755,26,-183.07,4.45832098440658,9
ss_TTTCT,ss,5,nsp,-170.39,5.560633147403269,23,-156.49,6.734383490713908,7
ss_TTTCGG,ss,6,nsp,-179.87,2.582912116197535,23,-179.87,6.068821714303371,9
ss_TTTCGT,ss,6,nsp,-192.99,6.315050276917823,28,-183.24,4.309052099940317,13
ss_TTTCTA,ss,6,nsp,-187.12,6.589335398960958,20,-179.33,4.632989207844115,9
ss_TTTCTG,ss,6,nsp,-174.81,2.8907966030144623,23,-174.81,6.532219607453505,10
ss_TTTCTC,ss,6,nsp,-195.48,5.344719730724893,22,-180.91,3.0140525874642723,7
ss_TTTG,ss,4,rebuild-ss-fb,-143.8,1.976063258096772,5,-143.8,5.742373202779498,4
ss_TTTCTT,ss,6,nsp,-185.4,6.232271576239295,22,-174.54,3.25872582461304,12
ss_TTTGA,ss,5,nsp,-182.52,3.432291799949425,18,-156.59,6.9716575503964675,7
ss_TTTGAC,ss,6,nsp,-187.63,2.267032862576106,37,-187.63,6.480858662245312,13
ss_TTTGAA,ss,6,nsp,-188.48,2.5315805339747803,26,-188.48,6.191597693649034,9
ss_TTTGC,ss,5,nsp,-190.42,3.693210121290159,21,-144.79,3.673752033003883,11
ss_TTTGAT,ss,6,nsp,-177.63,5.2282942725137405,28,-171.65,5.406579232749676,10
ss_TTTGAG,ss,6,nsp,-212.75,2.587671153759701,32,-212.75,6.09027372127067,13
ss_TTTGCA,ss,6,nsp,-178.79,3.1785547030057497,24,-178.79,4.189215797735903,14
ss_TTTGCC,ss,6,nsp,-202.46,2.6853835852630046,19,-202.46,6.386166377412974,10
ss_TTTGCG,ss,6,nsp,-206.76,2.719210547199327,21,-206.76,6.3586656619136726,10
ss_TTTGG,ss,5,nsp,-182.26,3.0729952814802677,21,-175.16,4.614099045317522,13
ss_TTTGCT,ss,6,nsp,-178.75,6.472944770349883,28,-176.33,3.3623970616213743,10
ss_TTTGGA,ss,6,nsp,-180.56,6.256305059697792,22,-177.92,4.154848493025952,10
ss_TTTGGC,ss,6,nsp,-181.85,2.6602939687184985,22,-181.85,6.889209098292789,12
ss_TTTGGG,ss,6,nsp,-206.3,2.8330983039774753,21,-206.3,5.4734186757455525,11
ss_TTTGT,ss,5,nsp,-184.47,4.126447988282428,22,-160.48,6.9752113946460454,10
ss_TTTGGT,ss,6,nsp,-182.42,6.975285657232978,28,-167.69,3.6354351871543584,12
ss_TTTGTA,ss,6,nsp,-192.44,2.6330341813200873,32,-192.44,3.7653516436051624,12
ss_TTTGTC,ss,6,nsp,-174.94,2.497259297710193,28,-174.94,4.04051358121713,13
ss_TTTGTG,ss,6,nsp,-186.03,2.836170834064853,26,-186.03,4.708621985252176,11
ss_TTTT,ss,4,rebuild-ss-fb,-188.5,5.586973599364893,9,-137.87,3.491182750873979,3
ss_TTTGTT,ss,6,nsp,-180.38,4.201792593643817,25,-156.27,2.69832429481705,7
ss_TTTTA,ss,5,nsp,-181.36,3.4315183228419657,25,-169.64,6.238697059482847,11
ss_TTTTAA,ss,6,nsp,-189.4,4.74168809602658,24,-164.49,6.428966557698061,8
ss_TTTTAC,ss,6,nsp,-204.82,5.371455947878572,21,-174.18,6.203906591817785,7
ss_TTTTAT,ss,6,nsp,-188.23,5.950843049518287,30,-178.27,4.3122562539812,10
ss_TTTTAG,ss,6,nsp,-170.17,2.500356974513854,21,-170.17,6.2188424967995575,6
ss_TTTTC,ss,5,nsp,-179.45,6.165780161504299,15,-144.27,5.3299593807082815,6
ss_TTTTCA,ss,6,nsp,-168.43,5.3610265807958815,16,-162.8,6.138483851896982,7
ss_TTTTCC,ss,6,nsp,-174.37,2.9448555142825033,25,-174.37,5.912781663481237,10
ss_TTTTCG,ss,6,nsp,-188.71,5.018733007443238,22,-169.82,6.486667326139062,12
ss_TTTTG,ss,5,nsp,-184.62,3.3002165080491315,25,-154.29,5.894516519613819,11
ss_TTTTCT,ss,6,nsp,-187.33,3.137529442092941,21,-168.2,3.5788227114513593,7
ss_TTTTTG,ss,6,nsp,,,0,,,0
ss_TTTTGC,ss,6,nsp,-188.77,5.321166977271085,23,-178.66,6.239053934692351,9
ss_TTTTGA,ss,6,nsp,-193.72,5.549724047193717,22,-156.65,6.710122577121817,9
ss_TTTTGG,ss,6,nsp,-185.58,5.662719929503846,21,-180.83,6.299834442269112,10
ss_TTTTGT,ss,6,nsp,-191.99,6.835964745374272,25,-180.11,5.992265181047975,9
ss_TTTTT,ss,5,nsp,-170.72,5.477341691003053,19,-141.29,6.213800527857328,7
ss_TTTTTT,ss,6,nsp,-191.91,6.892947337677849,25,-182.0,3.5147412422538378,9
ss_TTTTTA,ss,6,nsp,-179.6,4.511382271543856,22,-156.13,6.13137292945063,7
ss_TTTTTC,ss,6,nsp,-166.73,2.9522327144044627,18,-166.73,6.65961567960194,7
