name,ok,L,atoms,charge,expected,ret,reason,seconds
apt_00005,False,,,,,31,no min.pdb,356.2
apt_00004,False,,,,,31,no min.pdb,371.1
apt_00006,False,,,,,31,no min.pdb,466.1
apt_00003,False,,,,,31,no min.pdb,536.2
apt_00007,False,,,,,31,no min.pdb,554.2
apt_00012,False,,,,,31,no min.pdb,0.5
apt_00002,False,,,,,31,no min.pdb,616.1
apt_00001,False,,,,,31,no min.pdb,648.5
apt_00008,False,,,,,31,no min.pdb,330.2
apt_00013,False,50,1593,-48.0,-49,0,заряд -48.0 != -49,293.4
apt_00017,False,,,,,31,no min.pdb,0.4
apt_00009,False,,,,,31,no min.pdb,534.5
apt_00011,False,,,,,31,no min.pdb,395.6
apt_00015,False,,,,,31,no min.pdb,334.3
apt_00010,False,,,,,31,no min.pdb,546.3
apt_00014,False,,,,,31,no min.pdb,579.6
apt_00018,False,,,,,31,no min.pdb,428.6
apt_00016,False,,,,,31,no min.pdb,598.9
apt_00019,False,,,,,31,no min.pdb,450.4
apt_00020,False,,,,,31,no min.pdb,440.4
apt_00021,False,,,,,31,no min.pdb,481.9
apt_00022,False,,,,,31,no min.pdb,488.2
apt_00029,False,,,,,31,no min.pdb,0.4
apt_00030,False,,,,,31,no min.pdb,0.5
apt_00026,False,,,,,31,no min.pdb,398.4
apt_00023,False,,,,,31,no min.pdb,572.5
apt_00025,False,,,,,31,no min.pdb,559.3
apt_00027,False,,,,,31,no min.pdb,482.1
apt_00024,False,,,,,31,no min.pdb,581.0
apt_00028,False,,,,,31,no min.pdb,497.2
apt_00031,False,,,,,31,no min.pdb,531.2
apt_00032,False,,,,,31,no min.pdb,339.3
apt_00034,False,,,,,31,no min.pdb,387.2
apt_00035,False,,,,,31,no min.pdb,441.0
apt_00036,False,,,,,31,no min.pdb,505.6
apt_00042,False,,,,,31,no min.pdb,0.4
apt_00043,False,,,,,31,no min.pdb,0.4
apt_00039,True,55,1748,-54.0,-54,0,,272.1
apt_00033,False,,,,,31,no min.pdb,602.0
apt_00037,False,,,,,31,no min.pdb,426.4
apt_00038,False,,,,,31,no min.pdb,365.2
apt_00041,False,,,,,31,no min.pdb,403.0
apt_00044,False,,,,,31,no min.pdb,383.2
apt_00040,False,,,,,31,no min.pdb,585.7
apt_00045,False,,,,,31,no min.pdb,543.8
apt_00046,False,,,,,31,no min.pdb,548.8
apt_00048,False,,,,,31,no min.pdb,626.1
apt_00047,False,,,,,31,no min.pdb,641.8
apt_00050,False,,,,,31,no min.pdb,452.9
apt_00049,False,,,,,31,no min.pdb,569.7
apt_00053,False,,,,,31,no min.pdb,387.5
apt_00051,False,,,,,31,no min.pdb,558.9
apt_00054,False,,,,,31,no min.pdb,614.1
apt_00052,False,,,,,31,no min.pdb,753.2
apt_00056,False,,,,,31,no min.pdb,512.7
apt_00055,False,,,,,31,no min.pdb,684.7
apt_00057,False,,,,,31,no min.pdb,469.7
apt_00064,False,,,,,31,no min.pdb,0.5
apt_00065,False,,,,,31,no min.pdb,0.4
apt_00066,False,,,,,31,no min.pdb,0.4
apt_00059,False,,,,,31,no min.pdb,385.0
apt_00058,False,,,,,31,no min.pdb,503.0
apt_00063,False,,,,,31,no min.pdb,342.1
apt_00062,False,,,,,31,no min.pdb,458.5
apt_00067,False,,,,,31,no min.pdb,501.3
apt_00068,False,,,,,31,no min.pdb,499.9
apt_00060,False,,,,,31,no min.pdb,664.7
apt_00061,False,,,,,31,no min.pdb,673.6
apt_00069,False,,,,,31,no min.pdb,532.3
apt_00071,False,,,,,31,no min.pdb,331.3
apt_00070,False,,,,,31,no min.pdb,527.3
apt_00072,False,,,,,31,no min.pdb,375.6
apt_00076,False,,,,,31,no min.pdb,311.3
apt_00074,False,,,,,31,no min.pdb,358.2
apt_00073,False,,,,,31,no min.pdb,515.4
apt_00075,False,,,,,31,no min.pdb,517.5
apt_00077,False,,,,,31,no min.pdb,388.6
apt_00079,False,,,,,31,no min.pdb,337.2
apt_00078,False,,,,,31,no min.pdb,403.3
apt_00080,False,,,,,31,no min.pdb,361.6
apt_00081,False,,,,,31,no min.pdb,378.6
apt_00082,False,,,,,31,no min.pdb,382.4
apt_00083,False,,,,,31,no min.pdb,391.6
apt_00086,False,,,,,31,no min.pdb,393.8
apt_00087,False,,,,,31,no min.pdb,399.9
apt_00085,False,,,,,31,no min.pdb,480.8
apt_00088,False,,,,,31,no min.pdb,416.7
apt_00084,False,,,,,31,no min.pdb,597.2
apt_00089,False,,,,,31,no min.pdb,477.3
apt_00090,False,,,,,31,no min.pdb,469.6
apt_00093,False,,,,,31,no min.pdb,320.6
apt_00094,False,,,,,31,no min.pdb,407.7
apt_00091,False,,,,,31,no min.pdb,501.5
apt_00092,False,,,,,31,no min.pdb,484.8
apt_00095,False,,,,,31,no min.pdb,441.2
apt_00102,False,,,,,31,no min.pdb,0.5
apt_00097,False,,,,,31,no min.pdb,320.3
apt_00096,False,,,,,31,no min.pdb,503.2
apt_00098,False,,,,,31,no min.pdb,434.7
apt_00101,False,,,,,31,no min.pdb,393.8
apt_00099,False,,,,,31,no min.pdb,432.1
apt_00100,False,,,,,31,no min.pdb,421.3
apt_00103,False,,,,,31,no min.pdb,374.3
apt_00109,True,50,1601,-49.0,-49,0,,53.3
apt_00104,False,,,,,31,no min.pdb,345.1
apt_00105,False,,,,,31,no min.pdb,376.7
apt_00107,False,,,,,31,no min.pdb,309.0
apt_00106,False,,,,,31,no min.pdb,414.8
apt_00108,False,,,,,31,no min.pdb,365.1
apt_00110,False,,,,,31,no min.pdb,373.1
apt_00111,False,,,,,31,no min.pdb,362.8
apt_00113,False,,,,,31,no min.pdb,309.6
apt_00115,False,,,,,31,no min.pdb,313.0
apt_00112,False,,,,,31,no min.pdb,552.0
apt_00116,False,,,,,31,no min.pdb,368.1
apt_00117,False,,,,,31,no min.pdb,428.1
apt_00114,False,,,,,31,no min.pdb,547.1
apt_00119,False,,,,,31,no min.pdb,381.0
apt_00118,False,,,,,31,no min.pdb,545.3
apt_00122,False,,,,,31,no min.pdb,292.8
apt_00121,False,,,,,31,no min.pdb,465.9
apt_00120,False,,,,,31,no min.pdb,483.7
apt_00125,False,,,,,31,no min.pdb,392.5
apt_00123,False,,,,,31,no min.pdb,496.6
apt_00124,False,,,,,31,no min.pdb,454.2
apt_00126,False,,,,,31,no min.pdb,577.4
apt_00127,False,,,,,31,no min.pdb,542.6
apt_00128,False,,,,,31,no min.pdb,472.8
apt_00129,False,,,,,31,no min.pdb,569.5
apt_00130,False,,,,,31,no min.pdb,468.8
apt_00137,False,,,,,31,no min.pdb,0.6
apt_00131,False,,,,,31,no min.pdb,553.6
apt_00132,False,,,,,31,no min.pdb,577.3
apt_00138,False,50,1588,-45.0,-49,0,заряд -45.0 != -49,200.9
apt_00135,False,,,,,31,no min.pdb,440.9
apt_00134,False,,,,,31,no min.pdb,458.1
apt_00136,False,,,,,31,no min.pdb,440.1
apt_00133,False,,,,,31,no min.pdb,605.0
apt_00140,False,,,,,31,no min.pdb,331.5
apt_00139,False,,,,,31,no min.pdb,457.2
apt_00141,False,,,,,31,no min.pdb,361.1
apt_00143,False,,,,,31,no min.pdb,329.0
apt_00142,False,,,,,31,no min.pdb,360.2
apt_00145,False,,,,,31,no min.pdb,332.5
apt_00144,False,,,,,31,no min.pdb,432.9
apt_00147,False,,,,,31,no min.pdb,296.7
apt_00146,False,,,,,31,no min.pdb,416.5
apt_00149,False,,,,,31,no min.pdb,306.7
apt_00148,False,,,,,31,no min.pdb,412.0
apt_00150,False,,,,,31,no min.pdb,422.5
apt_00151,False,,,,,31,no min.pdb,338.1
apt_00153,False,,,,,31,no min.pdb,314.1
apt_00154,False,,,,,31,no min.pdb,306.0
apt_00152,False,,,,,31,no min.pdb,436.1
apt_00155,False,,,,,31,no min.pdb,397.2
apt_00156,False,,,,,31,no min.pdb,410.4
apt_00157,False,,,,,31,no min.pdb,381.1
apt_00158,False,,,,,31,no min.pdb,403.3
apt_00159,False,,,,,31,no min.pdb,417.6
apt_00160,False,,,,,31,no min.pdb,426.4
apt_00161,False,,,,,31,no min.pdb,419.7
apt_00162,False,,,,,31,no min.pdb,423.7
apt_00163,False,,,,,31,no min.pdb,403.6
apt_00164,False,,,,,31,no min.pdb,428.8
apt_00165,False,,,,,31,no min.pdb,386.3
apt_00166,False,,,,,31,no min.pdb,379.1
apt_00167,False,,,,,31,no min.pdb,406.0
apt_00168,False,,,,,31,no min.pdb,433.6
apt_00169,False,,,,,31,no min.pdb,383.2
apt_00170,False,,,,,31,no min.pdb,421.7
apt_00172,False,,,,,31,no min.pdb,393.0
apt_00171,False,,,,,31,no min.pdb,437.8
apt_00174,False,,,,,31,no min.pdb,363.0
apt_00173,False,,,,,31,no min.pdb,423.3
apt_00176,False,,,,,31,no min.pdb,399.7
apt_00175,False,,,,,31,no min.pdb,438.3
apt_00177,False,,,,,31,no min.pdb,401.8
apt_00178,False,,,,,31,no min.pdb,408.4
apt_00179,False,,,,,31,no min.pdb,436.5
apt_00180,False,,,,,31,no min.pdb,425.8
apt_00181,False,,,,,31,no min.pdb,473.3
apt_00182,False,,,,,31,no min.pdb,423.8
apt_00184,False,,,,,31,no min.pdb,408.2
apt_00190,False,,,,,31,no min.pdb,0.4
apt_00186,False,,,,,31,no min.pdb,349.9
apt_00185,False,,,,,31,no min.pdb,426.1
apt_00183,False,,,,,31,no min.pdb,581.9
apt_00187,False,,,,,31,no min.pdb,401.5
apt_00189,False,,,,,31,no min.pdb,344.9
apt_00188,False,,,,,31,no min.pdb,417.5
apt_00193,False,,,,,31,no min.pdb,387.1
apt_00192,False,,,,,31,no min.pdb,395.0
apt_00199,False,,,,,31,no min.pdb,0.4
apt_00194,False,,,,,31,no min.pdb,392.8
apt_00201,False,,,,,31,no min.pdb,0.5
apt_00195,False,,,,,31,no min.pdb,314.0
apt_00203,False,50,1594,-48.0,-49,0,заряд -48.0 != -49,53.3
apt_00191,False,,,,,31,no min.pdb,603.3
apt_00197,False,,,,,31,no min.pdb,429.5
apt_00205,False,50,1591,-48.0,-49,0,заряд -48.0 != -49,73.2
apt_00207,False,50,1593,-48.0,-49,0,заряд -48.0 != -49,29.7
apt_00200,False,,,,,31,no min.pdb,334.3
apt_00208,False,50,1593,-48.0,-49,0,заряд -48.0 != -49,81.4
apt_00198,False,,,,,31,no min.pdb,362.0
apt_00196,False,,,,,31,no min.pdb,576.8
apt_00211,False,50,1590,-48.0,-49,0,заряд -48.0 != -49,41.6
apt_00202,False,,,,,31,no min.pdb,389.0
apt_00214,False,50,1593,-48.0,-49,0,заряд -48.0 != -49,65.2
apt_00204,False,,,,,31,no min.pdb,388.2
apt_00213,False,50,1592,-48.0,-49,0,заряд -48.0 != -49,174.4
apt_00206,False,,,,,31,no min.pdb,386.5
apt_00209,False,,,,,31,no min.pdb,397.2
apt_00210,False,,,,,31,no min.pdb,395.2
apt_00212,False,,,,,31,no min.pdb,398.9
apt_00216,False,,,,,31,no min.pdb,328.1
apt_00215,False,,,,,31,no min.pdb,367.1
apt_00223,False,,,,,31,no min.pdb,0.5
apt_00224,False,,,,,31,no min.pdb,0.4
apt_00217,False,,,,,31,no min.pdb,414.3
apt_00226,False,,,,,31,no min.pdb,0.5
apt_00218,False,,,,,31,no min.pdb,388.7
apt_00219,False,,,,,31,no min.pdb,358.8
apt_00225,False,,,,,31,no min.pdb,292.8
apt_00220,False,,,,,31,no min.pdb,472.7
apt_00222,False,,,,,31,no min.pdb,410.0
apt_00221,False,,,,,31,no min.pdb,462.1
apt_00227,False,,,,,31,no min.pdb,414.5
apt_00228,False,,,,,31,no min.pdb,453.0
apt_00230,False,,,,,31,no min.pdb,465.9
apt_00229,False,,,,,31,no min.pdb,528.4
apt_00232,False,,,,,31,no min.pdb,484.2
apt_00231,False,,,,,31,no min.pdb,501.7
apt_00233,False,,,,,31,no min.pdb,532.1
apt_00235,False,,,,,31,no min.pdb,462.9
apt_00234,False,,,,,31,no min.pdb,526.0
apt_00237,False,,,,,31,no min.pdb,493.2
apt_00236,False,,,,,31,no min.pdb,567.1
apt_00239,False,,,,,31,no min.pdb,451.5
apt_00238,False,,,,,31,no min.pdb,474.2
apt_00240,False,,,,,31,no min.pdb,452.0
apt_00241,False,,,,,31,no min.pdb,337.5
apt_00242,False,,,,,31,no min.pdb,482.6
apt_00245,False,,,,,31,no min.pdb,336.3
apt_00246,False,,,,,31,no min.pdb,421.7
apt_00248,False,,,,,31,no min.pdb,362.1
apt_00243,False,,,,,31,no min.pdb,540.6
apt_00244,False,,,,,31,no min.pdb,517.4
apt_00247,False,,,,,31,no min.pdb,568.1
apt_00249,False,,,,,31,no min.pdb,436.6
apt_00252,False,,,,,31,no min.pdb,439.7
apt_00253,False,,,,,31,no min.pdb,421.8
apt_00251,False,,,,,31,no min.pdb,477.7
apt_00250,False,,,,,31,no min.pdb,604.1
apt_00254,False,,,,,31,no min.pdb,476.1
apt_00255,False,,,,,31,no min.pdb,424.1
apt_00256,False,,,,,31,no min.pdb,416.3
apt_00257,False,,,,,31,no min.pdb,406.5
apt_00258,False,,,,,31,no min.pdb,416.2
apt_00259,False,,,,,31,no min.pdb,439.7
apt_00260,False,,,,,31,no min.pdb,418.6
apt_00262,False,,,,,31,no min.pdb,367.5
apt_00261,False,,,,,31,no min.pdb,431.1
apt_00263,False,,,,,31,no min.pdb,418.1
apt_00264,False,,,,,31,no min.pdb,384.7
apt_00265,False,,,,,31,no min.pdb,386.0
apt_00269,False,,,,,31,no min.pdb,288.4
apt_00266,False,,,,,31,no min.pdb,372.7
apt_00267,False,,,,,31,no min.pdb,379.7
apt_00268,False,,,,,31,no min.pdb,427.3
apt_00270,False,,,,,31,no min.pdb,394.9
apt_00271,False,,,,,31,no min.pdb,335.1
apt_00275,False,,,,,31,no min.pdb,315.0
apt_00272,False,,,,,31,no min.pdb,398.8
apt_00273,False,,,,,31,no min.pdb,400.9
apt_00274,False,,,,,31,no min.pdb,396.6
apt_00276,False,,,,,31,no min.pdb,396.0
apt_00277,False,,,,,31,no min.pdb,482.9
apt_00278,False,,,,,31,no min.pdb,397.5
apt_00279,False,,,,,31,no min.pdb,408.4
apt_00280,False,,,,,31,no min.pdb,395.4
apt_00281,False,,,,,31,no min.pdb,436.8
apt_00282,False,,,,,31,no min.pdb,459.7
apt_00283,False,,,,,31,no min.pdb,554.5
apt_00285,False,,,,,31,no min.pdb,522.6
apt_00284,False,,,,,31,no min.pdb,570.6
apt_00289,False,,,,,31,no min.pdb,406.3
apt_00286,False,,,,,31,no min.pdb,590.2
apt_00287,False,,,,,31,no min.pdb,601.2
apt_00288,False,,,,,31,no min.pdb,572.8
apt_00290,False,,,,,31,no min.pdb,436.0
apt_00291,False,,,,,31,no min.pdb,466.6
apt_00292,False,,,,,31,no min.pdb,535.9
apt_00294,False,,,,,31,no min.pdb,467.5
apt_00293,False,,,,,31,no min.pdb,539.3
apt_00295,False,,,,,31,no min.pdb,433.6
apt_00296,False,,,,,31,no min.pdb,439.3
apt_00303,False,,,,,137,no min.pdb,9.0
apt_00012,True,50,1594,-49.0,-49,0,,127.1
apt_00008,True,53,1698,-52.0,-52,0,,425.7
apt_00005,True,52,1667,-51.0,-51,0,,529.4
apt_00013,True,50,1594,-49.0,-49,0,,428.6
apt_00006,True,58,1853,-57.0,-57,0,,665.3
apt_00017,True,50,1596,-49.0,-49,0,,44.0
apt_00003,True,50,1592,-49.0,-49,0,,828.2
apt_00007,True,58,1853,-57.0,-57,0,,835.5
apt_00011,True,50,1602,-49.0,-49,0,,836.9
apt_00010,True,53,1694,-52.0,-52,0,,879.9
apt_00001,True,50,1596,-49.0,-49,0,,923.5
apt_00002,True,50,1596,-49.0,-49,0,,959.6
apt_00009,True,53,1694,-52.0,-52,0,,978.9
apt_00015,True,56,1789,-55.0,-55,0,,844.4
apt_00004,True,58,1853,-57.0,-57,0,,1421.1
apt_00018,True,51,1618,-50.0,-50,0,,925.1
apt_00022,True,50,1589,-49.0,-49,0,,833.9
apt_00014,True,50,1591,-49.0,-49,0,,1381.7
apt_00019,True,61,1944,-60.0,-60,0,,988.7
apt_00021,True,53,1692,-52.0,-52,0,,1040.0
apt_00020,True,54,1718,-53.0,-53,0,,1046.8
apt_00029,True,51,1624,-50.0,-50,0,,193.8
apt_00016,True,51,1616,-50.0,-50,0,,1355.2
apt_00023,True,52,1656,-51.0,-51,0,,997.4
apt_00025,True,54,1719,-53.0,-53,0,,1120.7
apt_00026,True,50,1594,-49.0,-49,0,,812.1
apt_00024,True,54,1719,-53.0,-53,0,,1383.6
apt_00030,True,51,1624,-50.0,-50,0,,554.7
apt_00028,True,53,1683,-52.0,-52,0,,856.5
apt_00027,True,51,1625,-50.0,-50,0,,1087.0
apt_00032,True,52,1653,-51.0,-51,0,,649.5
apt_00034,True,50,1589,-49.0,-49,0,,699.4
apt_00043,True,54,1724,-53.0,-53,0,,125.8
apt_00031,True,52,1666,-51.0,-51,0,,840.9
apt_00035,True,50,1599,-49.0,-49,0,,789.6
apt_00042,True,54,1724,-53.0,-53,0,,264.3
apt_00038,True,50,1595,-49.0,-49,0,,685.5
apt_00033,True,55,1749,-54.0,-54,0,,1030.9
apt_00037,True,50,1595,-49.0,-49,0,,819.6
apt_00036,True,52,1648,-51.0,-51,0,,1067.8
apt_00041,True,52,1654,-51.0,-51,0,,754.9
apt_00044,True,50,1595,-49.0,-49,0,,636.2
apt_00040,True,58,1841,-57.0,-57,0,,1076.8
apt_00046,True,52,1661,-51.0,-51,0,,944.9
apt_00049,True,52,1662,-51.0,-51,0,,829.6
apt_00047,True,51,1628,-50.0,-50,0,,981.3
apt_00050,True,54,1713,-53.0,-53,0,,843.5
apt_00048,True,51,1628,-50.0,-50,0,,1017.5
apt_00051,True,51,1617,-50.0,-50,0,,812.0
apt_00053,True,52,1667,-51.0,-51,0,,782.3
apt_00045,True,50,1596,-49.0,-49,0,,1304.7
apt_00052,True,51,1617,-50.0,-50,0,,1113.7
apt_00065,True,52,1660,-51.0,-51,0,,107.4
apt_00057,True,50,1585,-49.0,-49,0,,636.8
apt_00054,True,53,1685,-52.0,-52,0,,1111.4
apt_00064,True,54,1720,-53.0,-53,0,,357.0
apt_00066,True,52,1660,-51.0,-51,0,,150.4
apt_00059,True,50,1587,-49.0,-49,0,,684.1
apt_00063,True,52,1655,-51.0,-51,0,,612.7
apt_00055,True,54,1720,-53.0,-53,0,,1419.2
apt_00056,True,55,1746,-54.0,-54,0,,1176.8
apt_00058,True,50,1587,-49.0,-49,0,,1186.0
apt_00062,True,58,1847,-57.0,-57,0,,1100.4
apt_00060,True,54,1726,-53.0,-53,0,,1131.0
apt_00071,True,51,1622,-50.0,-50,0,,608.7
apt_00061,True,54,1726,-53.0,-53,0,,1240.8
apt_00068,True,53,1677,-52.0,-52,0,,772.8
apt_00067,True,53,1679,-52.0,-52,0,,860.2
apt_00072,True,50,1593,-49.0,-49,0,,735.3
apt_00070,True,57,1806,-56.0,-56,0,,836.1
apt_00074,True,50,1592,-49.0,-49,0,,673.4
apt_00069,True,57,1806,-56.0,-56,0,,1105.2
apt_00077,True,50,1596,-49.0,-49,0,,609.7
apt_00073,True,54,1724,-53.0,-53,0,,969.1
apt_00080,True,50,1590,-49.0,-49,0,,575.1
apt_00076,True,50,1593,-49.0,-49,0,,819.1
apt_00078,True,50,1596,-49.0,-49,0,,725.5
apt_00079,True,50,1590,-49.0,-49,0,,726.5
apt_00082,True,50,1594,-49.0,-49,0,,602.8
apt_00081,True,50,1593,-49.0,-49,0,,748.6
apt_00075,True,54,1724,-53.0,-53,0,,1064.4
apt_00083,True,50,1593,-49.0,-49,0,,796.1
apt_00085,True,50,1597,-49.0,-49,0,,765.7
apt_00087,True,51,1627,-50.0,-50,0,,699.1
apt_00088,True,51,1620,-50.0,-50,0,,678.4
apt_00086,True,51,1627,-50.0,-50,0,,850.4
apt_00089,True,50,1593,-49.0,-49,0,,731.3
apt_00084,True,61,1944,-60.0,-60,0,,1138.5
apt_00090,True,50,1597,-49.0,-49,0,,795.2
apt_00091,True,50,1597,-49.0,-49,0,,804.5
apt_00093,True,50,1599,-49.0,-49,0,,685.1
apt_00094,True,50,1595,-49.0,-49,0,,763.2
apt_00092,True,50,1600,-49.0,-49,0,,958.4
apt_00095,True,50,1596,-49.0,-49,0,,1001.4
apt_00102,True,50,1591,-49.0,-49,0,,506.6
apt_00099,True,50,1598,-49.0,-49,0,,698.6
apt_00096,True,50,1598,-49.0,-49,0,,871.5
apt_00101,True,50,1590,-49.0,-49,0,,768.4
apt_00105,True,51,1621,-50.0,-50,0,,579.1
apt_00103,True,50,1589,-49.0,-49,0,,700.4
apt_00104,True,50,1598,-49.0,-49,0,,730.9
apt_00097,True,51,1631,-50.0,-50,0,,1019.0
apt_00098,True,50,1597,-49.0,-49,0,,1025.4
apt_00106,True,51,1632,-50.0,-50,0,,726.8
apt_00107,True,50,1600,-49.0,-49,0,,534.4
apt_00100,True,50,1597,-49.0,-49,0,,1108.0
apt_00108,True,50,1581,-49.0,-49,0,,702.8
apt_00111,True,50,1580,-49.0,-49,0,,666.4
apt_00110,True,50,1603,-49.0,-49,0,,725.3
apt_00113,True,50,1598,-49.0,-49,0,,638.2
apt_00116,True,50,1605,-49.0,-49,0,,630.2
apt_00115,True,50,1586,-49.0,-49,0,,676.2
apt_00119,True,50,1585,-49.0,-49,0,,598.3
apt_00114,True,50,1597,-49.0,-49,0,,951.2
apt_00117,True,50,1586,-49.0,-49,0,,912.8
apt_00112,True,50,1597,-49.0,-49,0,,1030.9
apt_00120,True,52,1649,-51.0,-51,0,,807.3
apt_00122,True,50,1602,-49.0,-49,0,,620.5
apt_00121,True,52,1649,-51.0,-51,0,,732.8
apt_00118,True,53,1696,-52.0,-52,0,,997.8
apt_00123,True,50,1599,-49.0,-49,0,,753.3
apt_00124,True,56,1787,-55.0,-55,0,,682.4
apt_00125,True,56,1787,-55.0,-55,0,,681.3
apt_00137,True,50,1592,-49.0,-49,0,,150.8
apt_00126,True,51,1629,-50.0,-50,0,,863.9
apt_00138,True,50,1592,-49.0,-49,0,,179.5
apt_00130,True,51,1624,-50.0,-50,0,,711.3
apt_00127,True,52,1658,-51.0,-51,0,,961.9
apt_00131,True,52,1646,-51.0,-51,0,,841.5
apt_00128,True,51,1624,-50.0,-50,0,,1035.9
apt_00132,True,50,1596,-49.0,-49,0,,955.1
apt_00129,True,53,1687,-52.0,-52,0,,1085.4
apt_00134,True,50,1592,-49.0,-49,0,,917.1
apt_00133,True,52,1663,-51.0,-51,0,,1019.0
apt_00136,True,50,1591,-49.0,-49,0,,1016.3
apt_00139,True,51,1624,-50.0,-50,0,,747.0
apt_00140,True,51,1638,-50.0,-50,0,,679.4
apt_00142,True,50,1591,-49.0,-49,0,,584.3
apt_00141,True,50,1597,-49.0,-49,0,,794.0
apt_00143,True,51,1638,-50.0,-50,0,,626.1
apt_00145,True,50,1597,-49.0,-49,0,,516.3
apt_00144,True,56,1788,-55.0,-55,0,,777.7
apt_00146,True,50,1604,-49.0,-49,0,,677.8
apt_00135,True,50,1591,-49.0,-49,0,,1502.7
apt_00147,True,50,1599,-49.0,-49,0,,708.2
apt_00149,True,50,1596,-49.0,-49,0,,535.5
apt_00151,True,50,1596,-49.0,-49,0,,557.0
apt_00153,True,50,1598,-49.0,-49,0,,481.1
apt_00150,True,50,1603,-49.0,-49,0,,679.0
apt_00148,True,50,1602,-49.0,-49,0,,803.2
apt_00152,True,56,1789,-55.0,-55,0,,657.8
apt_00154,True,50,1598,-49.0,-49,0,,609.5
apt_00155,True,56,1779,-55.0,-55,0,,636.4
apt_00157,True,50,1601,-49.0,-49,0,,661.7
apt_00158,True,56,1781,-55.0,-55,0,,682.2
apt_00156,True,56,1788,-55.0,-55,0,,730.9
apt_00160,True,56,1782,-55.0,-55,0,,744.0
apt_00159,True,50,1604,-49.0,-49,0,,844.4
apt_00165,True,55,1751,-54.0,-54,0,,641.0
apt_00161,True,56,1790,-55.0,-55,0,,770.9
apt_00162,True,56,1782,-55.0,-55,0,,793.6
apt_00163,True,56,1780,-55.0,-55,0,,781.6
apt_00164,True,56,1789,-55.0,-55,0,,798.4
apt_00166,True,55,1751,-54.0,-54,0,,780.3
apt_00168,True,50,1599,-49.0,-49,0,,687.7
apt_00167,True,53,1693,-52.0,-52,0,,1018.0
apt_00170,True,50,1599,-49.0,-49,0,,759.0
apt_00171,True,50,1597,-49.0,-49,0,,674.4
apt_00169,True,53,1700,-52.0,-52,0,,913.1
apt_00173,True,50,1599,-49.0,-49,0,,692.1
apt_00174,True,50,1604,-49.0,-49,0,,738.8
apt_00176,True,50,1597,-49.0,-49,0,,702.1
apt_00172,True,55,1765,-54.0,-54,0,,839.9
apt_00178,True,50,1600,-49.0,-49,0,,772.5
apt_00177,True,50,1598,-49.0,-49,0,,917.2
apt_00179,True,50,1600,-49.0,-49,0,,736.7
apt_00175,True,50,1597,-49.0,-49,0,,1110.3
apt_00190,True,50,1590,-49.0,-49,0,,68.8
apt_00180,True,50,1599,-49.0,-49,0,,717.6
apt_00184,True,50,1595,-49.0,-49,0,,610.6
apt_00181,True,50,1599,-49.0,-49,0,,760.7
apt_00182,True,50,1594,-49.0,-49,0,,813.2
apt_00185,True,50,1596,-49.0,-49,0,,646.9
apt_00186,True,50,1596,-49.0,-49,0,,677.9
apt_00189,True,50,1596,-49.0,-49,0,,616.9
apt_00199,True,51,1621,-50.0,-50,0,,78.5
apt_00188,True,50,1595,-49.0,-49,0,,760.1
apt_00187,True,54,1720,-53.0,-53,0,,1040.7
apt_00195,True,50,1598,-49.0,-49,0,,598.3
apt_00193,True,50,1590,-49.0,-49,0,,740.6
apt_00194,True,50,1600,-49.0,-49,0,,694.8
apt_00197,True,50,1599,-49.0,-49,0,,647.6
apt_00192,True,51,1625,-50.0,-50,0,,841.9
apt_00203,True,50,1595,-49.0,-49,0,,159.5
apt_00205,True,50,1592,-49.0,-49,0,,68.1
apt_00191,True,54,1736,-53.0,-53,0,,936.2
apt_00201,True,51,1625,-50.0,-50,0,,386.0
apt_00183,True,58,1851,-57.0,-57,0,,1491.4
apt_00207,True,50,1594,-49.0,-49,0,,143.6
apt_00211,True,50,1591,-49.0,-49,0,,76.7
apt_00208,True,50,1594,-49.0,-49,0,,187.5
apt_00200,True,50,1594,-49.0,-49,0,,534.4
apt_00198,True,50,1596,-49.0,-49,0,,818.4
apt_00213,True,50,1593,-49.0,-49,0,,114.2
apt_00196,True,52,1660,-51.0,-51,0,,967.5
apt_00214,True,50,1594,-49.0,-49,0,,178.4
apt_00202,True,50,1597,-49.0,-49,0,,650.1
apt_00204,True,50,1595,-49.0,-49,0,,673.4
apt_00206,True,50,1596,-49.0,-49,0,,612.1
apt_00209,True,50,1591,-49.0,-49,0,,697.8
apt_00223,True,50,1592,-49.0,-49,0,,126.0
apt_00212,True,50,1596,-49.0,-49,0,,645.3
apt_00218,True,50,1595,-49.0,-49,0,,641.1
apt_00219,True,50,1593,-49.0,-49,0,,632.5
apt_00215,True,52,1659,-51.0,-51,0,,753.9
apt_00226,True,50,1594,-49.0,-49,0,,241.5
apt_00216,True,50,1596,-49.0,-49,0,,819.9
apt_00224,True,50,1591,-49.0,-49,0,,359.7
apt_00210,True,50,1605,-49.0,-49,0,,1046.5
apt_00221,True,50,1594,-49.0,-49,0,,736.3
apt_00222,True,50,1591,-49.0,-49,0,,656.8
apt_00225,True,50,1594,-49.0,-49,0,,550.4
apt_00217,True,50,1589,-49.0,-49,0,,1063.6
apt_00220,True,51,1632,-50.0,-50,0,,1034.0
apt_00227,True,50,1594,-49.0,-49,0,,701.9
apt_00228,True,50,1607,-49.0,-49,0,,707.0
apt_00230,True,50,1608,-49.0,-49,0,,742.0
apt_00232,True,50,1607,-49.0,-49,0,,780.3
apt_00229,True,54,1723,-53.0,-53,0,,943.3
apt_00231,True,54,1719,-53.0,-53,0,,887.6
apt_00238,True,50,1594,-49.0,-49,0,,665.7
apt_00237,True,50,1604,-49.0,-49,0,,785.5
apt_00234,True,55,1756,-54.0,-54,0,,923.9
apt_00236,True,55,1756,-54.0,-54,0,,881.2
apt_00235,True,50,1609,-49.0,-49,0,,928.8
apt_00233,True,55,1756,-54.0,-54,0,,1111.2
apt_00241,True,50,1594,-49.0,-49,0,,618.6
apt_00239,True,50,1592,-49.0,-49,0,,838.6
apt_00240,True,50,1594,-49.0,-49,0,,836.3
apt_00242,True,52,1659,-51.0,-51,0,,660.7
apt_00245,True,50,1596,-49.0,-49,0,,599.3
apt_00243,True,61,1944,-60.0,-60,0,,804.0
apt_00246,True,50,1591,-49.0,-49,0,,645.3
apt_00248,True,50,1591,-49.0,-49,0,,573.4
apt_00244,True,52,1659,-51.0,-51,0,,1001.2
apt_00249,True,55,1751,-54.0,-54,0,,742.9
apt_00247,True,54,1718,-53.0,-53,0,,972.2
apt_00251,True,52,1658,-51.0,-51,0,,753.8
apt_00252,True,52,1655,-51.0,-51,0,,708.9
apt_00253,True,52,1655,-51.0,-51,0,,785.3
apt_00255,True,60,1914,-59.0,-59,0,,677.5
apt_00256,True,51,1630,-50.0,-50,0,,653.9
apt_00258,True,50,1601,-49.0,-49,0,,630.6
apt_00254,True,60,1914,-59.0,-59,0,,955.0
apt_00250,True,55,1751,-54.0,-54,0,,1240.8
apt_00257,True,50,1601,-49.0,-49,0,,870.3
apt_00260,True,50,1601,-49.0,-49,0,,693.3
apt_00259,True,53,1686,-52.0,-52,0,,709.5
apt_00262,True,50,1601,-49.0,-49,0,,599.2
apt_00261,True,51,1635,-50.0,-50,0,,720.4
apt_00263,True,50,1592,-49.0,-49,0,,713.2
apt_00264,True,50,1594,-49.0,-49,0,,678.6
apt_00269,True,50,1602,-49.0,-49,0,,486.0
apt_00267,True,50,1592,-49.0,-49,0,,620.7
apt_00265,True,50,1593,-49.0,-49,0,,666.5
apt_00266,True,50,1592,-49.0,-49,0,,696.5
apt_00271,True,50,1599,-49.0,-49,0,,515.7
apt_00268,True,50,1590,-49.0,-49,0,,697.3
apt_00273,True,50,1593,-49.0,-49,0,,585.8
apt_00270,True,50,1594,-49.0,-49,0,,720.9
apt_00275,True,50,1587,-49.0,-49,0,,472.6
apt_00272,True,50,1588,-49.0,-49,0,,737.2
apt_00274,True,50,1592,-49.0,-49,0,,564.7
apt_00276,True,50,1593,-49.0,-49,0,,624.1
apt_00278,True,50,1591,-49.0,-49,0,,675.1
apt_00280,True,50,1590,-49.0,-49,0,,619.6
apt_00277,True,50,1595,-49.0,-49,0,,738.3
apt_00281,True,52,1651,-51.0,-51,0,,635.2
apt_00279,True,54,1720,-53.0,-53,0,,801.6
apt_00282,True,50,1594,-49.0,-49,0,,675.3
apt_00283,True,50,1596,-49.0,-49,0,,831.2
apt_00285,True,51,1619,-50.0,-50,0,,839.2
apt_00286,True,53,1691,-52.0,-52,0,,811.6
apt_00289,True,50,1595,-49.0,-49,0,,559.2
apt_00290,True,51,1631,-50.0,-50,0,,616.7
apt_00287,True,51,1623,-50.0,-50,0,,960.4
apt_00284,True,52,1658,-51.0,-51,0,,1149.7
apt_00292,True,50,1598,-49.0,-49,0,,708.8
apt_00294,True,50,1602,-49.0,-49,0,,644.1
apt_00288,True,51,1623,-50.0,-50,0,,988.2
apt_00291,True,51,1635,-50.0,-50,0,,938.3
apt_00295,True,51,1637,-50.0,-50,0,,619.3
apt_00293,True,50,1599,-49.0,-49,0,,964.6
apt_00299,True,50,1597,-49.0,-49,0,,613.9
apt_00297,True,50,1599,-49.0,-49,0,,758.6
apt_00300,True,50,1602,-49.0,-49,0,,635.2
apt_00298,True,50,1597,-49.0,-49,0,,891.1
apt_00301,True,54,1725,-53.0,-53,0,,661.2
apt_00302,True,50,1602,-49.0,-49,0,,667.4
apt_00303,True,50,1601,-49.0,-49,0,,668.1
apt_00304,True,50,1600,-49.0,-49,0,,677.7
apt_00296,True,50,1603,-49.0,-49,0,,1079.4
apt_00305,True,50,1602,-49.0,-49,0,,631.5
apt_00317,True,50,1590,-49.0,-49,0,,184.7
apt_00308,True,50,1603,-49.0,-49,0,,678.4
apt_00316,True,50,1598,-49.0,-49,0,,387.7
apt_00306,True,51,1634,-50.0,-50,0,,927.8
apt_00310,True,50,1601,-49.0,-49,0,,754.8
apt_00309,True,50,1597,-49.0,-49,0,,818.1
apt_00311,True,50,1602,-49.0,-49,0,,657.8
apt_00312,True,50,1602,-49.0,-49,0,,652.6
apt_00307,True,50,1602,-49.0,-49,0,,1042.9
apt_00322,True,50,1602,-49.0,-49,0,,172.5
apt_00313,True,51,1630,-50.0,-50,0,,759.0
apt_00315,True,50,1591,-49.0,-49,0,,733.7
apt_00319,True,50,1594,-49.0,-49,0,,446.0
apt_00318,True,51,1638,-50.0,-50,0,,579.5
apt_00314,True,53,1687,-52.0,-52,0,,959.3
apt_00321,True,50,1598,-49.0,-49,0,,549.0
apt_00327,True,50,1599,-49.0,-49,0,,426.5
apt_00329,True,50,1599,-49.0,-49,0,,371.8
apt_00324,True,50,1588,-49.0,-49,0,,685.3
apt_00325,True,51,1632,-50.0,-50,0,,679.5
apt_00320,True,50,1588,-49.0,-49,0,,867.6
apt_00331,True,50,1599,-49.0,-49,0,,622.4
apt_00326,True,50,1591,-49.0,-49,0,,916.4
apt_00334,True,50,1600,-49.0,-49,0,,486.5
apt_00330,True,50,1590,-49.0,-49,0,,807.0
apt_00332,True,50,1590,-49.0,-49,0,,775.6
apt_00338,True,50,1601,-49.0,-49,0,,404.7
apt_00328,True,50,1589,-49.0,-49,0,,1005.0
apt_00337,True,50,1600,-49.0,-49,0,,484.0
apt_00335,True,50,1599,-49.0,-49,0,,634.1
apt_00323,True,60,1906,-59.0,-59,0,,1240.3
apt_00348,True,50,1587,-49.0,-49,0,,51.2
apt_00336,True,50,1590,-49.0,-49,0,,590.9
apt_00350,True,50,1590,-49.0,-49,0,,91.5
apt_00339,True,50,1597,-49.0,-49,0,,491.8
apt_00340,True,50,1601,-49.0,-49,0,,489.4
apt_00333,True,55,1761,-54.0,-54,0,,1003.5
apt_00342,True,50,1599,-49.0,-49,0,,435.9
apt_00352,True,50,1587,-49.0,-49,0,,114.5
apt_00349,True,51,1617,-50.0,-50,0,,250.9
apt_00353,True,50,1584,-49.0,-49,0,,79.0
apt_00354,True,50,1589,-49.0,-49,0,,103.0
apt_00356,True,51,1619,-50.0,-50,0,,84.9
apt_00351,True,51,1620,-50.0,-50,0,,260.1
apt_00341,True,50,1599,-49.0,-49,0,,627.5
apt_00357,True,50,1588,-49.0,-49,0,,143.6
apt_00343,True,50,1599,-49.0,-49,0,,670.1
apt_00346,True,51,1629,-50.0,-50,0,,625.2
apt_00355,True,50,1586,-49.0,-49,0,,334.1
apt_00347,True,50,1589,-49.0,-49,0,,685.0
apt_00366,True,50,1585,-49.0,-49,0,,66.4
apt_00345,True,51,1629,-50.0,-50,0,,769.2
apt_00344,True,55,1752,-54.0,-54,0,,777.5
apt_00362,True,53,1686,-52.0,-52,0,,298.8
apt_00360,True,50,1598,-49.0,-49,0,,545.1
apt_00358,True,53,1689,-52.0,-52,0,,673.2
apt_00359,True,50,1593,-49.0,-49,0,,672.1
apt_00361,True,50,1596,-49.0,-49,0,,687.6
apt_00363,True,53,1686,-52.0,-52,0,,770.7
apt_00367,True,50,1598,-49.0,-49,0,,631.0
apt_00370,True,50,1600,-49.0,-49,0,,648.9
apt_00364,True,50,1596,-49.0,-49,0,,816.1
apt_00369,True,50,1596,-49.0,-49,0,,690.8
apt_00368,True,50,1599,-49.0,-49,0,,722.4
apt_00365,True,50,1599,-49.0,-49,0,,910.9
apt_00371,True,53,1687,-52.0,-52,0,,792.9
apt_00373,True,54,1721,-53.0,-53,0,,621.2
apt_00372,True,50,1599,-49.0,-49,0,,777.5
apt_00374,True,50,1592,-49.0,-49,0,,791.2
apt_00375,True,50,1601,-49.0,-49,0,,758.2
apt_00376,True,50,1592,-49.0,-49,0,,660.0
apt_00377,True,50,1598,-49.0,-49,0,,609.7
apt_00378,True,50,1592,-49.0,-49,0,,698.5
apt_00381,True,50,1597,-49.0,-49,0,,671.7
apt_00384,True,50,1599,-49.0,-49,0,,591.7
apt_00379,True,50,1599,-49.0,-49,0,,822.2
apt_00382,True,50,1596,-49.0,-49,0,,728.9
apt_00380,True,50,1591,-49.0,-49,0,,975.8
apt_00383,True,50,1598,-49.0,-49,0,,933.3
apt_00389,True,50,1599,-49.0,-49,0,,580.6
apt_00388,True,50,1597,-49.0,-49,0,,676.8
apt_00387,True,50,1599,-49.0,-49,0,,718.5
apt_00386,True,50,1598,-49.0,-49,0,,773.6
apt_00391,True,50,1599,-49.0,-49,0,,590.5
apt_00392,True,50,1599,-49.0,-49,0,,591.2
apt_00393,True,50,1597,-49.0,-49,0,,633.7
apt_00385,True,50,1600,-49.0,-49,0,,1171.1
apt_00390,True,50,1597,-49.0,-49,0,,843.9
apt_00394,True,50,1598,-49.0,-49,0,,814.5
apt_00396,True,50,1599,-49.0,-49,0,,583.8
apt_00397,True,50,1597,-49.0,-49,0,,613.7
apt_00395,True,50,1596,-49.0,-49,0,,743.3
apt_00399,True,50,1599,-49.0,-49,0,,657.8
apt_00398,True,50,1599,-49.0,-49,0,,716.8
apt_00401,True,50,1595,-49.0,-49,0,,677.2
apt_00400,True,53,1685,-52.0,-52,0,,764.2
apt_00403,True,50,1591,-49.0,-49,0,,635.1
apt_00402,True,50,1593,-49.0,-49,0,,782.6
apt_00404,True,51,1631,-50.0,-50,0,,824.8
apt_00407,True,54,1723,-53.0,-53,0,,634.4
apt_00405,True,50,1594,-49.0,-49,0,,807.4
apt_00409,True,54,1719,-53.0,-53,0,,616.2
apt_00408,True,54,1719,-53.0,-53,0,,699.2
apt_00406,True,50,1594,-49.0,-49,0,,832.4
apt_00411,True,52,1656,-51.0,-51,0,,662.6
apt_00410,True,54,1721,-53.0,-53,0,,725.5
apt_00413,True,56,1781,-55.0,-55,0,,615.8
apt_00412,True,50,1593,-49.0,-49,0,,743.8
apt_00416,True,50,1590,-49.0,-49,0,,571.2
apt_00414,True,51,1625,-50.0,-50,0,,806.3
apt_00417,True,50,1602,-49.0,-49,0,,602.4
apt_00418,True,50,1597,-49.0,-49,0,,708.9
apt_00423,True,51,1624,-50.0,-50,0,,483.9
apt_00424,True,50,1601,-49.0,-49,0,,639.5
apt_00420,True,51,1624,-50.0,-50,0,,831.5
apt_00415,True,53,1694,-52.0,-52,0,,1093.1
apt_00422,True,50,1602,-49.0,-49,0,,788.8
apt_00419,True,51,1624,-50.0,-50,0,,1011.3
apt_00428,True,50,1602,-49.0,-49,0,,610.9
apt_00427,True,50,1604,-49.0,-49,0,,784.8
apt_00429,True,50,1603,-49.0,-49,0,,722.8
apt_00421,True,50,1602,-49.0,-49,0,,1285.4
apt_00430,True,50,1601,-49.0,-49,0,,731.3
apt_00431,True,50,1601,-49.0,-49,0,,628.6
apt_00433,True,50,1600,-49.0,-49,0,,636.4
apt_00425,True,50,1598,-49.0,-49,0,,1263.6
apt_00435,True,50,1601,-49.0,-49,0,,744.1
apt_00434,True,56,1787,-55.0,-55,0,,793.3
apt_00426,True,50,1602,-49.0,-49,0,,1325.9
apt_00445,True,50,1593,-49.0,-49,0,,196.6
apt_00437,True,50,1601,-49.0,-49,0,,698.2
apt_00436,True,50,1599,-49.0,-49,0,,889.7
apt_00432,True,50,1601,-49.0,-49,0,,1182.1
apt_00438,True,50,1602,-49.0,-49,0,,732.7
apt_00440,True,59,1879,-58.0,-58,0,,868.5
apt_00442,True,50,1593,-49.0,-49,0,,747.8
apt_00439,True,50,1604,-49.0,-49,0,,905.0
apt_00448,True,50,1593,-49.0,-49,0,,346.6
apt_00441,True,50,1593,-49.0,-49,0,,891.6
apt_00454,True,50,1595,-49.0,-49,0,,120.5
apt_00456,True,50,1595,-49.0,-49,0,,89.0
apt_00446,True,53,1682,-52.0,-52,0,,691.2
apt_00458,True,50,1595,-49.0,-49,0,,69.1
apt_00443,True,51,1632,-50.0,-50,0,,948.3
apt_00460,True,52,1655,-51.0,-51,0,,28.5
apt_00447,True,51,1632,-50.0,-50,0,,634.5
apt_00459,True,53,1687,-52.0,-52,0,,131.2
apt_00455,True,50,1593,-49.0,-49,0,,296.8
apt_00444,True,50,1590,-49.0,-49,0,,946.0
apt_00461,True,50,1591,-49.0,-49,0,,183.2
apt_00457,True,50,1591,-49.0,-49,0,,360.0
apt_00449,True,51,1627,-50.0,-50,0,,752.5
apt_00452,True,52,1659,-51.0,-51,0,,525.9
apt_00453,True,50,1593,-49.0,-49,0,,601.2
apt_00451,True,51,1625,-50.0,-50,0,,804.8
apt_00462,True,50,1595,-49.0,-49,0,,460.9
apt_00463,True,50,1595,-49.0,-49,0,,459.6
apt_00473,True,53,1685,-52.0,-52,0,,179.5
apt_00450,True,60,1911,-59.0,-59,0,,1152.3
apt_00464,True,51,1623,-50.0,-50,0,,611.5
apt_00465,True,53,1685,-52.0,-52,0,,832.6
apt_00474,True,53,1685,-52.0,-52,0,,443.0
apt_00472,True,50,1597,-49.0,-49,0,,604.2
apt_00466,True,53,1693,-52.0,-52,0,,855.8
apt_00479,True,53,1686,-52.0,-52,0,,43.2
apt_00469,True,50,1592,-49.0,-49,0,,785.6
apt_00468,True,53,1694,-52.0,-52,0,,827.4
apt_00471,True,50,1594,-49.0,-49,0,,739.4
apt_00467,True,50,1592,-49.0,-49,0,,935.1
apt_00470,True,50,1601,-49.0,-49,0,,926.8
apt_00484,True,50,1593,-49.0,-49,0,,154.0
apt_00482,True,50,1594,-49.0,-49,0,,239.8
apt_00485,True,50,1594,-49.0,-49,0,,240.6
apt_00476,True,50,1594,-49.0,-49,0,,696.2
apt_00480,True,50,1593,-49.0,-49,0,,385.5
apt_00475,True,50,1605,-49.0,-49,0,,706.4
apt_00492,True,50,1597,-49.0,-49,0,,209.1
apt_00494,True,50,1596,-49.0,-49,0,,65.4
apt_00477,True,52,1659,-51.0,-51,0,,941.6
apt_00483,True,53,1689,-52.0,-52,0,,719.3
apt_00481,True,52,1660,-51.0,-51,0,,889.8
apt_00478,True,53,1690,-52.0,-52,0,,980.7
apt_00489,True,50,1601,-49.0,-49,0,,734.0
apt_00496,True,50,1596,-49.0,-49,0,,367.7
apt_00486,True,50,1601,-49.0,-49,0,,936.8
apt_00488,True,50,1596,-49.0,-49,0,,843.3
apt_00487,True,50,1599,-49.0,-49,0,,945.8
apt_00491,True,50,1600,-49.0,-49,0,,868.8
apt_00490,True,50,1600,-49.0,-49,0,,900.4
apt_00495,True,50,1594,-49.0,-49,0,,643.8
apt_00497,True,50,1602,-49.0,-49,0,,692.1
apt_00493,True,50,1602,-49.0,-49,0,,1093.8
apt_00499,True,50,1594,-49.0,-49,0,,592.4
apt_00500,True,57,1820,-56.0,-56,0,,683.0
apt_00498,True,50,1591,-49.0,-49,0,,809.2
apt_00503,True,50,1601,-49.0,-49,0,,693.9
apt_00504,True,50,1600,-49.0,-49,0,,749.8
apt_00502,True,50,1600,-49.0,-49,0,,898.2
apt_00506,True,51,1634,-50.0,-50,0,,749.1
apt_00510,True,56,1788,-55.0,-55,0,,583.1
apt_00508,True,51,1634,-50.0,-50,0,,661.1
apt_00507,True,50,1596,-49.0,-49,0,,828.5
apt_00509,True,53,1693,-52.0,-52,0,,688.5
apt_00501,True,57,1820,-56.0,-56,0,,1197.5
apt_00512,True,59,1881,-58.0,-58,0,,593.1
apt_00505,True,53,1690,-52.0,-52,0,,1323.7
apt_00513,True,59,1881,-58.0,-58,0,,841.2
apt_00511,True,57,1826,-56.0,-56,0,,986.0
apt_00515,True,50,1601,-49.0,-49,0,,700.7
apt_00514,True,51,1636,-50.0,-50,0,,843.3
apt_00518,True,50,1588,-49.0,-49,0,,639.5
apt_00520,True,50,1593,-49.0,-49,0,,635.9
apt_00517,True,50,1598,-49.0,-49,0,,691.7
apt_00519,True,50,1587,-49.0,-49,0,,866.0
apt_00522,True,50,1587,-49.0,-49,0,,723.5
apt_00521,True,50,1587,-49.0,-49,0,,840.3
apt_00516,True,50,1602,-49.0,-49,0,,1114.6
apt_00523,True,50,1593,-49.0,-49,0,,717.5
apt_00530,True,50,1588,-49.0,-49,0,,611.4
apt_00524,True,53,1694,-52.0,-52,0,,802.9
apt_00527,True,52,1651,-51.0,-51,0,,685.7
apt_00526,True,51,1637,-50.0,-50,0,,782.0
apt_00528,True,50,1598,-49.0,-49,0,,708.9
apt_00525,True,50,1588,-49.0,-49,0,,845.3
apt_00529,True,50,1603,-49.0,-49,0,,759.0
apt_00534,True,54,1714,-53.0,-53,0,,744.0
apt_00533,True,54,1714,-53.0,-53,0,,809.3
apt_00531,True,50,1602,-49.0,-49,0,,926.2
apt_00545,True,56,1787,-55.0,-55,0,,97.2
apt_00535,True,52,1665,-51.0,-51,0,,854.3
apt_00532,True,50,1593,-49.0,-49,0,,1148.3
apt_00536,True,50,1596,-49.0,-49,0,,771.3
apt_00546,True,52,1655,-51.0,-51,0,,288.5
apt_00542,True,53,1697,-52.0,-52,0,,758.2
apt_00540,True,53,1692,-52.0,-52,0,,883.2
apt_00538,True,54,1730,-53.0,-53,0,,914.9
apt_00537,True,51,1624,-50.0,-50,0,,962.9
apt_00541,True,53,1692,-52.0,-52,0,,942.9
apt_00543,True,53,1697,-52.0,-52,0,,706.5
apt_00544,True,50,1598,-49.0,-49,0,,703.8
apt_00549,True,50,1593,-49.0,-49,0,,546.1
apt_00539,True,51,1624,-50.0,-50,0,,1344.5
apt_00554,True,51,1642,-50.0,-50,0,,504.1
apt_00547,True,53,1699,-52.0,-52,0,,790.7
apt_00548,True,53,1699,-52.0,-52,0,,782.1
apt_00553,True,50,1596,-49.0,-49,0,,588.5
apt_00551,True,50,1593,-49.0,-49,0,,669.4
apt_00550,True,50,1603,-49.0,-49,0,,977.6
apt_00558,True,50,1601,-49.0,-49,0,,562.6
apt_00552,True,50,1604,-49.0,-49,0,,961.2
apt_00559,True,53,1692,-52.0,-52,0,,572.0
apt_00556,True,53,1686,-52.0,-52,0,,852.0
apt_00557,True,50,1603,-49.0,-49,0,,896.5
apt_00555,True,50,1603,-49.0,-49,0,,1233.8
apt_00560,True,54,1725,-53.0,-53,0,,945.5
apt_00561,True,50,1589,-49.0,-49,0,,963.4
apt_00564,True,55,1750,-54.0,-54,0,,961.7
apt_00562,True,50,1601,-49.0,-49,0,,1006.2
apt_00569,True,50,1589,-49.0,-49,0,,559.5
apt_00563,True,55,1750,-54.0,-54,0,,1139.2
apt_00566,True,51,1632,-50.0,-50,0,,814.3
apt_00565,True,50,1604,-49.0,-49,0,,895.7
apt_00568,True,50,1603,-49.0,-49,0,,927.4
apt_00572,True,51,1627,-50.0,-50,0,,546.1
apt_00567,True,50,1602,-49.0,-49,0,,1169.8
apt_00571,True,51,1627,-50.0,-50,0,,807.7
apt_00570,True,53,1690,-52.0,-52,0,,1107.0
apt_00574,True,51,1632,-50.0,-50,0,,656.6
apt_00576,True,50,1593,-49.0,-49,0,,743.7
apt_00578,True,50,1592,-49.0,-49,0,,638.3
apt_00575,True,50,1589,-49.0,-49,0,,832.5
apt_00582,True,50,1604,-49.0,-49,0,,485.6
apt_00577,True,54,1715,-53.0,-53,0,,912.5
apt_00573,True,51,1640,-50.0,-50,0,,1104.6
apt_00579,True,50,1589,-49.0,-49,0,,966.6
apt_00583,True,50,1604,-49.0,-49,0,,660.7
apt_00581,True,50,1605,-49.0,-49,0,,768.2
apt_00580,True,53,1681,-52.0,-52,0,,923.2
apt_00595,True,50,1594,-49.0,-49,0,,124.4
apt_00587,True,53,1685,-52.0,-52,0,,603.7
apt_00586,True,50,1594,-49.0,-49,0,,676.3
apt_00584,True,50,1605,-49.0,-49,0,,849.7
apt_00596,True,50,1592,-49.0,-49,0,,140.7
apt_00588,True,51,1636,-50.0,-50,0,,717.3
apt_00590,True,54,1717,-53.0,-53,0,,575.5
apt_00585,True,50,1594,-49.0,-49,0,,985.5
apt_00597,True,50,1591,-49.0,-49,0,,252.3
apt_00602,True,50,1592,-49.0,-49,0,,48.9
apt_00601,True,50,1592,-49.0,-49,0,,155.0
apt_00591,True,53,1685,-52.0,-52,0,,820.0
apt_00593,True,51,1626,-50.0,-50,0,,741.6
apt_00589,True,50,1595,-49.0,-49,0,,965.6
apt_00594,True,52,1668,-51.0,-51,0,,831.8
apt_00598,True,50,1591,-49.0,-49,0,,728.3
apt_00600,True,50,1593,-49.0,-49,0,,705.3
apt_00592,True,50,1597,-49.0,-49,0,,1063.8
apt_00603,True,50,1593,-49.0,-49,0,,659.4
apt_00606,True,50,1595,-49.0,-49,0,,662.1
apt_00604,True,50,1592,-49.0,-49,0,,721.2
apt_00599,True,50,1592,-49.0,-49,0,,1018.0
apt_00607,True,50,1595,-49.0,-49,0,,719.2
apt_00610,True,50,1599,-49.0,-49,0,,629.2
apt_00609,True,50,1597,-49.0,-49,0,,686.8
apt_00608,True,51,1622,-50.0,-50,0,,764.7
apt_00605,True,50,1606,-49.0,-49,0,,1146.0
apt_00611,True,50,1596,-49.0,-49,0,,679.0
apt_00612,True,50,1596,-49.0,-49,0,,681.8
apt_00613,True,54,1727,-53.0,-53,0,,697.7
apt_00615,True,50,1597,-49.0,-49,0,,648.4
apt_00614,True,50,1597,-49.0,-49,0,,722.7
apt_00618,True,50,1596,-49.0,-49,0,,487.7
apt_00617,True,50,1597,-49.0,-49,0,,717.0
apt_00616,True,50,1597,-49.0,-49,0,,867.9
apt_00621,True,50,1596,-49.0,-49,0,,585.9
apt_00620,True,50,1593,-49.0,-49,0,,668.6
apt_00622,True,50,1593,-49.0,-49,0,,539.5
apt_00623,True,50,1596,-49.0,-49,0,,524.7
apt_00619,True,50,1595,-49.0,-49,0,,743.8
apt_00625,True,50,1596,-49.0,-49,0,,501.8
apt_00624,True,50,1597,-49.0,-49,0,,796.3
apt_00628,True,50,1596,-49.0,-49,0,,705.2
apt_00627,True,50,1595,-49.0,-49,0,,799.3
apt_00626,True,50,1596,-49.0,-49,0,,844.8
apt_00629,True,50,1595,-49.0,-49,0,,753.6
apt_00633,True,50,1595,-49.0,-49,0,,683.4
apt_00630,True,50,1597,-49.0,-49,0,,799.0
apt_00634,True,50,1595,-49.0,-49,0,,751.8
apt_00636,True,50,1596,-49.0,-49,0,,690.7
apt_00635,True,50,1595,-49.0,-49,0,,770.7
apt_00631,True,50,1595,-49.0,-49,0,,910.4
apt_00647,True,50,1595,-49.0,-49,0,,123.7
apt_00640,True,50,1594,-49.0,-49,0,,500.8
apt_00632,True,50,1595,-49.0,-49,0,,1100.5
apt_00638,True,50,1599,-49.0,-49,0,,750.5
apt_00637,True,51,1633,-50.0,-50,0,,849.6
apt_00652,True,50,1594,-49.0,-49,0,,48.5
apt_00639,True,50,1601,-49.0,-49,0,,833.7
apt_00641,True,54,1724,-53.0,-53,0,,718.3
apt_00642,True,50,1599,-49.0,-49,0,,720.5
apt_00650,True,50,1594,-49.0,-49,0,,366.8
apt_00645,True,50,1601,-49.0,-49,0,,706.0
apt_00643,True,52,1665,-51.0,-51,0,,849.4
apt_00655,True,50,1595,-49.0,-49,0,,200.7
apt_00646,True,50,1599,-49.0,-49,0,,883.1
apt_00649,True,50,1598,-49.0,-49,0,,770.7
apt_00648,True,50,1599,-49.0,-49,0,,822.4
apt_00644,True,50,1595,-49.0,-49,0,,1059.2
apt_00651,True,50,1600,-49.0,-49,0,,741.1
apt_00659,True,50,1595,-49.0,-49,0,,396.1
apt_00662,True,50,1594,-49.0,-49,0,,191.2
apt_00665,True,50,1595,-49.0,-49,0,,93.5
apt_00653,True,50,1599,-49.0,-49,0,,771.7
apt_00654,True,50,1593,-49.0,-49,0,,735.3
apt_00657,True,56,1789,-55.0,-55,0,,615.0
apt_00656,True,50,1592,-49.0,-49,0,,753.9
apt_00658,True,50,1593,-49.0,-49,0,,905.1
apt_00661,True,50,1601,-49.0,-49,0,,745.8
apt_00663,True,50,1592,-49.0,-49,0,,733.6
apt_00660,True,59,1878,-58.0,-58,0,,989.7
apt_00669,True,50,1590,-49.0,-49,0,,709.0
apt_00666,True,50,1593,-49.0,-49,0,,864.4
apt_00671,True,50,1590,-49.0,-49,0,,750.6
apt_00667,True,55,1756,-54.0,-54,0,,851.2
apt_00680,True,50,1590,-49.0,-49,0,,56.8
apt_00670,True,50,1588,-49.0,-49,0,,859.0
apt_00664,True,54,1722,-53.0,-53,0,,1086.3
apt_00678,True,51,1625,-50.0,-50,0,,164.2
apt_00672,True,50,1590,-49.0,-49,0,,828.1
apt_00668,True,55,1758,-54.0,-54,0,,1013.0
apt_00673,True,50,1597,-49.0,-49,0,,838.8
apt_00675,True,50,1597,-49.0,-49,0,,760.0
apt_00677,True,50,1605,-49.0,-49,0,,622.9
apt_00674,True,53,1690,-52.0,-52,0,,925.4
apt_00679,True,50,1601,-49.0,-49,0,,582.7
apt_00685,True,50,1600,-49.0,-49,0,,502.5
apt_00676,True,50,1600,-49.0,-49,0,,982.7
apt_00682,True,51,1624,-50.0,-50,0,,767.2
apt_00681,True,52,1654,-51.0,-51,0,,796.6
apt_00684,True,51,1620,-50.0,-50,0,,726.4
apt_00686,True,50,1602,-49.0,-49,0,,823.1
apt_00691,True,50,1598,-49.0,-49,0,,479.1
apt_00683,True,51,1620,-50.0,-50,0,,954.1
apt_00687,True,54,1724,-53.0,-53,0,,831.7
apt_00688,True,54,1725,-53.0,-53,0,,830.0
apt_00690,True,50,1595,-49.0,-49,0,,791.1
apt_00696,True,50,1605,-49.0,-49,0,,485.8
apt_00702,True,50,1603,-49.0,-49,0,,164.1
apt_00692,True,53,1691,-52.0,-52,0,,869.8
apt_00697,True,50,1606,-49.0,-49,0,,547.4
apt_00699,True,50,1606,-49.0,-49,0,,520.0
apt_00698,True,50,1604,-49.0,-49,0,,542.9
apt_00695,True,53,1691,-52.0,-52,0,,838.9
apt_00704,True,50,1602,-49.0,-49,0,,218.5
apt_00694,True,54,1724,-53.0,-53,0,,935.6
apt_00689,True,50,1594,-49.0,-49,0,,1249.4
apt_00693,True,50,1598,-49.0,-49,0,,1125.7
apt_00700,True,50,1609,-49.0,-49,0,,684.6
apt_00703,True,50,1602,-49.0,-49,0,,813.8
apt_00701,True,50,1601,-49.0,-49,0,,964.5
apt_00706,True,50,1599,-49.0,-49,0,,724.8
apt_00707,True,50,1610,-49.0,-49,0,,728.4
apt_00708,True,50,1601,-49.0,-49,0,,816.6
apt_00712,True,50,1600,-49.0,-49,0,,663.0
apt_00711,True,56,1777,-55.0,-55,0,,690.7
apt_00705,True,50,1605,-49.0,-49,0,,964.7
apt_00709,True,50,1606,-49.0,-49,0,,817.5
apt_00710,True,50,1600,-49.0,-49,0,,821.4
apt_00722,True,50,1602,-49.0,-49,0,,80.4
apt_00725,True,50,1603,-49.0,-49,0,,47.0
apt_00713,True,54,1728,-53.0,-53,0,,859.4
apt_00714,True,50,1590,-49.0,-49,0,,763.1
apt_00724,True,50,1594,-49.0,-49,0,,178.8
apt_00715,True,51,1620,-50.0,-50,0,,617.4
apt_00723,True,50,1593,-49.0,-49,0,,298.5
apt_00729,True,50,1603,-49.0,-49,0,,102.3
apt_00716,True,51,1633,-50.0,-50,0,,664.7
apt_00733,True,50,1600,-49.0,-49,0,,36.0
apt_00720,True,52,1654,-51.0,-51,0,,677.4
apt_00721,True,50,1594,-49.0,-49,0,,680.7
apt_00718,True,56,1777,-55.0,-55,0,,879.7
apt_00719,True,59,1890,-58.0,-58,0,,889.4
apt_00727,True,54,1730,-53.0,-53,0,,642.5
apt_00731,True,50,1604,-49.0,-49,0,,591.1
apt_00726,True,54,1730,-53.0,-53,0,,842.2
apt_00730,True,50,1600,-49.0,-49,0,,774.7
apt_00717,True,51,1620,-50.0,-50,0,,1271.8
apt_00732,True,50,1600,-49.0,-49,0,,800.3
apt_00734,True,50,1601,-49.0,-49,0,,844.8
apt_00728,True,50,1598,-49.0,-49,0,,1105.4
apt_00735,True,50,1597,-49.0,-49,0,,761.0
apt_00737,True,50,1597,-49.0,-49,0,,734.6
apt_00736,True,50,1599,-49.0,-49,0,,877.9
apt_00738,True,50,1601,-49.0,-49,0,,754.6
apt_00739,True,50,1604,-49.0,-49,0,,769.1
apt_00740,True,50,1598,-49.0,-49,0,,746.9
apt_00743,True,50,1603,-49.0,-49,0,,782.6
apt_00747,True,50,1605,-49.0,-49,0,,499.4
apt_00742,True,50,1597,-49.0,-49,0,,855.4
apt_00744,True,50,1596,-49.0,-49,0,,918.7
apt_00745,True,51,1636,-50.0,-50,0,,809.3
apt_00748,True,50,1604,-49.0,-49,0,,737.5
apt_00746,True,50,1605,-49.0,-49,0,,919.6
apt_00749,True,50,1604,-49.0,-49,0,,716.9
apt_00758,True,50,1597,-49.0,-49,0,,84.8
apt_00741,True,50,1598,-49.0,-49,0,,1284.3
apt_00750,True,50,1597,-49.0,-49,0,,711.7
apt_00759,True,50,1596,-49.0,-49,0,,52.3
apt_00762,True,50,1601,-49.0,-49,0,,53.4
apt_00751,True,51,1638,-50.0,-50,0,,751.6
apt_00752,True,50,1597,-49.0,-49,0,,731.9
apt_00754,True,50,1596,-49.0,-49,0,,742.5
apt_00755,True,50,1597,-49.0,-49,0,,793.1
apt_00753,True,50,1595,-49.0,-49,0,,1033.9
apt_00764,True,50,1596,-49.0,-49,0,,636.9
apt_00757,True,50,1595,-49.0,-49,0,,838.8
apt_00756,True,50,1595,-49.0,-49,0,,918.9
apt_00765,True,50,1599,-49.0,-49,0,,702.8
apt_00770,True,50,1596,-49.0,-49,0,,134.0
apt_00761,True,50,1590,-49.0,-49,0,,849.9
apt_00772,True,50,1599,-49.0,-49,0,,189.4
apt_00766,True,50,1589,-49.0,-49,0,,799.0
apt_00760,True,50,1595,-49.0,-49,0,,926.9
apt_00773,True,50,1596,-49.0,-49,0,,223.0
apt_00767,True,50,1596,-49.0,-49,0,,824.8
apt_00776,True,50,1598,-49.0,-49,0,,120.8
apt_00763,True,50,1596,-49.0,-49,0,,1037.6
apt_00777,True,50,1597,-49.0,-49,0,,224.8
apt_00768,True,54,1727,-53.0,-53,0,,842.0
apt_00781,True,50,1600,-49.0,-49,0,,306.0
apt_00785,True,50,1601,-49.0,-49,0,,132.6
apt_00771,True,54,1729,-53.0,-53,0,,770.3
apt_00788,True,50,1600,-49.0,-49,0,,77.7
apt_00775,True,54,1719,-53.0,-53,0,,744.3
apt_00774,True,50,1597,-49.0,-49,0,,758.6
apt_00787,True,50,1600,-49.0,-49,0,,173.1
apt_00783,True,50,1592,-49.0,-49,0,,512.7
apt_00790,True,50,1600,-49.0,-49,0,,59.1
apt_00769,True,50,1596,-49.0,-49,0,,1157.0
apt_00794,True,50,1594,-49.0,-49,0,,102.0
apt_00791,True,50,1601,-49.0,-49,0,,192.4
apt_00793,True,50,1597,-49.0,-49,0,,152.4
apt_00795,True,50,1598,-49.0,-49,0,,131.3
apt_00779,True,50,1596,-49.0,-49,0,,833.4
apt_00778,True,50,1588,-49.0,-49,0,,887.9
apt_00796,True,50,1599,-49.0,-49,0,,120.4
apt_00782,True,50,1596,-49.0,-49,0,,856.8
apt_00792,True,50,1599,-49.0,-49,0,,329.2
apt_00797,True,50,1596,-49.0,-49,0,,238.6
apt_00780,True,50,1596,-49.0,-49,0,,1055.9
apt_00784,True,50,1592,-49.0,-49,0,,951.6
apt_00786,True,50,1591,-49.0,-49,0,,954.3
apt_00800,True,50,1596,-49.0,-49,0,,622.8
apt_00802,True,50,1593,-49.0,-49,0,,633.3
apt_00801,True,50,1594,-49.0,-49,0,,647.7
apt_00789,True,50,1592,-49.0,-49,0,,922.0
apt_00799,True,50,1596,-49.0,-49,0,,734.1
apt_00804,True,50,1593,-49.0,-49,0,,654.1
apt_00803,True,50,1593,-49.0,-49,0,,698.0
apt_00798,True,50,1595,-49.0,-49,0,,808.8
apt_00807,True,53,1692,-52.0,-52,0,,598.2
apt_00806,True,50,1600,-49.0,-49,0,,733.7
apt_00805,True,55,1749,-54.0,-54,0,,805.4
apt_00818,True,50,1599,-49.0,-49,0,,163.0
apt_00808,True,54,1725,-53.0,-53,0,,691.6
apt_00813,True,50,1588,-49.0,-49,0,,596.4
apt_00812,True,50,1589,-49.0,-49,0,,670.7
apt_00810,True,50,1595,-49.0,-49,0,,674.2
apt_00816,True,50,1603,-49.0,-49,0,,581.6
apt_00809,True,50,1593,-49.0,-49,0,,763.2
apt_00811,True,50,1608,-49.0,-49,0,,720.6
apt_00815,True,50,1593,-49.0,-49,0,,661.3
apt_00814,True,50,1607,-49.0,-49,0,,703.0
apt_00817,True,50,1608,-49.0,-49,0,,773.5
apt_00821,True,50,1607,-49.0,-49,0,,723.3
apt_00820,True,50,1604,-49.0,-49,0,,809.8
apt_00823,True,50,1603,-49.0,-49,0,,660.7
apt_00825,True,50,1607,-49.0,-49,0,,661.0
apt_00826,True,50,1603,-49.0,-49,0,,639.9
apt_00827,True,50,1599,-49.0,-49,0,,683.7
apt_00824,True,50,1598,-49.0,-49,0,,735.9
apt_00829,True,50,1593,-49.0,-49,0,,693.9
apt_00822,True,50,1607,-49.0,-49,0,,845.8
apt_00828,True,50,1599,-49.0,-49,0,,835.9
apt_00819,True,50,1608,-49.0,-49,0,,1296.5
apt_00831,True,50,1600,-49.0,-49,0,,739.4
apt_00832,True,50,1600,-49.0,-49,0,,686.2
apt_00830,True,50,1589,-49.0,-49,0,,1038.0
apt_00833,True,50,1595,-49.0,-49,0,,845.0
apt_00838,True,54,1718,-53.0,-53,0,,736.5
apt_00836,True,50,1599,-49.0,-49,0,,815.2
apt_00840,True,50,1593,-49.0,-49,0,,674.2
apt_00837,True,50,1588,-49.0,-49,0,,899.6
apt_00834,True,50,1602,-49.0,-49,0,,1012.1
apt_00839,True,50,1594,-49.0,-49,0,,922.0
apt_00835,True,50,1594,-49.0,-49,0,,1076.8
apt_00841,True,50,1593,-49.0,-49,0,,855.2
apt_00842,True,54,1728,-53.0,-53,0,,807.8
apt_00845,True,50,1591,-49.0,-49,0,,585.1
apt_00849,True,50,1592,-49.0,-49,0,,503.9
apt_00847,True,50,1592,-49.0,-49,0,,604.3
apt_00850,True,50,1590,-49.0,-49,0,,571.1
apt_00843,True,50,1593,-49.0,-49,0,,995.6
apt_00844,True,54,1729,-53.0,-53,0,,975.0
apt_00846,True,50,1595,-49.0,-49,0,,805.0
apt_00848,True,50,1603,-49.0,-49,0,,868.9
apt_00851,True,50,1596,-49.0,-49,0,,962.6
apt_00854,True,50,1591,-49.0,-49,0,,657.3
apt_00853,True,50,1594,-49.0,-49,0,,1083.7
apt_00855,True,50,1594,-49.0,-49,0,,824.0
apt_00857,True,50,1608,-49.0,-49,0,,793.0
apt_00852,True,50,1596,-49.0,-49,0,,1259.4
apt_00859,True,50,1592,-49.0,-49,0,,753.2
apt_00856,True,50,1593,-49.0,-49,0,,923.2
apt_00860,True,51,1625,-50.0,-50,0,,751.1
apt_00862,True,50,1607,-49.0,-49,0,,708.1
apt_00858,True,50,1592,-49.0,-49,0,,926.4
apt_00871,True,51,1630,-50.0,-50,0,,123.6
apt_00861,True,50,1594,-49.0,-49,0,,961.9
apt_00864,True,50,1607,-49.0,-49,0,,705.7
apt_00863,True,50,1595,-49.0,-49,0,,863.4
apt_00866,True,50,1588,-49.0,-49,0,,861.9
apt_00868,True,50,1608,-49.0,-49,0,,779.2
apt_00867,True,50,1593,-49.0,-49,0,,938.0
apt_00865,True,50,1592,-49.0,-49,0,,1029.0
apt_00872,True,50,1607,-49.0,-49,0,,856.1
apt_00869,True,50,1593,-49.0,-49,0,,1081.9
apt_00874,True,50,1591,-49.0,-49,0,,892.3
apt_00877,True,50,1607,-49.0,-49,0,,642.3
apt_00870,True,50,1598,-49.0,-49,0,,1278.2
apt_00875,True,50,1605,-49.0,-49,0,,1093.0
apt_00873,True,51,1624,-50.0,-50,0,,1239.5
apt_00878,True,50,1607,-49.0,-49,0,,678.3
apt_00876,True,51,1624,-50.0,-50,0,,1119.0
apt_00882,True,50,1595,-49.0,-49,0,,624.0
apt_00881,True,50,1606,-49.0,-49,0,,743.1
apt_00883,True,50,1597,-49.0,-49,0,,786.6
apt_00879,True,50,1592,-49.0,-49,0,,1163.5
apt_00880,True,50,1592,-49.0,-49,0,,1109.9
apt_00885,True,50,1594,-49.0,-49,0,,867.3
apt_00887,True,50,1601,-49.0,-49,0,,719.0
apt_00889,True,50,1605,-49.0,-49,0,,723.3
apt_00890,True,50,1599,-49.0,-49,0,,654.4
apt_00888,True,52,1656,-51.0,-51,0,,897.8
apt_00891,True,50,1602,-49.0,-49,0,,710.6
apt_00886,True,50,1593,-49.0,-49,0,,1127.3
apt_00884,True,50,1602,-49.0,-49,0,,1376.7
apt_00892,True,50,1604,-49.0,-49,0,,855.8
apt_00893,True,51,1627,-50.0,-50,0,,778.3
apt_00898,True,50,1597,-49.0,-49,0,,697.9
apt_00896,True,54,1724,-53.0,-53,0,,798.0
apt_00895,True,51,1634,-50.0,-50,0,,906.2
apt_00900,True,50,1598,-49.0,-49,0,,625.7
apt_00894,True,50,1593,-49.0,-49,0,,1018.7
apt_00901,True,50,1599,-49.0,-49,0,,675.1
apt_00899,True,52,1659,-51.0,-51,0,,841.2
apt_00902,True,50,1598,-49.0,-49,0,,637.4
apt_00903,True,50,1605,-49.0,-49,0,,613.5
apt_00904,True,50,1595,-49.0,-49,0,,611.4
apt_00897,True,53,1691,-52.0,-52,0,,1046.1
apt_00906,True,50,1597,-49.0,-49,0,,601.4
apt_00908,True,50,1595,-49.0,-49,0,,678.7
apt_00913,True,50,1593,-49.0,-49,0,,533.5
apt_00905,True,54,1724,-53.0,-53,0,,961.0
apt_00909,True,50,1596,-49.0,-49,0,,733.5
apt_00920,True,50,1607,-49.0,-49,0,,57.6
apt_00910,True,50,1605,-49.0,-49,0,,736.3
apt_00912,True,50,1594,-49.0,-49,0,,695.9
apt_00915,True,50,1592,-49.0,-49,0,,647.3
apt_00914,True,50,1591,-49.0,-49,0,,690.8
apt_00923,True,50,1592,-49.0,-49,0,,169.0
apt_00911,True,50,1596,-49.0,-49,0,,924.8
apt_00907,True,53,1691,-52.0,-52,0,,1153.9
apt_00926,True,50,1592,-49.0,-49,0,,238.7
apt_00916,True,50,1591,-49.0,-49,0,,914.9
apt_00917,True,50,1602,-49.0,-49,0,,615.3
apt_00929,True,52,1653,-51.0,-51,0,,78.0
apt_00918,True,50,1593,-49.0,-49,0,,571.4
apt_00933,True,50,1591,-49.0,-49,0,,117.1
apt_00934,True,50,1588,-49.0,-49,0,,148.3
apt_00924,True,50,1595,-49.0,-49,0,,687.1
apt_00925,True,50,1596,-49.0,-49,0,,658.8
apt_00922,True,50,1595,-49.0,-49,0,,760.1
apt_00939,True,50,1588,-49.0,-49,0,,94.1
apt_00937,True,50,1591,-49.0,-49,0,,218.6
apt_00928,True,50,1594,-49.0,-49,0,,692.5
apt_00919,True,50,1594,-49.0,-49,0,,1028.7
apt_00930,True,55,1752,-54.0,-54,0,,678.7
apt_00927,True,55,1754,-54.0,-54,0,,845.8
apt_00940,True,50,1588,-49.0,-49,0,,269.9
apt_00943,True,50,1591,-49.0,-49,0,,172.8
apt_00931,True,50,1596,-49.0,-49,0,,763.2
apt_00932,True,50,1596,-49.0,-49,0,,780.8
apt_00921,True,50,1598,-49.0,-49,0,,1230.3
apt_00945,True,50,1591,-49.0,-49,0,,228.2
apt_00936,True,55,1752,-54.0,-54,0,,732.5
apt_00935,True,50,1606,-49.0,-49,0,,830.8
apt_00938,True,50,1603,-49.0,-49,0,,689.9
apt_00946,True,50,1600,-49.0,-49,0,,473.0
apt_00941,True,50,1605,-49.0,-49,0,,669.4
apt_00944,True,52,1661,-51.0,-51,0,,626.4
apt_00942,True,50,1601,-49.0,-49,0,,726.8
apt_00948,True,50,1600,-49.0,-49,0,,539.0
apt_00947,True,50,1592,-49.0,-49,0,,792.7
apt_00952,True,50,1607,-49.0,-49,0,,604.2
apt_00949,True,50,1591,-49.0,-49,0,,772.0
apt_00953,True,50,1599,-49.0,-49,0,,640.5
apt_00950,True,50,1591,-49.0,-49,0,,797.1
apt_00951,True,50,1591,-49.0,-49,0,,922.9
apt_00956,True,50,1605,-49.0,-49,0,,576.1
apt_00955,True,50,1606,-49.0,-49,0,,618.2
apt_00957,True,53,1685,-52.0,-52,0,,650.1
apt_00954,True,50,1591,-49.0,-49,0,,945.3
apt_00961,True,50,1605,-49.0,-49,0,,458.2
apt_00959,True,50,1606,-49.0,-49,0,,795.4
apt_00964,True,50,1602,-49.0,-49,0,,484.8
apt_00958,True,54,1720,-53.0,-53,0,,896.7
apt_00960,True,51,1632,-50.0,-50,0,,733.3
apt_00962,True,50,1594,-49.0,-49,0,,740.7
apt_00965,True,50,1599,-49.0,-49,0,,533.3
apt_00967,True,50,1606,-49.0,-49,0,,539.8
apt_00963,True,50,1600,-49.0,-49,0,,771.4
apt_00977,True,50,1599,-49.0,-49,0,,58.5
apt_00968,True,50,1606,-49.0,-49,0,,586.6
apt_00966,True,56,1791,-55.0,-55,0,,725.1
apt_00970,True,56,1789,-55.0,-55,0,,654.7
apt_00971,True,53,1685,-52.0,-52,0,,644.5
apt_00969,True,56,1791,-55.0,-55,0,,810.5
apt_00983,True,50,1594,-49.0,-49,0,,94.6
apt_00979,True,51,1634,-50.0,-50,0,,582.9
apt_00972,True,51,1628,-50.0,-50,0,,911.8
apt_00975,True,50,1592,-49.0,-49,0,,726.0
apt_00973,True,51,1626,-50.0,-50,0,,849.5
apt_00980,True,50,1602,-49.0,-49,0,,631.6
apt_00974,True,50,1592,-49.0,-49,0,,941.8
apt_00976,True,50,1589,-49.0,-49,0,,1007.3
apt_00984,True,50,1599,-49.0,-49,0,,573.5
apt_00981,True,50,1600,-49.0,-49,0,,869.1
apt_00982,True,50,1601,-49.0,-49,0,,744.7
apt_00978,True,50,1603,-49.0,-49,0,,1042.3
apt_00995,True,50,1592,-49.0,-49,0,,22.2
apt_00988,True,50,1594,-49.0,-49,0,,410.2
apt_00998,True,52,1658,-51.0,-51,0,,196.5
apt_00989,True,50,1600,-49.0,-49,0,,689.8
apt_00985,True,50,1592,-49.0,-49,0,,902.8
apt_00987,True,50,1593,-49.0,-49,0,,727.4
apt_00991,True,51,1621,-50.0,-50,0,,563.3
apt_01001,True,50,1591,-49.0,-49,0,,132.4
apt_00986,True,50,1603,-49.0,-49,0,,867.7
apt_00996,True,50,1598,-49.0,-49,0,,471.5
apt_01003,True,50,1592,-49.0,-49,0,,183.9
apt_00997,True,53,1695,-52.0,-52,0,,652.3
apt_00999,True,50,1597,-49.0,-49,0,,450.8
apt_00993,True,51,1630,-50.0,-50,0,,718.5
apt_00992,True,53,1688,-52.0,-52,0,,785.8
apt_01002,True,50,1598,-49.0,-49,0,,420.6
apt_00990,True,51,1625,-50.0,-50,0,,1122.5
apt_00994,True,50,1598,-49.0,-49,0,,944.7
apt_01000,True,50,1602,-49.0,-49,0,,823.7
apt_01004,True,50,1599,-49.0,-49,0,,695.4
apt_01006,True,50,1598,-49.0,-49,0,,690.8
apt_01010,True,51,1625,-50.0,-50,0,,604.1
apt_01007,True,50,1590,-49.0,-49,0,,741.8
apt_01005,True,50,1586,-49.0,-49,0,,842.8
apt_01011,True,50,1598,-49.0,-49,0,,684.2
apt_01012,True,53,1690,-52.0,-52,0,,671.2
apt_01008,True,50,1604,-49.0,-49,0,,805.7
apt_01013,True,51,1625,-50.0,-50,0,,726.1
apt_01014,True,52,1657,-51.0,-51,0,,730.3
apt_01016,True,50,1604,-49.0,-49,0,,580.8
apt_01009,True,51,1633,-50.0,-50,0,,1169.1
apt_01019,True,53,1687,-52.0,-52,0,,662.2
apt_01022,True,50,1591,-49.0,-49,0,,561.4
apt_01021,True,50,1600,-49.0,-49,0,,603.8
apt_01020,True,50,1598,-49.0,-49,0,,686.3
apt_01015,True,50,1598,-49.0,-49,0,,999.9
apt_01023,True,50,1596,-49.0,-49,0,,682.3
apt_01017,True,51,1631,-50.0,-50,0,,1016.6
apt_01024,True,50,1588,-49.0,-49,0,,780.5
apt_01026,True,50,1600,-49.0,-49,0,,696.8
apt_01018,True,50,1603,-49.0,-49,0,,1166.3
apt_01027,True,50,1603,-49.0,-49,0,,645.0
apt_01030,True,50,1600,-49.0,-49,0,,535.8
apt_01031,True,50,1597,-49.0,-49,0,,783.8
apt_01028,True,50,1602,-49.0,-49,0,,871.1
apt_01025,True,50,1600,-49.0,-49,0,,1170.2
apt_01035,True,50,1593,-49.0,-49,0,,558.2
apt_01032,True,50,1595,-49.0,-49,0,,802.1
apt_01036,True,50,1593,-49.0,-49,0,,588.9
apt_01039,True,50,1597,-49.0,-49,0,,496.7
apt_01029,True,50,1603,-49.0,-49,0,,1047.2
apt_01038,True,50,1587,-49.0,-49,0,,570.7
apt_01037,True,51,1625,-50.0,-50,0,,665.7
apt_01033,True,50,1595,-49.0,-49,0,,961.9
apt_01042,True,50,1601,-49.0,-49,0,,594.7
apt_01043,True,50,1596,-49.0,-49,0,,545.2
apt_01034,True,50,1592,-49.0,-49,0,,1330.1
apt_01040,True,52,1653,-51.0,-51,0,,773.7
apt_01046,True,54,1721,-53.0,-53,0,,595.4
apt_01045,True,55,1754,-54.0,-54,0,,630.7
apt_01049,True,55,1757,-54.0,-54,0,,704.3
apt_01047,True,53,1689,-52.0,-52,0,,805.5
apt_01041,True,52,1653,-51.0,-51,0,,1042.1
apt_01050,True,55,1757,-54.0,-54,0,,768.2
apt_01048,True,50,1599,-49.0,-49,0,,915.9
apt_01051,True,51,1634,-50.0,-50,0,,662.1
apt_01044,True,52,1657,-51.0,-51,0,,1204.3
apt_01054,True,50,1602,-49.0,-49,0,,754.8
apt_01053,True,51,1631,-50.0,-50,0,,787.1
apt_01052,True,52,1652,-51.0,-51,0,,881.1
apt_01056,True,50,1597,-49.0,-49,0,,855.4
apt_01059,True,51,1621,-50.0,-50,0,,694.7
apt_01058,True,50,1589,-49.0,-49,0,,785.3
apt_01062,True,50,1595,-49.0,-49,0,,538.7
apt_01061,True,52,1651,-51.0,-51,0,,671.5
apt_01055,True,50,1603,-49.0,-49,0,,1036.5
apt_01060,True,54,1720,-53.0,-53,0,,789.2
apt_01057,True,50,1597,-49.0,-49,0,,937.8
apt_01072,True,51,1625,-50.0,-50,0,,153.9
apt_01074,True,54,1721,-53.0,-53,0,,140.3
apt_01065,True,50,1598,-49.0,-49,0,,611.0
apt_01063,True,55,1752,-54.0,-54,0,,854.2
apt_01077,True,50,1594,-49.0,-49,0,,79.9
apt_01066,True,50,1598,-49.0,-49,0,,742.7
apt_01070,True,50,1595,-49.0,-49,0,,504.0
apt_01078,True,50,1594,-49.0,-49,0,,153.7
apt_01071,True,50,1606,-49.0,-49,0,,512.7
apt_01064,True,53,1684,-52.0,-52,0,,888.5
apt_01068,True,50,1594,-49.0,-49,0,,700.3
apt_01067,True,52,1667,-51.0,-51,0,,770.2
apt_01073,True,50,1604,-49.0,-49,0,,649.9
apt_01069,True,50,1593,-49.0,-49,0,,722.8
apt_01076,True,50,1590,-49.0,-49,0,,602.3
apt_01075,True,50,1605,-49.0,-49,0,,702.9
apt_01079,True,50,1590,-49.0,-49,0,,637.4
apt_01083,True,50,1594,-49.0,-49,0,,632.2
apt_01084,True,50,1594,-49.0,-49,0,,657.6
apt_01085,True,53,1690,-52.0,-52,0,,587.3
apt_01080,True,50,1595,-49.0,-49,0,,795.8
apt_01086,True,50,1591,-49.0,-49,0,,632.6
apt_01093,True,51,1627,-50.0,-50,0,,67.7
apt_01087,True,55,1762,-54.0,-54,0,,608.8
apt_01090,True,50,1597,-49.0,-49,0,,523.7
apt_01088,True,50,1595,-49.0,-49,0,,772.5
apt_01082,True,52,1664,-51.0,-51,0,,1030.9
apt_01081,True,52,1664,-51.0,-51,0,,1070.9
apt_01089,True,50,1600,-49.0,-49,0,,742.3
apt_01091,True,50,1593,-49.0,-49,0,,765.6
apt_01095,True,50,1593,-49.0,-49,0,,574.4
apt_01096,True,50,1596,-49.0,-49,0,,673.1
apt_01098,True,53,1691,-52.0,-52,0,,686.1
apt_01105,True,50,1592,-49.0,-49,0,,185.3
apt_01092,True,50,1596,-49.0,-49,0,,862.2
apt_01094,True,50,1597,-49.0,-49,0,,852.7
apt_01097,True,50,1606,-49.0,-49,0,,818.3
apt_01100,True,51,1627,-50.0,-50,0,,660.3
apt_01099,True,50,1592,-49.0,-49,0,,811.3
apt_01102,True,55,1755,-54.0,-54,0,,783.6
apt_01106,True,50,1592,-49.0,-49,0,,452.1
apt_01111,True,50,1599,-49.0,-49,0,,304.4
apt_01101,True,50,1605,-49.0,-49,0,,962.7
apt_01104,True,53,1684,-52.0,-52,0,,759.8
apt_01107,True,50,1594,-49.0,-49,0,,821.6
apt_01108,True,50,1594,-49.0,-49,0,,858.5
apt_01109,True,50,1597,-49.0,-49,0,,858.5
apt_01110,True,50,1596,-49.0,-49,0,,970.8
apt_01103,True,53,1684,-52.0,-52,0,,1538.7
apt_01112,True,50,1596,-49.0,-49,0,,1010.7
apt_01113,True,50,1598,-49.0,-49,0,,1029.0
apt_01116,True,50,1607,-49.0,-49,0,,864.3
apt_01119,True,50,1609,-49.0,-49,0,,604.7
apt_01118,True,50,1597,-49.0,-49,0,,915.3
apt_01115,True,50,1596,-49.0,-49,0,,1063.1
apt_01114,True,50,1608,-49.0,-49,0,,1112.5
apt_01117,True,50,1608,-49.0,-49,0,,1045.6
apt_01121,True,50,1604,-49.0,-49,0,,854.9
apt_01120,True,50,1598,-49.0,-49,0,,1128.7
apt_01122,True,50,1603,-49.0,-49,0,,1040.1
apt_01123,True,50,1592,-49.0,-49,0,,976.8
apt_01124,True,50,1595,-49.0,-49,0,,1134.4
apt_01126,True,50,1594,-49.0,-49,0,,1142.9
apt_01129,True,50,1597,-49.0,-49,0,,966.8
apt_01125,True,51,1630,-50.0,-50,0,,1274.1
apt_01127,True,50,1597,-49.0,-49,0,,1150.3
apt_01128,True,50,1596,-49.0,-49,0,,1129.1
apt_01130,True,50,1595,-49.0,-49,0,,1235.1
apt_01132,True,50,1598,-49.0,-49,0,,1002.9
apt_01136,True,50,1592,-49.0,-49,0,,719.0
apt_01133,True,50,1597,-49.0,-49,0,,1063.4
apt_01137,True,50,1593,-49.0,-49,0,,734.6
apt_01141,True,50,1600,-49.0,-49,0,,578.1
apt_01134,True,53,1689,-52.0,-52,0,,1143.4
apt_01135,True,50,1598,-49.0,-49,0,,1120.8
apt_01138,True,50,1600,-49.0,-49,0,,928.7
apt_01140,True,50,1606,-49.0,-49,0,,879.0
apt_01139,True,50,1595,-49.0,-49,0,,975.3
apt_01142,True,50,1597,-49.0,-49,0,,845.5
apt_01131,True,50,1596,-49.0,-49,0,,1992.5
apt_01144,True,50,1600,-49.0,-49,0,,609.1
apt_01143,True,54,1723,-53.0,-53,0,,1035.0
apt_01145,True,51,1631,-50.0,-50,0,,832.5
apt_01148,True,54,1726,-53.0,-53,0,,683.3
apt_01146,True,54,1723,-53.0,-53,0,,774.1
apt_01151,True,50,1602,-49.0,-49,0,,631.9
apt_01147,True,50,1597,-49.0,-49,0,,1021.6
apt_01149,True,55,1763,-54.0,-54,0,,950.5
apt_01150,True,50,1602,-49.0,-49,0,,877.1
apt_01153,True,50,1595,-49.0,-49,0,,699.0
apt_01152,True,50,1596,-49.0,-49,0,,846.3
apt_01155,True,50,1594,-49.0,-49,0,,794.6
apt_01156,True,50,1597,-49.0,-49,0,,713.9
apt_01154,True,51,1629,-50.0,-50,0,,949.8
apt_01157,True,50,1593,-49.0,-49,0,,679.0
apt_01159,True,50,1592,-49.0,-49,0,,758.7
apt_01160,True,50,1593,-49.0,-49,0,,666.2
apt_01161,True,51,1629,-50.0,-50,0,,625.7
apt_01162,True,50,1595,-49.0,-49,0,,723.2
apt_01158,True,50,1596,-49.0,-49,0,,1019.3
apt_01164,True,50,1594,-49.0,-49,0,,741.7
apt_01165,True,50,1593,-49.0,-49,0,,710.0
apt_01167,True,51,1626,-50.0,-50,0,,640.2
apt_01168,True,51,1626,-50.0,-50,0,,634.3
apt_01163,True,50,1593,-49.0,-49,0,,936.8
apt_01169,True,51,1625,-50.0,-50,0,,681.6
apt_01170,True,55,1756,-54.0,-54,0,,569.2
apt_01166,True,50,1597,-49.0,-49,0,,881.8
apt_01171,True,51,1625,-50.0,-50,0,,599.1
apt_01172,True,50,1599,-49.0,-49,0,,791.6
apt_01174,True,50,1593,-49.0,-49,0,,714.3
apt_01176,True,50,1593,-49.0,-49,0,,763.1
apt_01173,True,52,1660,-51.0,-51,0,,985.8
apt_01175,True,50,1597,-49.0,-49,0,,977.5
apt_01181,True,55,1760,-54.0,-54,0,,724.1
apt_01179,True,50,1591,-49.0,-49,0,,818.7
apt_01178,True,54,1722,-53.0,-53,0,,876.2
apt_01180,True,57,1819,-56.0,-56,0,,876.9
apt_01177,True,50,1598,-49.0,-49,0,,997.8
apt_01185,True,52,1648,-51.0,-51,0,,582.0
apt_01182,True,59,1883,-58.0,-58,0,,946.0
apt_01183,True,50,1595,-49.0,-49,0,,912.1
apt_01184,True,50,1603,-49.0,-49,0,,663.5
apt_01186,True,50,1599,-49.0,-49,0,,563.5
apt_01188,True,52,1650,-51.0,-51,0,,628.5
apt_01187,True,52,1648,-51.0,-51,0,,800.8
apt_01189,True,50,1598,-49.0,-49,0,,735.1
apt_01195,True,50,1594,-49.0,-49,0,,555.3
apt_01191,True,50,1591,-49.0,-49,0,,803.3
apt_01190,True,50,1591,-49.0,-49,0,,840.8
apt_01193,True,51,1632,-50.0,-50,0,,819.9
apt_01192,True,50,1601,-49.0,-49,0,,937.0
apt_01198,True,50,1594,-49.0,-49,0,,755.3
apt_01197,True,53,1692,-52.0,-52,0,,921.3
apt_01196,True,50,1593,-49.0,-49,0,,984.0
apt_01201,True,50,1605,-49.0,-49,0,,532.9
apt_01199,True,51,1627,-50.0,-50,0,,654.9
apt_01194,True,51,1627,-50.0,-50,0,,1053.1
apt_01200,True,50,1588,-49.0,-49,0,,686.1
apt_01202,True,50,1599,-49.0,-49,0,,778.3
apt_01206,True,50,1604,-49.0,-49,0,,532.2
apt_01203,True,50,1599,-49.0,-49,0,,797.9
apt_01205,True,53,1692,-52.0,-52,0,,774.1
apt_01208,True,50,1598,-49.0,-49,0,,594.8
apt_01209,True,50,1600,-49.0,-49,0,,553.4
apt_01212,True,50,1600,-49.0,-49,0,,609.3
apt_01210,True,50,1601,-49.0,-49,0,,650.9
apt_01204,True,53,1691,-52.0,-52,0,,1091.7
apt_01213,True,50,1597,-49.0,-49,0,,561.7
apt_01222,True,51,1615,-50.0,-50,0,,93.0
apt_01207,True,52,1659,-51.0,-51,0,,928.6
apt_01219,True,50,1583,-49.0,-49,0,,284.9
apt_01214,True,50,1597,-49.0,-49,0,,554.7
apt_01215,True,50,1594,-49.0,-49,0,,692.7
apt_01216,True,50,1596,-49.0,-49,0,,673.3
apt_01211,True,50,1597,-49.0,-49,0,,1093.6
apt_01223,True,50,1597,-49.0,-49,0,,497.8
apt_01220,True,50,1596,-49.0,-49,0,,781.2
apt_01221,True,50,1596,-49.0,-49,0,,779.9
apt_01218,True,56,1792,-55.0,-55,0,,974.6
apt_01225,True,50,1601,-49.0,-49,0,,700.1
apt_01233,True,50,1593,-49.0,-49,0,,183.5
apt_01217,True,56,1792,-55.0,-55,0,,1179.0
apt_01224,True,51,1627,-50.0,-50,0,,891.3
apt_01226,True,50,1598,-49.0,-49,0,,859.5
apt_01228,True,50,1594,-49.0,-49,0,,759.5
apt_01227,True,50,1601,-49.0,-49,0,,972.8
apt_01230,True,50,1602,-49.0,-49,0,,843.0
apt_01229,True,50,1603,-49.0,-49,0,,930.8
apt_01232,True,50,1598,-49.0,-49,0,,588.7
apt_01242,True,50,1605,-49.0,-49,0,,84.0
apt_01235,True,55,1757,-54.0,-54,0,,733.7
apt_01236,True,52,1658,-51.0,-51,0,,694.6
apt_01231,True,50,1595,-49.0,-49,0,,1159.0
apt_01238,True,53,1690,-52.0,-52,0,,732.4
apt_01239,True,55,1755,-54.0,-54,0,,758.2
apt_01234,True,50,1593,-49.0,-49,0,,950.7
apt_01241,True,54,1718,-53.0,-53,0,,611.4
apt_01240,True,54,1718,-53.0,-53,0,,751.1
apt_01250,True,50,1599,-49.0,-49,0,,144.4
apt_01252,True,50,1604,-49.0,-49,0,,141.3
apt_01243,True,50,1592,-49.0,-49,0,,668.7
apt_01244,True,53,1685,-52.0,-52,0,,633.8
apt_01237,True,52,1660,-51.0,-51,0,,1039.3
apt_01245,True,50,1592,-49.0,-49,0,,726.3
apt_01246,True,54,1717,-53.0,-53,0,,584.4
apt_01255,True,50,1594,-49.0,-49,0,,230.1
apt_01247,True,50,1595,-49.0,-49,0,,695.8
apt_01248,True,53,1685,-52.0,-52,0,,677.6
apt_01249,True,50,1607,-49.0,-49,0,,686.1
apt_01251,True,50,1594,-49.0,-49,0,,700.4
apt_01254,True,53,1702,-52.0,-52,0,,651.9
apt_01253,True,50,1594,-49.0,-49,0,,722.6
apt_01257,True,51,1624,-50.0,-50,0,,632.6
apt_01258,True,50,1586,-49.0,-49,0,,718.3
apt_01261,True,50,1594,-49.0,-49,0,,598.4
apt_01262,True,51,1624,-50.0,-50,0,,622.0
apt_01260,True,50,1596,-49.0,-49,0,,821.6
apt_01264,True,50,1606,-49.0,-49,0,,633.6
apt_01263,True,50,1584,-49.0,-49,0,,834.1
apt_01265,True,52,1662,-51.0,-51,0,,791.0
apt_01267,True,50,1606,-49.0,-49,0,,738.6
apt_01270,True,50,1600,-49.0,-49,0,,562.9
apt_01268,True,50,1592,-49.0,-49,0,,788.5
apt_01266,True,51,1626,-50.0,-50,0,,857.3
apt_01259,True,50,1600,-49.0,-49,0,,1396.9
apt_01256,True,50,1596,-49.0,-49,0,,1597.6
apt_01269,True,50,1592,-49.0,-49,0,,871.7
apt_01271,True,50,1596,-49.0,-49,0,,740.0
apt_01273,True,53,1698,-52.0,-52,0,,709.1
apt_01272,True,51,1640,-50.0,-50,0,,870.5
apt_01274,True,56,1790,-55.0,-55,0,,849.8
apt_01277,True,50,1598,-49.0,-49,0,,729.4
apt_01278,True,50,1592,-49.0,-49,0,,693.8
apt_01276,True,53,1684,-52.0,-52,0,,823.7
apt_01275,True,50,1596,-49.0,-49,0,,906.8
apt_01282,True,50,1603,-49.0,-49,0,,594.3
apt_01279,True,50,1591,-49.0,-49,0,,810.9
apt_01280,True,50,1609,-49.0,-49,0,,806.8
apt_01283,True,53,1690,-52.0,-52,0,,623.4
apt_01284,True,50,1602,-49.0,-49,0,,564.5
apt_01281,True,50,1595,-49.0,-49,0,,840.5
apt_01285,True,50,1594,-49.0,-49,0,,826.0
apt_01289,True,53,1684,-52.0,-52,0,,569.5
apt_01290,True,50,1608,-49.0,-49,0,,652.2
apt_01286,True,53,1688,-52.0,-52,0,,839.2
apt_01291,True,53,1684,-52.0,-52,0,,699.2
apt_01293,True,50,1592,-49.0,-49,0,,674.3
apt_01294,True,50,1604,-49.0,-49,0,,648.3
apt_01288,True,57,1830,-56.0,-56,0,,876.0
apt_01292,True,50,1592,-49.0,-49,0,,841.4
apt_01296,True,50,1603,-49.0,-49,0,,710.7
apt_01295,True,50,1598,-49.0,-49,0,,838.3
apt_01287,True,53,1684,-52.0,-52,0,,1142.8
apt_01304,True,51,1629,-50.0,-50,0,,545.1
apt_01297,True,50,1602,-49.0,-49,0,,899.3
apt_01302,True,50,1598,-49.0,-49,0,,634.2
apt_01298,True,50,1600,-49.0,-49,0,,894.8
apt_01299,True,50,1601,-49.0,-49,0,,893.1
apt_01308,True,50,1589,-49.0,-49,0,,554.4
apt_01306,True,50,1595,-49.0,-49,0,,650.6
apt_01300,True,50,1602,-49.0,-49,0,,882.7
apt_01307,True,50,1595,-49.0,-49,0,,631.0
apt_01305,True,50,1588,-49.0,-49,0,,778.7
apt_01301,True,50,1599,-49.0,-49,0,,1024.6
apt_01303,True,55,1757,-54.0,-54,0,,1100.1
apt_01310,True,50,1589,-49.0,-49,0,,549.7
apt_01311,True,50,1586,-49.0,-49,0,,593.2
apt_01320,True,54,1736,-53.0,-53,0,,182.8
apt_01316,True,50,1606,-49.0,-49,0,,527.0
apt_01319,True,50,1591,-49.0,-49,0,,567.7
apt_01318,True,50,1591,-49.0,-49,0,,700.3
apt_01309,True,50,1590,-49.0,-49,0,,1060.7
apt_01313,True,50,1604,-49.0,-49,0,,855.6
apt_01312,True,50,1603,-49.0,-49,0,,976.4
apt_01321,True,50,1605,-49.0,-49,0,,544.1
apt_01314,True,50,1607,-49.0,-49,0,,954.4
apt_01317,True,50,1607,-49.0,-49,0,,1032.5
apt_01323,True,50,1603,-49.0,-49,0,,639.1
apt_01332,True,50,1591,-49.0,-49,0,,180.4
apt_01325,True,55,1766,-54.0,-54,0,,520.8
apt_01327,True,50,1605,-49.0,-49,0,,581.4
apt_01322,True,50,1603,-49.0,-49,0,,1007.8
apt_01315,True,56,1794,-55.0,-55,0,,1566.8
apt_01324,True,50,1603,-49.0,-49,0,,1113.2
apt_01326,True,50,1604,-49.0,-49,0,,951.6
apt_01329,True,52,1669,-51.0,-51,0,,923.6
apt_01331,True,50,1597,-49.0,-49,0,,826.8
apt_01328,True,52,1669,-51.0,-51,0,,1189.1
apt_01330,True,50,1597,-49.0,-49,0,,1169.0
apt_01333,True,54,1726,-53.0,-53,0,,1101.4
apt_01337,True,50,1602,-49.0,-49,0,,826.2
apt_01334,True,51,1624,-50.0,-50,0,,1127.4
apt_01336,True,50,1598,-49.0,-49,0,,1068.4
apt_01339,True,52,1660,-51.0,-51,0,,825.5
apt_01338,True,50,1599,-49.0,-49,0,,960.0
apt_01335,True,53,1693,-52.0,-52,0,,1496.0
apt_01341,True,50,1599,-49.0,-49,0,,998.9
apt_01343,True,50,1596,-49.0,-49,0,,867.6
apt_01342,True,55,1757,-54.0,-54,0,,1101.4
apt_01344,True,50,1600,-49.0,-49,0,,833.0
apt_01340,True,50,1604,-49.0,-49,0,,1161.8
apt_01346,True,50,1598,-49.0,-49,0,,771.2
apt_01347,True,50,1598,-49.0,-49,0,,741.3
apt_01349,True,55,1759,-54.0,-54,0,,818.3
apt_01348,True,50,1593,-49.0,-49,0,,885.8
apt_01350,True,50,1599,-49.0,-49,0,,954.8
apt_01352,True,50,1597,-49.0,-49,0,,782.7
apt_01345,True,50,1595,-49.0,-49,0,,1307.2
apt_01354,True,50,1598,-49.0,-49,0,,861.7
apt_01356,True,50,1591,-49.0,-49,0,,834.5
apt_01353,True,50,1599,-49.0,-49,0,,959.7
apt_01351,True,50,1600,-49.0,-49,0,,1258.7
apt_01355,True,50,1591,-49.0,-49,0,,1115.4
apt_01357,True,50,1596,-49.0,-49,0,,1104.2
apt_01363,True,50,1599,-49.0,-49,0,,687.9
apt_01358,True,50,1595,-49.0,-49,0,,1198.9
apt_01359,True,50,1596,-49.0,-49,0,,1038.7
apt_01362,True,50,1600,-49.0,-49,0,,913.4
apt_01360,True,50,1596,-49.0,-49,0,,1131.9
apt_01361,True,50,1594,-49.0,-49,0,,1160.4
apt_01365,True,50,1596,-49.0,-49,0,,938.1
apt_01364,True,50,1596,-49.0,-49,0,,963.9
apt_01369,True,60,1908,-59.0,-59,0,,575.3
apt_01366,True,50,1596,-49.0,-49,0,,926.6
apt_01368,True,50,1596,-49.0,-49,0,,795.1
apt_01367,True,50,1596,-49.0,-49,0,,896.3
apt_01372,True,51,1634,-50.0,-50,0,,586.5
apt_01370,True,50,1600,-49.0,-49,0,,973.2
apt_01373,True,50,1603,-49.0,-49,0,,752.9
apt_01374,True,50,1602,-49.0,-49,0,,719.6
apt_01371,True,50,1598,-49.0,-49,0,,946.2
apt_01377,True,50,1601,-49.0,-49,0,,742.8
apt_01379,True,50,1600,-49.0,-49,0,,720.1
apt_01375,True,50,1603,-49.0,-49,0,,942.0
apt_01382,True,50,1598,-49.0,-49,0,,697.8
apt_01376,True,50,1602,-49.0,-49,0,,968.2
apt_01378,True,50,1601,-49.0,-49,0,,964.5
apt_01381,True,56,1790,-55.0,-55,0,,852.8
apt_01383,True,50,1595,-49.0,-49,0,,685.9
apt_01384,True,53,1688,-52.0,-52,0,,719.3
apt_01380,True,56,1790,-55.0,-55,0,,1166.4
apt_01386,True,52,1657,-51.0,-51,0,,849.6
apt_01388,True,54,1721,-53.0,-53,0,,831.8
apt_01385,True,50,1596,-49.0,-49,0,,1140.9
apt_01387,True,53,1690,-52.0,-52,0,,936.8
apt_01389,True,53,1688,-52.0,-52,0,,939.7
apt_01390,True,50,1591,-49.0,-49,0,,1093.8
apt_01392,True,53,1687,-52.0,-52,0,,1114.0
apt_01396,True,50,1586,-49.0,-49,0,,812.6
apt_01397,True,51,1632,-50.0,-50,0,,819.3
apt_01394,True,55,1752,-54.0,-54,0,,1056.8
apt_01391,True,55,1752,-54.0,-54,0,,1300.6
apt_01398,True,50,1586,-49.0,-49,0,,794.6
apt_01400,True,53,1684,-52.0,-52,0,,744.0
apt_01395,True,53,1692,-52.0,-52,0,,1263.5
apt_01399,True,52,1657,-51.0,-51,0,,973.6
apt_01393,True,50,1591,-49.0,-49,0,,1570.1
apt_01401,True,52,1657,-51.0,-51,0,,876.4
apt_01402,True,50,1606,-49.0,-49,0,,905.8
apt_01405,True,50,1605,-49.0,-49,0,,904.8
apt_01406,True,50,1606,-49.0,-49,0,,930.4
apt_01410,True,59,1888,-58.0,-58,0,,839.3
apt_01403,True,50,1595,-49.0,-49,0,,1304.4
apt_01413,True,50,1593,-49.0,-49,0,,711.3
apt_01412,True,53,1686,-52.0,-52,0,,842.9
apt_01408,True,61,1955,-60.0,-60,0,,1093.0
apt_01418,True,56,1789,-55.0,-55,0,,165.2
apt_01411,True,59,1888,-58.0,-58,0,,948.1
apt_01409,True,50,1589,-49.0,-49,0,,1166.2
apt_01407,True,61,1955,-60.0,-60,0,,1348.9
apt_01414,True,50,1594,-49.0,-49,0,,760.3
apt_01404,True,50,1594,-49.0,-49,0,,1618.7
apt_01416,True,50,1588,-49.0,-49,0,,699.2
apt_01415,True,50,1594,-49.0,-49,0,,778.0
apt_01421,True,50,1590,-49.0,-49,0,,605.2
apt_01417,True,50,1600,-49.0,-49,0,,831.6
apt_01424,True,50,1586,-49.0,-49,0,,571.7
apt_01422,True,50,1597,-49.0,-49,0,,746.2
apt_01427,True,50,1604,-49.0,-49,0,,624.3
apt_01420,True,50,1599,-49.0,-49,0,,880.2
apt_01419,True,56,1789,-55.0,-55,0,,980.0
apt_01426,True,50,1596,-49.0,-49,0,,809.7
apt_01425,True,50,1596,-49.0,-49,0,,927.8
apt_01423,True,50,1601,-49.0,-49,0,,966.0
apt_01428,True,51,1635,-50.0,-50,0,,736.5
apt_01429,True,53,1686,-52.0,-52,0,,733.5
apt_01437,True,52,1656,-51.0,-51,0,,188.3
apt_01439,True,53,1689,-52.0,-52,0,,363.5
apt_01433,True,51,1630,-50.0,-50,0,,602.8
apt_01431,True,54,1721,-53.0,-53,0,,823.5
apt_01436,True,54,1716,-53.0,-53,0,,718.3
apt_01435,True,51,1634,-50.0,-50,0,,800.5
apt_01434,True,50,1600,-49.0,-49,0,,831.3
apt_01432,True,53,1691,-52.0,-52,0,,1034.0
apt_01430,True,54,1721,-53.0,-53,0,,1113.0
apt_01438,True,50,1597,-49.0,-49,0,,780.9
apt_01448,True,50,1603,-49.0,-49,0,,190.6
apt_01452,True,50,1600,-49.0,-49,0,,42.5
apt_01444,True,50,1606,-49.0,-49,0,,565.2
apt_01445,True,50,1605,-49.0,-49,0,,502.1
apt_01441,True,50,1598,-49.0,-49,0,,845.2
apt_01440,True,54,1716,-53.0,-53,0,,898.8
apt_01457,True,50,1602,-49.0,-49,0,,63.1
apt_01456,True,50,1602,-49.0,-49,0,,117.4
apt_01458,True,50,1602,-49.0,-49,0,,54.1
apt_01443,True,56,1780,-55.0,-55,0,,747.1
apt_01442,True,50,1599,-49.0,-49,0,,966.6
apt_01449,True,50,1595,-49.0,-49,0,,693.8
apt_01450,True,53,1687,-52.0,-52,0,,695.9
apt_01446,True,51,1633,-50.0,-50,0,,846.4
apt_01453,True,50,1593,-49.0,-49,0,,647.2
apt_01459,True,55,1766,-54.0,-54,0,,521.0
apt_01462,True,53,1699,-52.0,-52,0,,535.7
apt_01451,True,50,1603,-49.0,-49,0,,907.0
apt_01454,True,50,1592,-49.0,-49,0,,814.6
apt_01455,True,53,1687,-52.0,-52,0,,911.8
apt_01447,True,55,1767,-54.0,-54,0,,1253.1
apt_01460,True,50,1603,-49.0,-49,0,,800.0
apt_01461,True,52,1667,-51.0,-51,0,,845.0
apt_01464,True,55,1764,-54.0,-54,0,,624.9
apt_01463,True,55,1764,-54.0,-54,0,,806.5
apt_01468,True,53,1686,-52.0,-52,0,,592.6
apt_01467,True,50,1600,-49.0,-49,0,,702.8
apt_01466,True,54,1723,-53.0,-53,0,,915.4
apt_01470,True,50,1603,-49.0,-49,0,,698.6
apt_01465,True,50,1601,-49.0,-49,0,,1037.4
apt_01481,True,50,1598,-49.0,-49,0,,107.1
apt_01471,True,50,1601,-49.0,-49,0,,727.4
apt_01475,True,50,1594,-49.0,-49,0,,637.6
apt_01473,True,50,1604,-49.0,-49,0,,860.5
apt_01469,True,50,1593,-49.0,-49,0,,1090.6
apt_01472,True,56,1790,-55.0,-55,0,,944.4
apt_01477,True,51,1627,-50.0,-50,0,,656.0
apt_01476,True,53,1696,-52.0,-52,0,,775.0
apt_01474,True,50,1608,-49.0,-49,0,,1043.1
apt_01484,True,50,1597,-49.0,-49,0,,374.5
apt_01478,True,50,1595,-49.0,-49,0,,809.9
apt_01482,True,50,1594,-49.0,-49,0,,660.0
apt_01485,True,50,1592,-49.0,-49,0,,529.7
apt_01493,True,50,1605,-49.0,-49,0,,142.6
apt_01479,True,50,1592,-49.0,-49,0,,1024.2
apt_01495,True,50,1604,-49.0,-49,0,,128.4
apt_01490,True,50,1594,-49.0,-49,0,,540.4
apt_01488,True,52,1656,-51.0,-51,0,,669.3
apt_01486,True,50,1591,-49.0,-49,0,,886.1
apt_01494,True,50,1604,-49.0,-49,0,,504.2
apt_01480,True,50,1603,-49.0,-49,0,,1375.6
apt_01483,True,50,1603,-49.0,-49,0,,1350.1
apt_01489,True,50,1598,-49.0,-49,0,,1006.7
apt_01487,True,52,1656,-51.0,-51,0,,1193.5
apt_01497,True,50,1604,-49.0,-49,0,,532.0
apt_01502,True,52,1655,-51.0,-51,0,,215.0
apt_01491,True,53,1688,-52.0,-52,0,,1057.3
apt_01496,True,50,1603,-49.0,-49,0,,631.0
apt_01492,True,50,1595,-49.0,-49,0,,1019.9
apt_01498,True,50,1598,-49.0,-49,0,,600.8
apt_01499,True,50,1598,-49.0,-49,0,,875.4
apt_01500,True,56,1789,-55.0,-55,0,,933.4
apt_01501,True,50,1600,-49.0,-49,0,,842.9
apt_01509,True,51,1623,-50.0,-50,0,,714.1
apt_01504,True,55,1751,-54.0,-54,0,,878.6
apt_01503,True,55,1753,-54.0,-54,0,,897.6
apt_01505,True,51,1634,-50.0,-50,0,,849.8
apt_01508,True,54,1722,-53.0,-53,0,,804.1
apt_01511,True,50,1587,-49.0,-49,0,,765.2
apt_01506,True,51,1634,-50.0,-50,0,,929.0
apt_01510,True,51,1623,-50.0,-50,0,,869.5
apt_01507,True,55,1751,-54.0,-54,0,,1323.4
apt_01512,True,50,1590,-49.0,-49,0,,976.8
apt_01513,True,50,1601,-49.0,-49,0,,850.5
apt_01514,True,50,1597,-49.0,-49,0,,831.1
apt_01518,True,54,1725,-53.0,-53,0,,708.8
apt_01519,True,50,1594,-49.0,-49,0,,690.7
apt_01516,True,50,1595,-49.0,-49,0,,773.1
apt_01517,True,54,1725,-53.0,-53,0,,790.7
apt_01520,True,50,1590,-49.0,-49,0,,726.1
apt_01515,True,51,1628,-50.0,-50,0,,826.3
apt_01521,True,52,1660,-51.0,-51,0,,782.1
apt_01522,True,50,1596,-49.0,-49,0,,792.3
apt_01523,True,50,1595,-49.0,-49,0,,453.4
apt_01534,True,56,1785,-55.0,-55,0,,90.6
apt_01526,True,50,1610,-49.0,-49,0,,558.7
apt_01527,True,50,1609,-49.0,-49,0,,535.9
apt_01528,True,50,1594,-49.0,-49,0,,622.4
apt_01524,True,50,1600,-49.0,-49,0,,775.6
apt_01533,True,50,1603,-49.0,-49,0,,605.3
apt_01532,True,50,1597,-49.0,-49,0,,720.8
apt_01530,True,51,1630,-50.0,-50,0,,782.7
apt_01525,True,50,1597,-49.0,-49,0,,994.4
apt_01536,True,50,1593,-49.0,-49,0,,619.5
apt_01529,True,50,1603,-49.0,-49,0,,922.3
apt_01531,True,50,1597,-49.0,-49,0,,913.5
apt_01535,True,56,1785,-55.0,-55,0,,804.3
apt_01538,True,51,1635,-50.0,-50,0,,635.8
apt_01548,True,54,1726,-53.0,-53,0,,136.4
apt_01539,True,51,1625,-50.0,-50,0,,588.9
apt_01541,True,53,1690,-52.0,-52,0,,723.2
apt_01542,True,52,1662,-51.0,-51,0,,735.4
apt_01543,True,54,1723,-53.0,-53,0,,744.4
apt_01537,True,51,1635,-50.0,-50,0,,1151.5
apt_01555,True,50,1590,-49.0,-49,0,,56.4
apt_01545,True,50,1599,-49.0,-49,0,,765.7
apt_01547,True,55,1759,-54.0,-54,0,,737.1
apt_01549,True,53,1694,-52.0,-52,0,,652.4
apt_01540,True,51,1625,-50.0,-50,0,,1236.6
apt_01544,True,50,1597,-49.0,-49,0,,1011.6
apt_01546,True,53,1691,-52.0,-52,0,,958.2
apt_01550,True,50,1603,-49.0,-49,0,,818.3
apt_01554,True,50,1596,-49.0,-49,0,,507.7
apt_01551,True,50,1602,-49.0,-49,0,,941.1
apt_01553,True,50,1599,-49.0,-49,0,,645.9
apt_01561,True,50,1592,-49.0,-49,0,,289.5
apt_01552,True,50,1598,-49.0,-49,0,,679.3
apt_01556,True,50,1592,-49.0,-49,0,,585.8
apt_01558,True,50,1607,-49.0,-49,0,,534.4
apt_01565,True,50,1592,-49.0,-49,0,,194.8
apt_01559,True,50,1601,-49.0,-49,0,,776.9
apt_01564,True,50,1607,-49.0,-49,0,,525.7
apt_01557,True,50,1599,-49.0,-49,0,,940.8
apt_01570,True,55,1755,-54.0,-54,0,,401.8
apt_01574,True,56,1780,-55.0,-55,0,,65.9
apt_01563,True,50,1600,-49.0,-49,0,,700.2
apt_01575,True,56,1780,-55.0,-55,0,,119.9
apt_01576,True,50,1591,-49.0,-49,0,,86.9
apt_01562,True,50,1606,-49.0,-49,0,,906.5
apt_01568,True,52,1653,-51.0,-51,0,,749.7
apt_01567,True,50,1591,-49.0,-49,0,,777.3
apt_01569,True,50,1597,-49.0,-49,0,,739.7
apt_01573,True,50,1591,-49.0,-49,0,,367.3
apt_01566,True,51,1615,-50.0,-50,0,,836.3
apt_01560,True,56,1787,-55.0,-55,0,,1315.4
apt_01571,True,55,1750,-54.0,-54,0,,880.0
apt_01572,True,50,1593,-49.0,-49,0,,737.9
apt_01578,True,50,1595,-49.0,-49,0,,578.7
apt_01586,True,55,1754,-54.0,-54,0,,235.9
apt_01579,True,50,1593,-49.0,-49,0,,674.7
apt_01580,True,50,1596,-49.0,-49,0,,667.8
apt_01582,True,50,1592,-49.0,-49,0,,549.4
apt_01585,True,50,1592,-49.0,-49,0,,518.5
apt_01592,True,51,1630,-50.0,-50,0,,233.0
apt_01584,True,53,1688,-52.0,-52,0,,763.7
apt_01581,True,53,1687,-52.0,-52,0,,823.3
apt_01577,True,50,1596,-49.0,-49,0,,1076.5
apt_01595,True,52,1651,-51.0,-51,0,,140.6
apt_01583,True,50,1606,-49.0,-49,0,,884.3
apt_01596,True,52,1653,-51.0,-51,0,,170.8
apt_01587,True,52,1654,-51.0,-51,0,,824.4
apt_01589,True,55,1761,-54.0,-54,0,,748.7
apt_01588,True,50,1600,-49.0,-49,0,,789.6
apt_01590,True,57,1826,-56.0,-56,0,,732.0
apt_01593,True,50,1606,-49.0,-49,0,,670.9
apt_01594,True,51,1623,-50.0,-50,0,,929.2
apt_01600,True,50,1593,-49.0,-49,0,,597.5
apt_01599,True,52,1661,-51.0,-51,0,,678.6
apt_01597,True,51,1625,-50.0,-50,0,,782.4
apt_01598,True,51,1625,-50.0,-50,0,,822.8
apt_01602,True,51,1622,-50.0,-50,0,,593.4
apt_01603,True,50,1600,-49.0,-49,0,,610.4
apt_01601,True,51,1634,-50.0,-50,0,,843.8
apt_01605,True,50,1595,-49.0,-49,0,,692.0
apt_01591,True,50,1592,-49.0,-49,0,,1427.1
apt_01606,True,50,1602,-49.0,-49,0,,812.9
apt_01611,True,50,1596,-49.0,-49,0,,572.8
apt_01608,True,50,1597,-49.0,-49,0,,757.8
apt_01607,True,50,1595,-49.0,-49,0,,780.6
apt_01604,True,56,1792,-55.0,-55,0,,1146.9
apt_01609,True,50,1597,-49.0,-49,0,,750.5
apt_01612,True,50,1596,-49.0,-49,0,,709.0
apt_01613,True,50,1595,-49.0,-49,0,,679.9
apt_01610,True,52,1659,-51.0,-51,0,,884.9
apt_01624,True,52,1667,-51.0,-51,0,,88.1
apt_01614,True,50,1595,-49.0,-49,0,,855.7
apt_01618,True,55,1759,-54.0,-54,0,,616.3
apt_01620,True,50,1597,-49.0,-49,0,,587.5
apt_01616,True,50,1599,-49.0,-49,0,,940.5
apt_01615,True,50,1598,-49.0,-49,0,,1047.4
apt_01617,True,52,1659,-51.0,-51,0,,950.6
apt_01619,True,54,1726,-53.0,-53,0,,721.9
apt_01625,True,50,1602,-49.0,-49,0,,602.0
apt_01622,True,50,1603,-49.0,-49,0,,850.9
apt_01621,True,50,1597,-49.0,-49,0,,885.2
apt_01626,True,50,1595,-49.0,-49,0,,787.5
apt_01623,True,54,1719,-53.0,-53,0,,941.9
apt_01630,True,50,1606,-49.0,-49,0,,587.0
apt_01627,True,50,1588,-49.0,-49,0,,821.1
apt_01631,True,50,1607,-49.0,-49,0,,563.9
apt_01634,True,51,1633,-50.0,-50,0,,516.9
apt_01629,True,51,1627,-50.0,-50,0,,921.5
apt_01632,True,50,1599,-49.0,-49,0,,825.1
apt_01636,True,50,1605,-49.0,-49,0,,620.3
apt_01643,True,50,1590,-49.0,-49,0,,78.4
apt_01645,True,50,1590,-49.0,-49,0,,118.0
apt_01635,True,50,1595,-49.0,-49,0,,786.1
apt_01633,True,50,1595,-49.0,-49,0,,1121.6
apt_01641,True,51,1638,-50.0,-50,0,,620.0
apt_01637,True,50,1593,-49.0,-49,0,,820.0
apt_01640,True,50,1604,-49.0,-49,0,,643.2
apt_01638,True,50,1593,-49.0,-49,0,,819.8
apt_01639,True,50,1605,-49.0,-49,0,,769.5
apt_01628,True,51,1628,-50.0,-50,0,,1394.5
apt_01642,True,50,1606,-49.0,-49,0,,715.6
apt_01644,True,52,1656,-51.0,-51,0,,545.5
apt_01646,True,50,1596,-49.0,-49,0,,603.2
apt_01647,True,50,1591,-49.0,-49,0,,786.2
apt_01648,True,50,1597,-49.0,-49,0,,798.5
apt_01653,True,55,1751,-54.0,-54,0,,661.1
apt_01654,True,50,1591,-49.0,-49,0,,616.4
apt_01649,True,50,1594,-49.0,-49,0,,783.4
apt_01651,True,54,1720,-53.0,-53,0,,823.4
apt_01655,True,50,1594,-49.0,-49,0,,783.1
apt_01656,True,50,1603,-49.0,-49,0,,773.0
apt_01650,True,50,1599,-49.0,-49,0,,1015.1
apt_01657,True,50,1598,-49.0,-49,0,,781.3
apt_01663,True,50,1592,-49.0,-49,0,,547.3
apt_01668,True,60,1903,-59.0,-59,0,,322.5
apt_01652,True,55,1751,-54.0,-54,0,,1406.0
apt_01665,True,50,1589,-49.0,-49,0,,564.4
apt_01660,True,50,1594,-49.0,-49,0,,822.6
apt_01661,True,50,1594,-49.0,-49,0,,809.6
apt_01659,True,50,1597,-49.0,-49,0,,958.6
apt_01662,True,50,1594,-49.0,-49,0,,936.3
apt_01658,True,50,1595,-49.0,-49,0,,1347.1
apt_01667,True,59,1882,-58.0,-58,0,,716.8
apt_01664,True,51,1628,-50.0,-50,0,,1058.2
apt_01671,True,51,1623,-50.0,-50,0,,649.3
apt_01672,True,51,1623,-50.0,-50,0,,605.9
apt_01666,True,50,1594,-49.0,-49,0,,1218.4
apt_01677,True,50,1596,-49.0,-49,0,,501.9
apt_01670,True,50,1596,-49.0,-49,0,,883.2
apt_01673,True,50,1600,-49.0,-49,0,,757.1
apt_01669,True,60,1903,-59.0,-59,0,,960.0
apt_01675,True,51,1625,-50.0,-50,0,,725.8
apt_01678,True,50,1606,-49.0,-49,0,,666.2
apt_01674,True,51,1625,-50.0,-50,0,,907.2
apt_01676,True,50,1602,-49.0,-49,0,,865.0
apt_01680,True,50,1594,-49.0,-49,0,,496.5
apt_01679,True,50,1600,-49.0,-49,0,,867.0
apt_01686,True,50,1604,-49.0,-49,0,,522.3
apt_01685,True,50,1603,-49.0,-49,0,,667.3
apt_01682,True,50,1599,-49.0,-49,0,,774.2
apt_01683,True,54,1729,-53.0,-53,0,,802.8
apt_01689,True,50,1595,-49.0,-49,0,,580.7
apt_01693,True,60,1908,-59.0,-59,0,,208.7
apt_01687,True,60,1911,-59.0,-59,0,,813.0
apt_01684,True,50,1605,-49.0,-49,0,,946.9
apt_01681,True,50,1604,-49.0,-49,0,,1160.8
apt_01698,True,50,1599,-49.0,-49,0,,509.1
apt_01691,True,50,1595,-49.0,-49,0,,960.8
apt_01688,True,50,1595,-49.0,-49,0,,1192.6
apt_01690,True,55,1754,-54.0,-54,0,,1084.6
apt_01692,True,50,1599,-49.0,-49,0,,909.2
apt_01694,True,50,1598,-49.0,-49,0,,869.8
apt_01696,True,50,1596,-49.0,-49,0,,769.5
apt_01699,True,50,1597,-49.0,-49,0,,690.2
apt_01695,True,50,1595,-49.0,-49,0,,950.7
apt_01701,True,51,1624,-50.0,-50,0,,787.6
apt_01697,True,50,1592,-49.0,-49,0,,1045.6
apt_01703,True,52,1660,-51.0,-51,0,,591.7
apt_01700,True,50,1593,-49.0,-49,0,,1068.9
apt_01704,True,53,1693,-52.0,-52,0,,715.4
apt_01705,True,61,1941,-60.0,-60,0,,890.8
apt_01706,True,50,1605,-49.0,-49,0,,891.7
apt_01711,True,50,1594,-49.0,-49,0,,553.2
apt_01712,True,50,1595,-49.0,-49,0,,546.7
apt_01710,True,50,1604,-49.0,-49,0,,805.2
apt_01708,True,50,1604,-49.0,-49,0,,990.2
apt_01709,True,51,1638,-50.0,-50,0,,980.0
apt_01707,True,50,1605,-49.0,-49,0,,1048.8
apt_01702,True,50,1592,-49.0,-49,0,,1313.7
apt_01715,True,50,1601,-49.0,-49,0,,664.5
apt_01714,True,51,1626,-50.0,-50,0,,734.6
apt_01713,True,50,1603,-49.0,-49,0,,938.6
apt_01716,True,50,1597,-49.0,-49,0,,680.0
apt_01717,True,50,1602,-49.0,-49,0,,706.7
apt_01720,True,50,1587,-49.0,-49,0,,571.5
apt_01721,True,50,1587,-49.0,-49,0,,523.3
apt_01719,True,51,1622,-50.0,-50,0,,691.6
apt_01730,True,50,1606,-49.0,-49,0,,116.8
apt_01718,True,50,1596,-49.0,-49,0,,836.5
apt_01722,True,54,1715,-53.0,-53,0,,923.1
apt_01726,True,51,1634,-50.0,-50,0,,821.1
apt_01734,True,50,1603,-49.0,-49,0,,413.0
apt_01724,True,50,1609,-49.0,-49,0,,1050.2
apt_01723,True,53,1689,-52.0,-52,0,,1085.0
apt_01728,True,51,1629,-50.0,-50,0,,752.4
apt_01735,True,50,1602,-49.0,-49,0,,244.0
apt_01736,True,50,1603,-49.0,-49,0,,160.9
apt_01738,True,50,1604,-49.0,-49,0,,78.8
apt_01737,True,50,1604,-49.0,-49,0,,151.7
apt_01729,True,50,1603,-49.0,-49,0,,717.2
apt_01725,True,54,1722,-53.0,-53,0,,1064.8
apt_01731,True,50,1602,-49.0,-49,0,,754.7
apt_01739,True,50,1603,-49.0,-49,0,,137.9
apt_01733,True,51,1621,-50.0,-50,0,,652.6
apt_01727,True,55,1763,-54.0,-54,0,,1028.1
apt_01732,True,50,1609,-49.0,-49,0,,948.4
apt_01744,True,50,1602,-49.0,-49,0,,445.7
apt_01743,True,51,1626,-50.0,-50,0,,659.8
apt_01745,True,50,1595,-49.0,-49,0,,686.6
apt_01740,True,50,1593,-49.0,-49,0,,846.6
apt_01750,True,55,1759,-54.0,-54,0,,763.9
apt_01742,True,50,1596,-49.0,-49,0,,904.1
apt_01746,True,50,1594,-49.0,-49,0,,971.8
apt_01741,True,60,1909,-59.0,-59,0,,1113.7
apt_01749,True,52,1668,-51.0,-51,0,,1123.3
apt_01752,True,54,1724,-53.0,-53,0,,828.9
apt_01748,True,52,1668,-51.0,-51,0,,1269.3
apt_01747,True,50,1594,-49.0,-49,0,,1487.9
apt_01755,True,55,1754,-54.0,-54,0,,786.2
apt_01754,True,61,1947,-60.0,-60,0,,904.2
apt_01763,True,55,1744,-54.0,-54,0,,90.6
apt_01753,True,61,1949,-60.0,-60,0,,1011.4
apt_01762,True,55,1744,-54.0,-54,0,,373.3
apt_01756,True,53,1694,-52.0,-52,0,,847.5
apt_01758,True,57,1813,-56.0,-56,0,,811.3
apt_01759,True,50,1597,-49.0,-49,0,,784.9
apt_01751,True,55,1759,-54.0,-54,0,,1679.6
apt_01761,True,51,1631,-50.0,-50,0,,680.6
apt_01760,True,50,1595,-49.0,-49,0,,848.3
apt_01764,True,52,1664,-51.0,-51,0,,600.1
apt_01757,True,55,1759,-54.0,-54,0,,1348.6
apt_01769,True,50,1601,-49.0,-49,0,,655.5
apt_01766,True,53,1689,-52.0,-52,0,,743.6
apt_01772,True,50,1592,-49.0,-49,0,,503.5
apt_01770,True,53,1693,-52.0,-52,0,,664.9
apt_01779,True,50,1598,-49.0,-49,0,,107.5
apt_01773,True,50,1595,-49.0,-49,0,,603.9
apt_01767,True,51,1635,-50.0,-50,0,,917.5
apt_01768,True,50,1605,-49.0,-49,0,,881.7
apt_01771,True,50,1586,-49.0,-49,0,,752.0
apt_01765,True,50,1599,-49.0,-49,0,,1062.7
apt_01775,True,50,1595,-49.0,-49,0,,604.9
apt_01774,True,50,1595,-49.0,-49,0,,831.8
apt_01782,True,50,1599,-49.0,-49,0,,565.1
apt_01783,True,50,1591,-49.0,-49,0,,571.7
apt_01785,True,50,1604,-49.0,-49,0,,533.7
apt_01786,True,50,1598,-49.0,-49,0,,530.1
apt_01777,True,50,1602,-49.0,-49,0,,873.0
apt_01776,True,55,1764,-54.0,-54,0,,1018.3
apt_01778,True,50,1600,-49.0,-49,0,,869.6
apt_01781,True,50,1595,-49.0,-49,0,,726.3
apt_01780,True,50,1599,-49.0,-49,0,,779.5
apt_01784,True,51,1622,-50.0,-50,0,,770.7
apt_01787,True,50,1600,-49.0,-49,0,,570.7
apt_01788,True,50,1598,-49.0,-49,0,,619.6
apt_01790,True,50,1597,-49.0,-49,0,,633.0
apt_01797,True,51,1621,-50.0,-50,0,,583.2
apt_01799,True,50,1608,-49.0,-49,0,,535.3
apt_01792,True,50,1593,-49.0,-49,0,,726.4
apt_01793,True,51,1621,-50.0,-50,0,,694.5
apt_01795,True,50,1600,-49.0,-49,0,,722.7
apt_01796,True,50,1602,-49.0,-49,0,,778.5
apt_01789,True,51,1628,-50.0,-50,0,,942.4
apt_01794,True,50,1601,-49.0,-49,0,,848.4
apt_01791,True,50,1596,-49.0,-49,0,,994.6
apt_01798,True,50,1600,-49.0,-49,0,,791.4
apt_01802,True,50,1596,-49.0,-49,0,,363.5
apt_01800,True,52,1665,-51.0,-51,0,,794.3
apt_01803,True,59,1892,-58.0,-58,0,,643.5
apt_01809,True,53,1694,-52.0,-52,0,,603.4
apt_01805,True,51,1635,-50.0,-50,0,,769.0
apt_01801,True,50,1600,-49.0,-49,0,,929.5
apt_01810,True,50,1598,-49.0,-49,0,,579.0
apt_01806,True,60,1911,-59.0,-59,0,,828.2
apt_01804,True,59,1892,-58.0,-58,0,,925.9
apt_01813,True,50,1594,-49.0,-49,0,,551.7
apt_01807,True,54,1720,-53.0,-53,0,,858.4
apt_01811,True,50,1593,-49.0,-49,0,,954.9
apt_01808,True,60,1910,-59.0,-59,0,,1164.8
apt_01812,True,50,1601,-49.0,-49,0,,1043.8
apt_01818,True,51,1633,-50.0,-50,0,,647.2
apt_01814,True,51,1625,-50.0,-50,0,,891.4
apt_01819,True,50,1589,-49.0,-49,0,,704.7
apt_01821,True,50,1590,-49.0,-49,0,,772.9
apt_01828,True,50,1590,-49.0,-49,0,,175.7
apt_01816,True,50,1598,-49.0,-49,0,,992.4
apt_01820,True,50,1586,-49.0,-49,0,,875.8
apt_01829,True,50,1590,-49.0,-49,0,,153.3
apt_01822,True,50,1590,-49.0,-49,0,,893.2
apt_01823,True,50,1588,-49.0,-49,0,,733.1
apt_01815,True,54,1722,-53.0,-53,0,,1165.5
apt_01825,True,50,1587,-49.0,-49,0,,636.5
apt_01827,True,51,1617,-50.0,-50,0,,529.9
apt_01824,True,50,1588,-49.0,-49,0,,752.5
apt_01817,True,50,1591,-49.0,-49,0,,1296.0
apt_01826,True,50,1583,-49.0,-49,0,,656.9
apt_01831,True,53,1693,-52.0,-52,0,,540.6
apt_01836,True,51,1636,-50.0,-50,0,,510.6
apt_01830,True,50,1592,-49.0,-49,0,,713.4
apt_01832,True,54,1720,-53.0,-53,0,,830.8
apt_01835,True,50,1594,-49.0,-49,0,,731.8
apt_01838,True,50,1607,-49.0,-49,0,,677.8
apt_01839,True,51,1624,-50.0,-50,0,,729.2
apt_01840,True,51,1624,-50.0,-50,0,,729.3
apt_01837,True,50,1606,-49.0,-49,0,,924.0
apt_01833,True,50,1598,-49.0,-49,0,,1098.2
apt_01834,True,51,1623,-50.0,-50,0,,1188.3
apt_01842,True,50,1607,-49.0,-49,0,,769.3
apt_01841,True,50,1591,-49.0,-49,0,,1063.6
apt_01845,True,51,1627,-50.0,-50,0,,562.8
apt_01846,True,51,1627,-50.0,-50,0,,673.1
apt_01848,True,50,1595,-49.0,-49,0,,563.8
apt_01843,True,52,1673,-51.0,-51,0,,907.1
apt_01844,True,50,1594,-49.0,-49,0,,977.3
apt_01849,True,54,1724,-53.0,-53,0,,749.6
apt_01847,True,53,1689,-52.0,-52,0,,844.2
apt_01852,True,50,1591,-49.0,-49,0,,640.9
apt_01851,True,54,1722,-53.0,-53,0,,781.4
apt_01854,True,61,1940,-60.0,-60,0,,654.6
apt_01853,True,55,1752,-54.0,-54,0,,808.3
apt_01855,True,61,1940,-60.0,-60,0,,796.5
apt_01856,True,50,1602,-49.0,-49,0,,724.5
apt_01859,True,50,1594,-49.0,-49,0,,603.5
apt_01857,True,50,1604,-49.0,-49,0,,944.8
apt_01861,True,54,1726,-53.0,-53,0,,743.2
apt_01858,True,53,1693,-52.0,-52,0,,992.0
apt_01860,True,53,1693,-52.0,-52,0,,845.4
apt_01850,True,54,1725,-53.0,-53,0,,1519.4
apt_01865,True,50,1606,-49.0,-49,0,,546.9
apt_01864,True,50,1598,-49.0,-49,0,,739.2
apt_01863,True,53,1684,-52.0,-52,0,,890.3
apt_01866,True,50,1595,-49.0,-49,0,,709.6
apt_01867,True,50,1598,-49.0,-49,0,,663.0
apt_01868,True,50,1594,-49.0,-49,0,,687.1
apt_01862,True,53,1684,-52.0,-52,0,,1036.3
apt_01870,True,55,1758,-54.0,-54,0,,770.2
apt_01872,True,53,1689,-52.0,-52,0,,690.4
apt_01873,True,53,1689,-52.0,-52,0,,675.5
apt_01871,True,50,1595,-49.0,-49,0,,817.0
apt_01878,True,50,1596,-49.0,-49,0,,603.0
apt_01875,True,54,1718,-53.0,-53,0,,746.1
apt_01876,True,50,1597,-49.0,-49,0,,718.9
apt_01883,True,50,1599,-49.0,-49,0,,291.4
apt_01879,True,53,1688,-52.0,-52,0,,670.3
apt_01880,True,50,1600,-49.0,-49,0,,672.4
apt_01877,True,50,1595,-49.0,-49,0,,845.3
apt_01869,True,53,1689,-52.0,-52,0,,1270.7
apt_01884,True,50,1592,-49.0,-49,0,,470.5
apt_01889,True,50,1595,-49.0,-49,0,,343.5
apt_01874,True,54,1718,-53.0,-53,0,,1323.5
apt_01894,True,50,1590,-49.0,-49,0,,44.5
apt_01890,True,50,1595,-49.0,-49,0,,571.4
apt_01888,True,50,1596,-49.0,-49,0,,629.3
apt_01881,True,54,1721,-53.0,-53,0,,1013.5
apt_01891,True,53,1690,-52.0,-52,0,,579.5
apt_01887,True,50,1596,-49.0,-49,0,,823.8
apt_01886,True,55,1756,-54.0,-54,0,,866.8
apt_01895,True,50,1591,-49.0,-49,0,,426.8
apt_01882,True,55,1761,-54.0,-54,0,,1111.9
apt_01892,True,51,1636,-50.0,-50,0,,713.7
apt_01893,True,50,1603,-49.0,-49,0,,735.0
apt_01885,True,50,1605,-49.0,-49,0,,1181.3
apt_01907,True,50,1599,-49.0,-49,0,,68.7
apt_01903,True,50,1592,-49.0,-49,0,,520.9
apt_01900,True,50,1594,-49.0,-49,0,,605.9
apt_01896,True,50,1604,-49.0,-49,0,,958.6
apt_01897,True,50,1591,-49.0,-49,0,,829.4
apt_01901,True,50,1595,-49.0,-49,0,,691.1
apt_01906,True,50,1592,-49.0,-49,0,,620.4
apt_01904,True,50,1595,-49.0,-49,0,,806.6
apt_01905,True,50,1597,-49.0,-49,0,,788.7
apt_01902,True,50,1592,-49.0,-49,0,,946.4
apt_01899,True,51,1627,-50.0,-50,0,,1050.7
apt_01898,True,52,1661,-51.0,-51,0,,1120.8
apt_01909,True,50,1594,-49.0,-49,0,,486.3
apt_01910,True,50,1593,-49.0,-49,0,,681.0
apt_01912,True,50,1593,-49.0,-49,0,,628.1
apt_01908,True,50,1597,-49.0,-49,0,,996.4
apt_01911,True,50,1595,-49.0,-49,0,,797.4
apt_01914,True,50,1595,-49.0,-49,0,,570.1
apt_01916,True,50,1608,-49.0,-49,0,,547.3
apt_01913,True,50,1594,-49.0,-49,0,,797.2
apt_01919,True,50,1597,-49.0,-49,0,,691.4
apt_01915,True,50,1597,-49.0,-49,0,,843.3
apt_01917,True,53,1690,-52.0,-52,0,,784.9
apt_01920,True,50,1602,-49.0,-49,0,,768.2
apt_01928,True,54,1722,-53.0,-53,0,,143.3
apt_01918,True,50,1594,-49.0,-49,0,,877.0
apt_01922,True,50,1595,-49.0,-49,0,,611.2
apt_01924,True,51,1622,-50.0,-50,0,,647.1
apt_01921,True,54,1723,-53.0,-53,0,,852.6
apt_01927,True,54,1725,-53.0,-53,0,,678.0
apt_01923,True,53,1698,-52.0,-52,0,,777.7
apt_01925,True,53,1689,-52.0,-52,0,,932.8
apt_01933,True,50,1592,-49.0,-49,0,,541.7
apt_01934,True,50,1603,-49.0,-49,0,,508.3
apt_01930,True,54,1722,-53.0,-53,0,,668.9
apt_01935,True,50,1601,-49.0,-49,0,,468.7
apt_01931,True,54,1724,-53.0,-53,0,,773.0
apt_01929,True,55,1755,-54.0,-54,0,,930.4
apt_01932,True,50,1592,-49.0,-49,0,,813.4
apt_01926,True,50,1597,-49.0,-49,0,,1283.3
apt_01938,True,50,1594,-49.0,-49,0,,666.9
apt_01937,True,50,1597,-49.0,-49,0,,763.8
apt_01940,True,50,1585,-49.0,-49,0,,572.5
apt_01936,True,50,1598,-49.0,-49,0,,981.0
apt_01941,True,51,1628,-50.0,-50,0,,765.7
apt_01943,True,50,1602,-49.0,-49,0,,899.7
apt_01948,True,51,1622,-50.0,-50,0,,619.0
apt_01939,True,50,1602,-49.0,-49,0,,1154.2
apt_01942,True,50,1598,-49.0,-49,0,,1173.1
apt_01950,True,53,1686,-52.0,-52,0,,642.8
apt_01951,True,50,1591,-49.0,-49,0,,552.7
apt_01944,True,51,1634,-50.0,-50,0,,1050.4
apt_01945,True,52,1660,-51.0,-51,0,,1119.5
apt_01959,True,51,1624,-50.0,-50,0,,129.7
apt_01960,True,53,1689,-52.0,-52,0,,60.4
apt_01949,True,50,1604,-49.0,-49,0,,892.5
apt_01946,True,51,1629,-50.0,-50,0,,1236.9
apt_01952,True,53,1688,-52.0,-52,0,,747.5
apt_01961,True,52,1657,-51.0,-51,0,,262.3
apt_01962,True,52,1657,-51.0,-51,0,,255.7
apt_01954,True,50,1588,-49.0,-49,0,,617.2
apt_01955,True,53,1686,-52.0,-52,0,,748.7
apt_01958,True,50,1588,-49.0,-49,0,,657.3
apt_01947,True,50,1602,-49.0,-49,0,,1594.0
apt_01956,True,50,1596,-49.0,-49,0,,766.6
apt_01957,True,50,1588,-49.0,-49,0,,829.7
apt_01965,True,52,1656,-51.0,-51,0,,630.9
apt_01963,True,53,1692,-52.0,-52,0,,928.4
apt_01953,True,56,1780,-55.0,-55,0,,1374.1
apt_01966,True,52,1656,-51.0,-51,0,,858.5
apt_01969,True,53,1683,-52.0,-52,0,,648.8
apt_01964,True,53,1684,-52.0,-52,0,,1017.5
apt_01967,True,53,1695,-52.0,-52,0,,848.6
apt_01968,True,53,1695,-52.0,-52,0,,915.4
apt_01970,True,50,1597,-49.0,-49,0,,753.9
apt_01972,True,50,1594,-49.0,-49,0,,780.9
apt_01971,True,50,1597,-49.0,-49,0,,1018.0
apt_01975,True,55,1754,-54.0,-54,0,,615.7
apt_01973,True,59,1880,-58.0,-58,0,,972.9
apt_01984,True,50,1589,-49.0,-49,0,,68.9
apt_01976,True,50,1600,-49.0,-49,0,,721.5
apt_01985,True,50,1589,-49.0,-49,0,,185.2
apt_01974,True,59,1880,-58.0,-58,0,,1027.2
apt_01980,True,50,1597,-49.0,-49,0,,977.5
apt_01981,True,51,1629,-50.0,-50,0,,1008.6
apt_01982,True,50,1603,-49.0,-49,0,,993.9
apt_01979,True,51,1629,-50.0,-50,0,,1244.1
apt_01987,True,52,1653,-51.0,-51,0,,713.5
apt_01986,True,55,1754,-54.0,-54,0,,728.3
apt_01978,True,50,1600,-49.0,-49,0,,1292.4
apt_01988,True,51,1625,-50.0,-50,0,,683.6
apt_01977,True,50,1598,-49.0,-49,0,,1322.2
apt_01990,True,50,1594,-49.0,-49,0,,735.6
apt_01983,True,51,1627,-50.0,-50,0,,1251.8
apt_01989,True,51,1625,-50.0,-50,0,,893.1
apt_01991,True,53,1683,-52.0,-52,0,,635.8
apt_01993,True,50,1593,-49.0,-49,0,,677.5
apt_02002,True,50,1593,-49.0,-49,0,,338.9
apt_01992,True,55,1756,-54.0,-54,0,,787.7
apt_01994,True,50,1592,-49.0,-49,0,,733.6
apt_01998,True,52,1653,-51.0,-51,0,,719.9
apt_01995,True,50,1596,-49.0,-49,0,,824.8
apt_01997,True,50,1593,-49.0,-49,0,,862.4
apt_01999,True,50,1602,-49.0,-49,0,,870.7
apt_02001,True,50,1598,-49.0,-49,0,,708.2
apt_01996,True,50,1596,-49.0,-49,0,,993.3
apt_02003,True,50,1592,-49.0,-49,0,,813.0
apt_02000,True,55,1759,-54.0,-54,0,,1194.6
apt_02004,True,50,1595,-49.0,-49,0,,807.3
apt_02009,True,51,1635,-50.0,-50,0,,571.7
apt_02007,True,50,1603,-49.0,-49,0,,676.4
apt_02008,True,50,1596,-49.0,-49,0,,651.6
apt_02006,True,50,1597,-49.0,-49,0,,775.6
apt_02005,True,51,1631,-50.0,-50,0,,848.0
apt_02012,True,53,1688,-52.0,-52,0,,630.8
apt_02010,True,50,1591,-49.0,-49,0,,901.5
apt_02014,True,50,1591,-49.0,-49,0,,651.2
apt_02011,True,54,1718,-53.0,-53,0,,1009.5
apt_02018,True,50,1599,-49.0,-49,0,,577.3
apt_02019,True,50,1592,-49.0,-49,0,,560.0
apt_02016,True,50,1603,-49.0,-49,0,,785.5
apt_02020,True,50,1600,-49.0,-49,0,,742.2
apt_02021,True,50,1600,-49.0,-49,0,,677.9
apt_02013,True,50,1604,-49.0,-49,0,,1210.8
apt_02015,True,50,1594,-49.0,-49,0,,900.4
apt_02017,True,50,1595,-49.0,-49,0,,932.2
apt_02022,True,60,1915,-59.0,-59,0,,864.0
apt_02032,True,53,1688,-52.0,-52,0,,227.0
apt_02033,True,50,1592,-49.0,-49,0,,195.5
apt_02023,True,50,1599,-49.0,-49,0,,775.3
apt_02027,True,50,1599,-49.0,-49,0,,609.2
apt_02025,True,50,1590,-49.0,-49,0,,781.0
apt_02026,True,50,1592,-49.0,-49,0,,815.4
apt_02029,True,50,1600,-49.0,-49,0,,666.8
apt_02028,True,50,1594,-49.0,-49,0,,679.4
apt_02024,True,55,1758,-54.0,-54,0,,1144.6
apt_02034,True,50,1592,-49.0,-49,0,,624.9
apt_02038,True,51,1623,-50.0,-50,0,,573.6
apt_02036,True,50,1591,-49.0,-49,0,,645.9
apt_02030,True,55,1758,-54.0,-54,0,,1018.9
apt_02031,True,50,1595,-49.0,-49,0,,999.4
apt_02035,True,55,1761,-54.0,-54,0,,744.8
apt_02037,True,51,1623,-50.0,-50,0,,694.8
apt_02041,True,50,1586,-49.0,-49,0,,584.3
apt_02039,True,50,1593,-49.0,-49,0,,758.2
apt_02042,True,50,1587,-49.0,-49,0,,775.5
apt_02040,True,50,1587,-49.0,-49,0,,899.0
apt_02043,True,51,1630,-50.0,-50,0,,770.7
apt_02049,True,51,1629,-50.0,-50,0,,616.0
apt_02048,True,51,1623,-50.0,-50,0,,724.7
apt_02047,True,50,1593,-49.0,-49,0,,833.9
apt_02044,True,55,1759,-54.0,-54,0,,1011.1
apt_02045,True,50,1603,-49.0,-49,0,,946.3
apt_02052,True,50,1592,-49.0,-49,0,,647.5
apt_02050,True,55,1752,-54.0,-54,0,,895.7
apt_02051,True,54,1722,-53.0,-53,0,,807.6
apt_02054,True,50,1591,-49.0,-49,0,,574.3
apt_02046,True,55,1754,-54.0,-54,0,,1101.3
apt_02053,True,50,1591,-49.0,-49,0,,692.6
apt_02055,True,51,1625,-50.0,-50,0,,754.7
apt_02066,True,50,1588,-49.0,-49,0,,212.9
apt_02067,True,50,1590,-49.0,-49,0,,171.9
apt_02058,True,51,1624,-50.0,-50,0,,680.6
apt_02056,True,55,1753,-54.0,-54,0,,849.6
apt_02057,True,53,1689,-52.0,-52,0,,801.1
apt_02069,True,50,1590,-49.0,-49,0,,129.5
apt_02060,True,50,1595,-49.0,-49,0,,749.9
apt_02070,True,50,1598,-49.0,-49,0,,160.9
apt_02061,True,50,1591,-49.0,-49,0,,809.7
apt_02065,True,50,1595,-49.0,-49,0,,733.8
apt_02059,True,54,1722,-53.0,-53,0,,931.7
apt_02062,True,53,1689,-52.0,-52,0,,862.9
apt_02063,True,50,1596,-49.0,-49,0,,812.3
apt_02064,True,52,1657,-51.0,-51,0,,1051.2
apt_02071,True,50,1598,-49.0,-49,0,,620.4
apt_02068,True,50,1598,-49.0,-49,0,,864.1
apt_02073,True,50,1596,-49.0,-49,0,,617.6
apt_02075,True,50,1594,-49.0,-49,0,,624.0
apt_02079,True,50,1600,-49.0,-49,0,,529.2
apt_02072,True,50,1597,-49.0,-49,0,,877.7
apt_02076,True,50,1608,-49.0,-49,0,,680.3
apt_02077,True,50,1595,-49.0,-49,0,,838.1
apt_02074,True,50,1600,-49.0,-49,0,,979.3
apt_02080,True,50,1594,-49.0,-49,0,,817.4
apt_02078,True,50,1599,-49.0,-49,0,,867.1
apt_02082,True,51,1625,-50.0,-50,0,,677.5
apt_02081,True,50,1591,-49.0,-49,0,,688.9
apt_02083,True,51,1629,-50.0,-50,0,,617.6
apt_02085,True,50,1607,-49.0,-49,0,,708.0
apt_02084,True,51,1618,-50.0,-50,0,,787.5
apt_02088,True,54,1737,-53.0,-53,0,,688.0
apt_02086,True,53,1705,-52.0,-52,0,,760.9
apt_02087,True,50,1600,-49.0,-49,0,,792.9
apt_02092,True,51,1621,-50.0,-50,0,,654.0
apt_02089,True,50,1607,-49.0,-49,0,,772.4
apt_02090,True,51,1622,-50.0,-50,0,,829.5
apt_02093,True,51,1622,-50.0,-50,0,,685.5
apt_02094,True,50,1594,-49.0,-49,0,,690.5
apt_02095,True,50,1599,-49.0,-49,0,,691.1
apt_02099,True,50,1596,-49.0,-49,0,,435.3
apt_02091,True,50,1601,-49.0,-49,0,,908.8
apt_02097,True,50,1597,-49.0,-49,0,,640.0
apt_02096,True,50,1598,-49.0,-49,0,,675.1
apt_02098,True,50,1600,-49.0,-49,0,,766.6
apt_02100,True,50,1599,-49.0,-49,0,,722.1
apt_02112,True,50,1598,-49.0,-49,0,,145.6
apt_02106,True,50,1599,-49.0,-49,0,,591.7
apt_02101,True,50,1606,-49.0,-49,0,,792.1
apt_02102,True,56,1786,-55.0,-55,0,,791.9
apt_02114,True,50,1597,-49.0,-49,0,,138.0
apt_02103,True,56,1786,-55.0,-55,0,,800.7
apt_02104,True,50,1598,-49.0,-49,0,,828.1
apt_02108,True,50,1598,-49.0,-49,0,,801.2
apt_02105,True,50,1599,-49.0,-49,0,,959.5
apt_02110,True,53,1697,-52.0,-52,0,,856.9
apt_02107,True,50,1598,-49.0,-49,0,,1009.0
apt_02109,True,50,1597,-49.0,-49,0,,1013.1
apt_02118,True,51,1628,-50.0,-50,0,,498.3
apt_02111,True,55,1762,-54.0,-54,0,,987.9
apt_02117,True,50,1585,-49.0,-49,0,,714.2
apt_02113,True,50,1598,-49.0,-49,0,,875.1
apt_02120,True,50,1598,-49.0,-49,0,,654.2
apt_02122,True,51,1624,-50.0,-50,0,,510.0
apt_02119,True,55,1753,-54.0,-54,0,,744.9
apt_02116,True,50,1598,-49.0,-49,0,,909.9
apt_02115,True,50,1598,-49.0,-49,0,,981.3
apt_02130,True,50,1591,-49.0,-49,0,,85.1
apt_02134,True,50,1594,-49.0,-49,0,,157.8
apt_02133,True,50,1595,-49.0,-49,0,,205.9
apt_02121,True,50,1601,-49.0,-49,0,,936.7
apt_02135,True,50,1595,-49.0,-49,0,,247.5
apt_02129,True,50,1597,-49.0,-49,0,,565.9
apt_02123,True,50,1601,-49.0,-49,0,,1034.7
apt_02124,True,50,1600,-49.0,-49,0,,936.1
apt_02125,True,55,1746,-54.0,-54,0,,931.3
apt_02127,True,50,1598,-49.0,-49,0,,818.3
apt_02128,True,50,1596,-49.0,-49,0,,845.0
apt_02131,True,51,1630,-50.0,-50,0,,821.2
apt_02126,True,55,1746,-54.0,-54,0,,1052.8
apt_02144,True,50,1587,-49.0,-49,0,,126.1
apt_02136,True,50,1598,-49.0,-49,0,,787.3
apt_02132,True,50,1601,-49.0,-49,0,,1070.0
apt_02137,True,54,1724,-53.0,-53,0,,873.2
apt_02138,True,56,1782,-55.0,-55,0,,757.3
apt_02140,True,53,1690,-52.0,-52,0,,686.9
apt_02139,True,52,1657,-51.0,-51,0,,751.5
apt_02141,True,51,1627,-50.0,-50,0,,969.4
apt_02146,True,50,1594,-49.0,-49,0,,737.9
apt_02142,True,50,1599,-49.0,-49,0,,1054.8
apt_02145,True,51,1627,-50.0,-50,0,,958.4
apt_02143,True,53,1689,-52.0,-52,0,,1131.2
apt_02149,True,50,1600,-49.0,-49,0,,823.0
apt_02148,True,55,1760,-54.0,-54,0,,917.1
apt_02151,True,50,1598,-49.0,-49,0,,770.4
apt_02152,True,50,1599,-49.0,-49,0,,810.1
apt_02155,True,51,1623,-50.0,-50,0,,526.3
apt_02153,True,51,1630,-50.0,-50,0,,856.1
apt_02150,True,51,1632,-50.0,-50,0,,1129.6
apt_02156,True,53,1693,-52.0,-52,0,,641.2
apt_02154,True,50,1601,-49.0,-49,0,,858.9
apt_02166,True,50,1591,-49.0,-49,0,,57.2
apt_02147,True,53,1695,-52.0,-52,0,,1550.6
apt_02158,True,50,1603,-49.0,-49,0,,642.1
apt_02161,True,50,1602,-49.0,-49,0,,648.7
apt_02157,True,54,1730,-53.0,-53,0,,899.2
apt_02160,True,50,1601,-49.0,-49,0,,719.4
apt_02162,True,50,1602,-49.0,-49,0,,788.4
apt_02159,True,50,1605,-49.0,-49,0,,968.6
apt_02164,True,56,1775,-55.0,-55,0,,796.1
apt_02167,True,50,1602,-49.0,-49,0,,862.4
apt_02165,True,56,1775,-55.0,-55,0,,958.3
apt_02173,True,50,1595,-49.0,-49,0,,634.4
apt_02171,True,50,1591,-49.0,-49,0,,796.5
apt_02170,True,50,1594,-49.0,-49,0,,970.0
apt_02163,True,51,1622,-50.0,-50,0,,1342.3
apt_02169,True,57,1820,-56.0,-56,0,,1195.8
apt_02168,True,57,1820,-56.0,-56,0,,1261.3
apt_02174,True,50,1595,-49.0,-49,0,,852.5
apt_02172,True,50,1602,-49.0,-49,0,,1001.9
apt_02185,True,50,1597,-49.0,-49,0,,101.5
apt_02176,True,53,1683,-52.0,-52,0,,991.9
apt_02181,True,50,1604,-49.0,-49,0,,522.8
apt_02179,True,50,1602,-49.0,-49,0,,823.1
apt_02178,True,50,1594,-49.0,-49,0,,926.2
apt_02177,True,53,1683,-52.0,-52,0,,1004.7
apt_02182,True,53,1690,-52.0,-52,0,,839.6
apt_02180,True,51,1636,-50.0,-50,0,,932.4
apt_02186,True,53,1690,-52.0,-52,0,,799.3
apt_02187,True,50,1601,-49.0,-49,0,,705.5
apt_02188,True,51,1631,-50.0,-50,0,,653.2
apt_02175,True,50,1599,-49.0,-49,0,,1675.2
apt_02197,True,51,1621,-50.0,-50,0,,97.6
apt_02183,True,55,1761,-54.0,-54,0,,1107.2
apt_02184,True,50,1597,-49.0,-49,0,,1094.8
apt_02189,True,50,1609,-49.0,-49,0,,810.8
apt_02191,True,50,1601,-49.0,-49,0,,695.2
apt_02193,True,50,1607,-49.0,-49,0,,650.5
apt_02190,True,50,1607,-49.0,-49,0,,911.5
apt_02192,True,53,1689,-52.0,-52,0,,808.4
apt_02194,True,50,1606,-49.0,-49,0,,879.2
apt_02200,True,50,1602,-49.0,-49,0,,603.8
apt_02202,True,50,1591,-49.0,-49,0,,635.6
apt_02196,True,54,1728,-53.0,-53,0,,963.3
apt_02199,True,50,1603,-49.0,-49,0,,804.7
apt_02198,True,60,1910,-59.0,-59,0,,924.1
apt_02195,True,54,1728,-53.0,-53,0,,1031.6
apt_02201,True,50,1603,-49.0,-49,0,,792.2
apt_02206,True,50,1592,-49.0,-49,0,,505.4
apt_02203,True,50,1601,-49.0,-49,0,,810.3
apt_02205,True,50,1602,-49.0,-49,0,,718.5
apt_02204,True,50,1602,-49.0,-49,0,,834.2
apt_02208,True,50,1591,-49.0,-49,0,,559.6
apt_02209,True,50,1595,-49.0,-49,0,,621.1
apt_02217,True,50,1593,-49.0,-49,0,,273.9
apt_02212,True,50,1593,-49.0,-49,0,,550.0
apt_02207,True,53,1692,-52.0,-52,0,,821.3
apt_02214,True,50,1593,-49.0,-49,0,,600.1
apt_02223,True,50,1593,-49.0,-49,0,,96.2
apt_02215,True,50,1593,-49.0,-49,0,,709.6
apt_02211,True,50,1601,-49.0,-49,0,,806.2
apt_02213,True,50,1602,-49.0,-49,0,,791.9
apt_02222,True,50,1595,-49.0,-49,0,,281.2
apt_02224,True,50,1597,-49.0,-49,0,,248.2
apt_02218,True,53,1691,-52.0,-52,0,,701.1
apt_02210,True,50,1602,-49.0,-49,0,,1051.3
apt_02216,True,50,1599,-49.0,-49,0,,925.3
apt_02219,True,53,1691,-52.0,-52,0,,775.4
apt_02220,True,55,1752,-54.0,-54,0,,717.6
apt_02225,True,52,1659,-51.0,-51,0,,601.9
apt_02230,True,52,1654,-51.0,-51,0,,543.6
apt_02221,True,50,1598,-49.0,-49,0,,889.2
apt_02227,True,50,1595,-49.0,-49,0,,658.0
apt_02231,True,50,1591,-49.0,-49,0,,609.1
apt_02228,True,51,1631,-50.0,-50,0,,810.3
apt_02226,True,53,1691,-52.0,-52,0,,858.3
apt_02229,True,53,1691,-52.0,-52,0,,788.1
apt_02233,True,50,1587,-49.0,-49,0,,615.5
apt_02234,True,50,1590,-49.0,-49,0,,662.1
apt_02244,True,56,1782,-55.0,-55,0,,105.2
apt_02232,True,50,1592,-49.0,-49,0,,946.4
apt_02238,True,51,1631,-50.0,-50,0,,560.5
apt_02239,True,50,1600,-49.0,-49,0,,568.6
apt_02236,True,50,1598,-49.0,-49,0,,758.6
apt_02237,True,50,1594,-49.0,-49,0,,725.1
apt_02235,True,50,1587,-49.0,-49,0,,908.7
apt_02241,True,50,1597,-49.0,-49,0,,665.1
apt_02245,True,50,1604,-49.0,-49,0,,588.5
apt_02240,True,50,1601,-49.0,-49,0,,827.3
apt_02247,True,50,1594,-49.0,-49,0,,519.8
apt_02243,True,50,1597,-49.0,-49,0,,867.0
apt_02246,True,50,1595,-49.0,-49,0,,818.2
apt_02251,True,50,1592,-49.0,-49,0,,634.8
apt_02250,True,50,1596,-49.0,-49,0,,883.6
apt_02252,True,50,1593,-49.0,-49,0,,807.0
apt_02248,True,50,1607,-49.0,-49,0,,978.6
apt_02254,True,50,1591,-49.0,-49,0,,581.1
apt_02242,True,51,1630,-50.0,-50,0,,1393.4
apt_02256,True,51,1624,-50.0,-50,0,,599.8
apt_02253,True,50,1591,-49.0,-49,0,,802.3
apt_02258,True,50,1591,-49.0,-49,0,,417.8
apt_02255,True,50,1592,-49.0,-49,0,,723.0
apt_02257,True,51,1623,-50.0,-50,0,,676.8
apt_02249,True,56,1782,-55.0,-55,0,,1372.1
apt_02259,True,52,1657,-51.0,-51,0,,620.2
apt_02263,True,53,1685,-52.0,-52,0,,524.1
apt_02261,True,50,1603,-49.0,-49,0,,661.3
apt_02264,True,50,1592,-49.0,-49,0,,634.7
apt_02266,True,50,1601,-49.0,-49,0,,632.1
apt_02265,True,50,1599,-49.0,-49,0,,812.4
apt_02268,True,52,1659,-51.0,-51,0,,757.9
apt_02267,True,55,1758,-54.0,-54,0,,1008.4
apt_02262,True,56,1786,-55.0,-55,0,,1208.0
apt_02269,True,55,1755,-54.0,-54,0,,1007.0
apt_02271,True,50,1594,-49.0,-49,0,,792.1
apt_02272,True,51,1621,-50.0,-50,0,,743.9
apt_02270,True,55,1756,-54.0,-54,0,,875.2
apt_02260,True,61,1939,-60.0,-60,0,,1539.0
apt_02273,True,51,1621,-50.0,-50,0,,827.0
apt_02277,True,50,1595,-49.0,-49,0,,563.2
apt_02275,True,50,1598,-49.0,-49,0,,758.2
apt_02274,True,50,1598,-49.0,-49,0,,1100.1
apt_02276,True,50,1587,-49.0,-49,0,,900.9
apt_02286,True,50,1584,-49.0,-49,0,,335.9
apt_02279,True,51,1622,-50.0,-50,0,,623.5
apt_02283,True,50,1596,-49.0,-49,0,,605.6
apt_02278,True,50,1604,-49.0,-49,0,,801.2
apt_02280,True,50,1594,-49.0,-49,0,,787.2
apt_02281,True,50,1593,-49.0,-49,0,,828.7
apt_02294,True,52,1651,-51.0,-51,0,,99.8
apt_02287,True,50,1592,-49.0,-49,0,,627.7
apt_02282,True,55,1759,-54.0,-54,0,,939.2
apt_02284,True,50,1583,-49.0,-49,0,,792.0
apt_02288,True,51,1622,-50.0,-50,0,,670.8
apt_02290,True,53,1684,-52.0,-52,0,,679.3
apt_02285,True,50,1593,-49.0,-49,0,,1098.0
apt_02291,True,50,1587,-49.0,-49,0,,802.2
apt_02293,True,51,1619,-50.0,-50,0,,719.9
apt_02289,True,50,1584,-49.0,-49,0,,986.7
apt_02292,True,50,1591,-49.0,-49,0,,964.0
apt_02295,True,50,1593,-49.0,-49,0,,824.5
apt_02299,True,50,1582,-49.0,-49,0,,651.5
apt_02298,True,50,1594,-49.0,-49,0,,746.7
apt_02296,True,53,1679,-52.0,-52,0,,875.8
apt_02300,True,53,1692,-52.0,-52,0,,635.7
apt_02305,True,51,1626,-50.0,-50,0,,332.2
apt_02297,True,50,1602,-49.0,-49,0,,1195.7
apt_02304,True,53,1690,-52.0,-52,0,,674.4
apt_02301,True,50,1596,-49.0,-49,0,,906.8
apt_02303,True,50,1608,-49.0,-49,0,,877.3
apt_02312,True,50,1588,-49.0,-49,0,,599.8
apt_02309,True,50,1596,-49.0,-49,0,,761.3
apt_02311,True,50,1589,-49.0,-49,0,,637.6
apt_02302,True,51,1628,-50.0,-50,0,,1158.8
apt_02307,True,52,1660,-51.0,-51,0,,910.1
apt_02308,True,55,1757,-54.0,-54,0,,909.5
apt_02310,True,50,1598,-49.0,-49,0,,864.1
apt_02314,True,50,1589,-49.0,-49,0,,605.6
apt_02306,True,52,1660,-51.0,-51,0,,1111.4
apt_02315,True,50,1600,-49.0,-49,0,,657.6
apt_02313,True,51,1633,-50.0,-50,0,,786.7
apt_02319,True,51,1641,-50.0,-50,0,,486.0
apt_02316,True,50,1599,-49.0,-49,0,,882.3
apt_02318,True,51,1628,-50.0,-50,0,,747.2
apt_02329,True,50,1598,-49.0,-49,0,,86.9
apt_02320,True,57,1821,-56.0,-56,0,,792.8
apt_02331,True,50,1587,-49.0,-49,0,,66.7
apt_02325,True,50,1610,-49.0,-49,0,,606.5
apt_02324,True,53,1701,-52.0,-52,0,,662.0
apt_02332,True,51,1627,-50.0,-50,0,,105.0
apt_02330,True,56,1782,-55.0,-55,0,,194.0
apt_02317,True,51,1628,-50.0,-50,0,,978.6
apt_02326,True,50,1610,-49.0,-49,0,,631.6
apt_02322,True,50,1593,-49.0,-49,0,,925.3
apt_02333,True,50,1601,-49.0,-49,0,,249.9
apt_02321,True,57,1821,-56.0,-56,0,,1031.7
apt_02323,True,50,1597,-49.0,-49,0,,1009.7
apt_02334,True,51,1625,-50.0,-50,0,,360.1
apt_02340,True,52,1657,-51.0,-51,0,,213.7
apt_02327,True,50,1600,-49.0,-49,0,,873.3
apt_02328,True,50,1594,-49.0,-49,0,,800.9
apt_02342,True,55,1755,-54.0,-54,0,,241.1
apt_02344,True,50,1595,-49.0,-49,0,,180.3
apt_02346,True,50,1593,-49.0,-49,0,,186.7
apt_02339,True,50,1591,-49.0,-49,0,,544.9
apt_02336,True,50,1599,-49.0,-49,0,,654.0
apt_02335,True,50,1586,-49.0,-49,0,,695.3
apt_02337,True,50,1588,-49.0,-49,0,,824.7
apt_02341,True,50,1591,-49.0,-49,0,,719.4
apt_02343,True,55,1755,-54.0,-54,0,,687.1
apt_02345,True,50,1597,-49.0,-49,0,,805.6
apt_02338,True,60,1910,-59.0,-59,0,,1118.4
apt_02358,True,50,1591,-49.0,-49,0,,47.7
apt_02347,True,54,1722,-53.0,-53,0,,875.2
apt_02350,True,50,1588,-49.0,-49,0,,823.1
apt_02351,True,50,1588,-49.0,-49,0,,833.3
apt_02354,True,50,1597,-49.0,-49,0,,610.9
apt_02353,True,50,1587,-49.0,-49,0,,826.6
apt_02349,True,55,1760,-54.0,-54,0,,1021.1
apt_02348,True,50,1588,-49.0,-49,0,,1065.9
apt_02352,True,52,1663,-51.0,-51,0,,927.8
apt_02360,True,50,1596,-49.0,-49,0,,442.6
apt_02356,True,51,1629,-50.0,-50,0,,926.1
apt_02355,True,55,1754,-54.0,-54,0,,957.8
apt_02363,True,50,1597,-49.0,-49,0,,504.4
apt_02365,True,50,1599,-49.0,-49,0,,543.2
apt_02357,True,51,1629,-50.0,-50,0,,921.3
apt_02367,True,50,1604,-49.0,-49,0,,492.1
apt_02366,True,51,1621,-50.0,-50,0,,610.4
apt_02362,True,51,1619,-50.0,-50,0,,696.0
apt_02359,True,54,1716,-53.0,-53,0,,998.3
apt_02373,True,54,1717,-53.0,-53,0,,242.5
apt_02364,True,50,1587,-49.0,-49,0,,915.0
apt_02371,True,50,1594,-49.0,-49,0,,473.4
apt_02361,True,50,1593,-49.0,-49,0,,1156.8
apt_02368,True,51,1615,-50.0,-50,0,,828.9
apt_02374,True,50,1595,-49.0,-49,0,,596.7
apt_02370,True,50,1594,-49.0,-49,0,,868.6
apt_02380,True,57,1814,-56.0,-56,0,,291.4
apt_02379,True,57,1814,-56.0,-56,0,,360.2
apt_02369,True,51,1615,-50.0,-50,0,,956.0
apt_02375,True,55,1750,-54.0,-54,0,,713.5
apt_02376,True,51,1626,-50.0,-50,0,,817.3
apt_02377,True,50,1593,-49.0,-49,0,,732.9
apt_02378,True,50,1594,-49.0,-49,0,,706.6
apt_02372,True,50,1594,-49.0,-49,0,,1110.1
apt_02382,True,53,1692,-52.0,-52,0,,642.8
apt_02381,True,53,1692,-52.0,-52,0,,784.2
apt_02384,True,50,1584,-49.0,-49,0,,746.1
apt_02387,True,50,1594,-49.0,-49,0,,695.9
apt_02383,True,50,1596,-49.0,-49,0,,826.7
apt_02391,True,50,1600,-49.0,-49,0,,573.2
apt_02389,True,50,1606,-49.0,-49,0,,666.7
apt_02386,True,51,1639,-50.0,-50,0,,873.7
apt_02385,True,50,1605,-49.0,-49,0,,976.0
apt_02394,True,50,1607,-49.0,-49,0,,549.5
apt_02390,True,50,1596,-49.0,-49,0,,967.4
apt_02401,True,50,1592,-49.0,-49,0,,274.1
apt_02395,True,53,1688,-52.0,-52,0,,648.9
apt_02388,True,50,1593,-49.0,-49,0,,1306.4
apt_02392,True,50,1601,-49.0,-49,0,,1037.0
apt_02397,True,55,1761,-54.0,-54,0,,716.8
apt_02393,True,51,1634,-50.0,-50,0,,1097.6
apt_02398,True,50,1592,-49.0,-49,0,,783.1
apt_02402,True,50,1598,-49.0,-49,0,,594.0
apt_02399,True,50,1597,-49.0,-49,0,,866.1
apt_02400,True,55,1759,-54.0,-54,0,,861.0
apt_02396,True,50,1594,-49.0,-49,0,,1179.9
apt_02407,True,50,1597,-49.0,-49,0,,501.7
apt_02405,True,50,1596,-49.0,-49,0,,620.3
apt_02403,True,50,1592,-49.0,-49,0,,883.3
apt_02404,True,50,1596,-49.0,-49,0,,922.7
apt_02408,True,50,1599,-49.0,-49,0,,708.4
apt_02406,True,50,1594,-49.0,-49,0,,823.2
apt_02415,True,52,1655,-51.0,-51,0,,322.5
apt_02419,True,50,1591,-49.0,-49,0,,131.7
apt_02412,True,50,1595,-49.0,-49,0,,573.9
apt_02411,True,55,1758,-54.0,-54,0,,676.8
apt_02410,True,50,1596,-49.0,-49,0,,776.5
apt_02420,True,50,1591,-49.0,-49,0,,213.0
apt_02414,True,55,1758,-54.0,-54,0,,762.6
apt_02417,True,50,1603,-49.0,-49,0,,738.3
apt_02416,True,50,1595,-49.0,-49,0,,946.2
apt_02418,True,51,1627,-50.0,-50,0,,775.0
apt_02409,True,50,1601,-49.0,-49,0,,1468.4
apt_02413,True,56,1794,-55.0,-55,0,,1275.4
apt_02426,True,50,1597,-49.0,-49,0,,655.9
apt_02425,True,51,1636,-50.0,-50,0,,771.3
apt_02424,True,54,1721,-53.0,-53,0,,821.9
apt_02421,True,55,1756,-54.0,-54,0,,1035.3
apt_02423,True,52,1671,-51.0,-51,0,,1033.9
apt_02436,True,52,1655,-51.0,-51,0,,90.9
apt_02427,True,50,1610,-49.0,-49,0,,869.6
apt_02429,True,59,1881,-58.0,-58,0,,680.9
apt_02432,True,54,1740,-53.0,-53,0,,598.0
apt_02430,True,50,1605,-49.0,-49,0,,729.6
apt_02422,True,52,1671,-51.0,-51,0,,1403.7
apt_02431,True,50,1610,-49.0,-49,0,,722.1
apt_02428,True,50,1598,-49.0,-49,0,,952.1
apt_02433,True,50,1603,-49.0,-49,0,,709.9
apt_02437,True,51,1625,-50.0,-50,0,,516.8
apt_02434,True,50,1604,-49.0,-49,0,,858.6
apt_02435,True,50,1595,-49.0,-49,0,,1022.9
apt_02438,True,50,1604,-49.0,-49,0,,965.1
apt_02446,True,50,1599,-49.0,-49,0,,639.3
apt_02442,True,50,1606,-49.0,-49,0,,807.5
apt_02440,True,50,1602,-49.0,-49,0,,948.9
apt_02444,True,50,1600,-49.0,-49,0,,902.3
apt_02439,True,50,1596,-49.0,-49,0,,1085.4
apt_02448,True,52,1661,-51.0,-51,0,,678.7
apt_02441,True,50,1602,-49.0,-49,0,,1124.0
apt_02447,True,50,1596,-49.0,-49,0,,945.4
apt_02443,True,50,1597,-49.0,-49,0,,1178.9
apt_02449,True,52,1661,-51.0,-51,0,,879.7
apt_02451,True,50,1597,-49.0,-49,0,,874.1
apt_02453,True,50,1610,-49.0,-49,0,,757.0
apt_02456,True,50,1596,-49.0,-49,0,,669.6
apt_02450,True,50,1595,-49.0,-49,0,,1023.1
apt_02455,True,53,1702,-52.0,-52,0,,809.9
apt_02445,True,57,1822,-56.0,-56,0,,1714.2
apt_02452,True,50,1608,-49.0,-49,0,,1003.2
apt_02464,True,50,1590,-49.0,-49,0,,132.0
apt_02458,True,50,1594,-49.0,-49,0,,725.2
apt_02454,True,52,1665,-51.0,-51,0,,971.8
apt_02459,True,50,1593,-49.0,-49,0,,752.1
apt_02471,True,51,1620,-50.0,-50,0,,183.0
apt_02460,True,50,1593,-49.0,-49,0,,868.1
apt_02462,True,51,1628,-50.0,-50,0,,777.0
apt_02463,True,52,1660,-51.0,-51,0,,717.7
apt_02468,True,51,1631,-50.0,-50,0,,672.9
apt_02461,True,50,1596,-49.0,-49,0,,923.1
apt_02465,True,52,1651,-51.0,-51,0,,834.9
apt_02469,True,51,1631,-50.0,-50,0,,732.1
apt_02467,True,53,1680,-52.0,-52,0,,804.5
apt_02457,True,50,1593,-49.0,-49,0,,1694.1
apt_02466,True,53,1680,-52.0,-52,0,,1000.3
apt_02470,True,57,1828,-56.0,-56,0,,933.7
apt_02472,True,50,1593,-49.0,-49,0,,698.8
apt_02475,True,50,1593,-49.0,-49,0,,503.2
apt_02474,True,50,1584,-49.0,-49,0,,593.4
apt_02473,True,50,1598,-49.0,-49,0,,760.1
apt_02478,True,50,1596,-49.0,-49,0,,476.3
apt_02476,True,53,1690,-52.0,-52,0,,704.7
apt_02481,True,50,1592,-49.0,-49,0,,580.6
apt_02477,True,50,1592,-49.0,-49,0,,831.0
apt_02485,True,50,1601,-49.0,-49,0,,534.4
apt_02482,True,50,1607,-49.0,-49,0,,711.3
apt_02483,True,50,1594,-49.0,-49,0,,900.8
apt_02484,True,50,1600,-49.0,-49,0,,897.9
apt_02486,True,50,1592,-49.0,-49,0,,808.5
apt_02480,True,53,1694,-52.0,-52,0,,1205.3
apt_02488,True,51,1628,-50.0,-50,0,,750.9
apt_02479,True,53,1694,-52.0,-52,0,,1251.5
apt_02487,True,50,1606,-49.0,-49,0,,806.2
apt_02489,True,52,1656,-51.0,-51,0,,722.8
apt_02491,True,51,1631,-50.0,-50,0,,559.8
apt_02490,True,50,1592,-49.0,-49,0,,679.2
apt_02502,True,51,1619,-50.0,-50,0,,157.6
apt_02492,True,50,1592,-49.0,-49,0,,730.7
apt_02501,True,52,1653,-51.0,-51,0,,277.3
apt_02493,True,50,1595,-49.0,-49,0,,888.5
apt_02496,True,51,1633,-50.0,-50,0,,687.0
apt_02495,True,50,1599,-49.0,-49,0,,816.2
apt_02494,True,50,1600,-49.0,-49,0,,841.8
apt_02499,True,50,1600,-49.0,-49,0,,785.1
apt_02498,True,50,1599,-49.0,-49,0,,841.4
apt_02497,True,50,1596,-49.0,-49,0,,886.5
apt_02504,True,53,1683,-52.0,-52,0,,610.8
apt_02500,True,50,1598,-49.0,-49,0,,878.8
apt_02506,True,50,1589,-49.0,-49,0,,642.1
apt_02514,True,50,1593,-49.0,-49,0,,265.5
apt_02503,True,53,1683,-52.0,-52,0,,1001.2
apt_02508,True,50,1588,-49.0,-49,0,,622.3
apt_02507,True,51,1622,-50.0,-50,0,,855.1
apt_02505,True,54,1702,-53.0,-53,0,,1127.7
apt_02509,True,50,1601,-49.0,-49,0,,761.1
apt_02510,True,50,1588,-49.0,-49,0,,751.2
apt_02512,True,53,1690,-52.0,-52,0,,710.5
apt_02515,True,54,1718,-53.0,-53,0,,708.4
apt_02516,True,51,1630,-50.0,-50,0,,657.8
apt_02513,True,52,1652,-51.0,-51,0,,843.3
apt_02511,True,53,1690,-52.0,-52,0,,964.4
apt_02517,True,50,1599,-49.0,-49,0,,759.1
apt_02520,True,50,1593,-49.0,-49,0,,553.2
apt_02523,True,50,1606,-49.0,-49,0,,567.9
apt_02518,True,55,1754,-54.0,-54,0,,879.3
apt_02519,True,50,1591,-49.0,-49,0,,913.4
apt_02525,True,51,1619,-50.0,-50,0,,599.6
apt_02526,True,52,1655,-51.0,-51,0,,612.0
apt_02524,True,50,1588,-49.0,-49,0,,825.1
apt_02521,True,50,1602,-49.0,-49,0,,937.1
apt_02522,True,55,1752,-54.0,-54,0,,1033.0
apt_02527,True,50,1594,-49.0,-49,0,,877.4
apt_02528,True,57,1822,-56.0,-56,0,,848.7
apt_02537,True,52,1657,-51.0,-51,0,,269.3
apt_02538,True,52,1657,-51.0,-51,0,,162.8
apt_02533,True,50,1604,-49.0,-49,0,,516.4
apt_02530,True,50,1595,-49.0,-49,0,,786.1
apt_02529,True,57,1822,-56.0,-56,0,,866.3
apt_02532,True,50,1593,-49.0,-49,0,,711.1
apt_02531,True,50,1593,-49.0,-49,0,,726.8
apt_02534,True,50,1606,-49.0,-49,0,,733.6
apt_02535,True,50,1605,-49.0,-49,0,,737.1
apt_02536,True,50,1606,-49.0,-49,0,,744.5
apt_02540,True,50,1591,-49.0,-49,0,,644.2
apt_02542,True,53,1688,-52.0,-52,0,,631.7
apt_02547,True,53,1687,-52.0,-52,0,,605.5
apt_02541,True,50,1609,-49.0,-49,0,,752.0
apt_02544,True,50,1603,-49.0,-49,0,,696.6
apt_02546,True,50,1588,-49.0,-49,0,,683.5
apt_02543,True,50,1596,-49.0,-49,0,,755.4
apt_02545,True,50,1594,-49.0,-49,0,,733.0
apt_02548,True,50,1591,-49.0,-49,0,,723.4
apt_02550,True,50,1582,-49.0,-49,0,,591.9
apt_02539,True,50,1602,-49.0,-49,0,,1280.0
apt_02553,True,50,1584,-49.0,-49,0,,545.5
apt_02555,True,51,1633,-50.0,-50,0,,595.3
apt_02551,True,50,1595,-49.0,-49,0,,792.0
apt_02554,True,50,1590,-49.0,-49,0,,633.2
apt_02556,True,50,1595,-49.0,-49,0,,741.6
apt_02552,True,50,1595,-49.0,-49,0,,898.8
apt_02558,True,50,1592,-49.0,-49,0,,781.9
apt_02559,True,54,1721,-53.0,-53,0,,653.9
apt_02557,True,50,1599,-49.0,-49,0,,882.9
apt_02560,True,50,1590,-49.0,-49,0,,722.9
apt_02549,True,56,1779,-55.0,-55,0,,1545.6
apt_02562,True,50,1596,-49.0,-49,0,,653.4
apt_02564,True,50,1591,-49.0,-49,0,,640.6
apt_02561,True,50,1598,-49.0,-49,0,,869.3
apt_02568,True,50,1602,-49.0,-49,0,,570.9
apt_02565,True,50,1598,-49.0,-49,0,,849.9
apt_02571,True,50,1597,-49.0,-49,0,,743.9
apt_02572,True,50,1609,-49.0,-49,0,,633.2
apt_02570,True,50,1597,-49.0,-49,0,,850.3
apt_02573,True,50,1608,-49.0,-49,0,,630.0
apt_02563,True,50,1595,-49.0,-49,0,,1197.9
apt_02566,True,50,1609,-49.0,-49,0,,1117.2
apt_02574,True,50,1592,-49.0,-49,0,,656.5
apt_02576,True,51,1625,-50.0,-50,0,,580.4
apt_02567,True,51,1626,-50.0,-50,0,,1233.6
apt_02575,True,50,1609,-49.0,-49,0,,767.8
apt_02577,True,55,1769,-54.0,-54,0,,697.0
apt_02581,True,53,1688,-52.0,-52,0,,592.2
apt_02579,True,50,1596,-49.0,-49,0,,715.5
apt_02584,True,50,1592,-49.0,-49,0,,641.9
apt_02578,True,50,1599,-49.0,-49,0,,827.7
apt_02580,True,50,1605,-49.0,-49,0,,804.8
apt_02582,True,50,1593,-49.0,-49,0,,817.6
apt_02586,True,50,1592,-49.0,-49,0,,654.5
apt_02583,True,50,1592,-49.0,-49,0,,810.3
apt_02569,True,59,1886,-58.0,-58,0,,1885.1
apt_02585,True,54,1721,-53.0,-53,0,,871.9
apt_02588,True,56,1778,-55.0,-55,0,,716.0
apt_02587,True,54,1721,-53.0,-53,0,,871.1
apt_02590,True,51,1630,-50.0,-50,0,,756.9
apt_02594,True,51,1627,-50.0,-50,0,,643.7
apt_02589,True,50,1596,-49.0,-49,0,,884.7
apt_02591,True,50,1596,-49.0,-49,0,,762.8
apt_02593,True,50,1599,-49.0,-49,0,,754.2
apt_02595,True,50,1605,-49.0,-49,0,,895.9
apt_02598,True,51,1628,-50.0,-50,0,,702.6
apt_02599,True,52,1659,-51.0,-51,0,,803.2
apt_02596,True,55,1757,-54.0,-54,0,,1014.7
apt_02608,True,55,1757,-54.0,-54,0,,101.3
apt_02592,True,50,1596,-49.0,-49,0,,1247.3
apt_02597,True,55,1756,-54.0,-54,0,,1230.0
apt_02602,True,52,1660,-51.0,-51,0,,825.8
apt_02603,True,53,1689,-52.0,-52,0,,845.2
apt_02605,True,50,1592,-49.0,-49,0,,805.4
apt_02612,True,50,1591,-49.0,-49,0,,162.4
apt_02601,True,53,1692,-52.0,-52,0,,928.6
apt_02604,True,54,1725,-53.0,-53,0,,874.5
apt_02609,True,55,1754,-54.0,-54,0,,533.9
apt_02607,True,60,1910,-59.0,-59,0,,757.4
apt_02600,True,53,1691,-52.0,-52,0,,1423.7
apt_02621,True,50,1590,-49.0,-49,0,,56.6
apt_02620,True,50,1590,-49.0,-49,0,,157.6
apt_02610,True,53,1689,-52.0,-52,0,,709.1
apt_02606,True,57,1815,-56.0,-56,0,,1062.9
apt_02611,True,53,1689,-52.0,-52,0,,927.4
apt_02614,True,50,1596,-49.0,-49,0,,846.6
apt_02616,True,51,1634,-50.0,-50,0,,854.6
apt_02623,True,50,1596,-49.0,-49,0,,538.0
apt_02617,True,50,1599,-49.0,-49,0,,849.6
apt_02618,True,50,1596,-49.0,-49,0,,896.8
apt_02615,True,50,1607,-49.0,-49,0,,967.9
apt_02624,True,50,1601,-49.0,-49,0,,640.6
apt_02619,True,54,1725,-53.0,-53,0,,996.4
apt_02613,True,50,1596,-49.0,-49,0,,1203.6
apt_02622,True,50,1601,-49.0,-49,0,,1038.5
apt_02629,True,50,1602,-49.0,-49,0,,541.6
apt_02625,True,53,1692,-52.0,-52,0,,955.7
apt_02630,True,50,1592,-49.0,-49,0,,611.8
apt_02628,True,50,1600,-49.0,-49,0,,636.1
apt_02632,True,50,1586,-49.0,-49,0,,790.5
apt_02640,True,52,1657,-51.0,-51,0,,351.1
apt_02635,True,55,1759,-54.0,-54,0,,706.8
apt_02631,True,50,1594,-49.0,-49,0,,927.4
apt_02634,True,50,1595,-49.0,-49,0,,787.9
apt_02637,True,50,1591,-49.0,-49,0,,518.7
apt_02633,True,55,1759,-54.0,-54,0,,996.8
apt_02626,True,53,1692,-52.0,-52,0,,1426.6
apt_02627,True,50,1598,-49.0,-49,0,,1291.1
apt_02636,True,50,1592,-49.0,-49,0,,801.6
apt_02639,True,55,1757,-54.0,-54,0,,720.2
apt_02638,True,50,1591,-49.0,-49,0,,774.9
apt_02644,True,50,1607,-49.0,-49,0,,574.3
apt_02641,True,50,1595,-49.0,-49,0,,718.6
apt_02643,True,50,1593,-49.0,-49,0,,751.5
apt_02648,True,51,1623,-50.0,-50,0,,675.7
apt_02650,True,50,1596,-49.0,-49,0,,595.3
apt_02645,True,50,1599,-49.0,-49,0,,867.7
apt_02646,True,50,1603,-49.0,-49,0,,827.4
apt_02647,True,52,1655,-51.0,-51,0,,771.4
apt_02642,True,55,1755,-54.0,-54,0,,936.4
apt_02652,True,50,1597,-49.0,-49,0,,634.0
apt_02653,True,50,1596,-49.0,-49,0,,548.1
apt_02649,True,51,1623,-50.0,-50,0,,1062.5
apt_02651,True,50,1603,-49.0,-49,0,,1085.9
apt_02657,True,51,1634,-50.0,-50,0,,627.1
apt_02654,True,50,1608,-49.0,-49,0,,873.8
apt_02659,True,60,1913,-59.0,-59,0,,668.3
apt_02655,True,50,1598,-49.0,-49,0,,901.9
apt_02661,True,50,1598,-49.0,-49,0,,799.0
apt_02656,True,53,1701,-52.0,-52,0,,980.0
apt_02658,True,56,1790,-55.0,-55,0,,927.6
apt_02664,True,51,1630,-50.0,-50,0,,536.6
apt_02660,True,60,1913,-59.0,-59,0,,948.5
apt_02662,True,54,1720,-53.0,-53,0,,900.2
apt_02663,True,50,1593,-49.0,-49,0,,782.4
apt_02667,True,55,1762,-54.0,-54,0,,624.5
apt_02668,True,50,1600,-49.0,-49,0,,534.3
apt_02669,True,50,1597,-49.0,-49,0,,498.3
apt_02666,True,50,1591,-49.0,-49,0,,826.9
apt_02670,True,50,1599,-49.0,-49,0,,675.3
apt_02675,True,50,1593,-49.0,-49,0,,536.9
apt_02671,True,50,1593,-49.0,-49,0,,631.3
apt_02665,True,50,1601,-49.0,-49,0,,1018.1
apt_02674,True,50,1593,-49.0,-49,0,,615.5
apt_02676,True,50,1607,-49.0,-49,0,,680.5
apt_02673,True,50,1593,-49.0,-49,0,,811.3
apt_02677,True,51,1637,-50.0,-50,0,,667.7
apt_02672,True,61,1949,-60.0,-60,0,,1061.5
apt_02680,True,50,1596,-49.0,-49,0,,649.9
apt_02681,True,50,1596,-49.0,-49,0,,575.9
apt_02685,True,50,1588,-49.0,-49,0,,621.1
apt_02684,True,50,1589,-49.0,-49,0,,679.1
apt_02679,True,50,1592,-49.0,-49,0,,987.4
apt_02678,True,52,1660,-51.0,-51,0,,1097.4
apt_02682,True,54,1725,-53.0,-53,0,,811.1
apt_02687,True,50,1589,-49.0,-49,0,,598.4
apt_02688,True,51,1625,-50.0,-50,0,,626.2
apt_02689,True,51,1625,-50.0,-50,0,,573.3
apt_02686,True,50,1597,-49.0,-49,0,,880.8
apt_02683,True,54,1725,-53.0,-53,0,,1093.3
apt_02691,True,53,1680,-52.0,-52,0,,673.5
apt_02693,True,50,1589,-49.0,-49,0,,624.7
apt_02690,True,53,1683,-52.0,-52,0,,805.9
apt_02694,True,50,1592,-49.0,-49,0,,716.4
apt_02695,True,55,1757,-54.0,-54,0,,814.5
apt_02692,True,52,1653,-51.0,-51,0,,916.4
apt_02698,True,50,1593,-49.0,-49,0,,652.6
apt_02696,True,55,1755,-54.0,-54,0,,830.3
apt_02697,True,50,1594,-49.0,-49,0,,820.1
apt_02699,True,50,1593,-49.0,-49,0,,686.9
apt_02701,True,50,1594,-49.0,-49,0,,670.0
apt_02700,True,50,1596,-49.0,-49,0,,808.2
apt_02702,True,50,1605,-49.0,-49,0,,833.2
apt_02705,True,51,1634,-50.0,-50,0,,650.6
apt_02704,True,53,1690,-52.0,-52,0,,939.0
apt_02707,True,50,1599,-49.0,-49,0,,691.2
apt_02703,True,50,1601,-49.0,-49,0,,982.1
apt_02710,True,53,1693,-52.0,-52,0,,709.2
apt_02708,True,50,1599,-49.0,-49,0,,925.1
apt_02713,True,53,1684,-52.0,-52,0,,749.3
apt_02706,True,52,1663,-51.0,-51,0,,1020.4
apt_02711,True,54,1725,-53.0,-53,0,,936.7
apt_02709,True,52,1656,-51.0,-51,0,,1027.4
apt_02715,True,50,1592,-49.0,-49,0,,749.0
apt_02712,True,54,1725,-53.0,-53,0,,1119.5
apt_02717,True,51,1637,-50.0,-50,0,,629.3
apt_02716,True,50,1592,-49.0,-49,0,,708.6
apt_02714,True,50,1600,-49.0,-49,0,,950.1
apt_02719,True,50,1594,-49.0,-49,0,,746.1
apt_02722,True,53,1684,-52.0,-52,0,,564.7
apt_02721,True,51,1626,-50.0,-50,0,,611.2
apt_02718,True,50,1591,-49.0,-49,0,,921.2
apt_02724,True,50,1587,-49.0,-49,0,,693.5
apt_02725,True,53,1684,-52.0,-52,0,,588.2
apt_02723,True,50,1587,-49.0,-49,0,,796.5
apt_02729,True,50,1597,-49.0,-49,0,,450.8
apt_02726,True,53,1685,-52.0,-52,0,,588.1
apt_02736,True,50,1601,-49.0,-49,0,,72.0
apt_02720,True,53,1684,-52.0,-52,0,,1032.4
apt_02728,True,53,1684,-52.0,-52,0,,648.0
apt_02739,True,50,1600,-49.0,-49,0,,150.6
apt_02730,True,53,1691,-52.0,-52,0,,604.8
apt_02727,True,53,1682,-52.0,-52,0,,961.1
apt_02732,True,50,1596,-49.0,-49,0,,688.1
apt_02733,True,50,1593,-49.0,-49,0,,783.2
apt_02731,True,54,1723,-53.0,-53,0,,850.0
apt_02735,True,50,1593,-49.0,-49,0,,665.1
apt_02734,True,50,1593,-49.0,-49,0,,739.7
apt_02738,True,50,1592,-49.0,-49,0,,834.9
apt_02737,True,52,1665,-51.0,-51,0,,919.3
apt_02741,True,54,1734,-53.0,-53,0,,841.1
apt_02742,True,55,1767,-54.0,-54,0,,832.9
apt_02743,True,50,1599,-49.0,-49,0,,828.8
apt_02744,True,50,1592,-49.0,-49,0,,704.5
apt_02747,True,50,1597,-49.0,-49,0,,629.8
apt_02746,True,55,1755,-54.0,-54,0,,763.4
apt_02754,True,55,1754,-54.0,-54,0,,244.5
apt_02748,True,50,1592,-49.0,-49,0,,727.2
apt_02740,True,50,1601,-49.0,-49,0,,1286.3
apt_02745,True,54,1722,-53.0,-53,0,,1039.5
apt_02750,True,50,1602,-49.0,-49,0,,695.2
apt_02756,True,54,1721,-53.0,-53,0,,441.8
apt_02752,True,53,1689,-52.0,-52,0,,697.1
apt_02749,True,50,1595,-49.0,-49,0,,1078.0
apt_02753,True,50,1591,-49.0,-49,0,,689.4
apt_02751,True,50,1597,-49.0,-49,0,,920.9
apt_02755,True,50,1612,-49.0,-49,0,,818.9
apt_02758,True,50,1602,-49.0,-49,0,,737.7
apt_02759,True,52,1654,-51.0,-51,0,,715.3
apt_02762,True,51,1636,-50.0,-50,0,,591.4
apt_02761,True,51,1628,-50.0,-50,0,,742.0
apt_02760,True,52,1654,-51.0,-51,0,,860.5
apt_02757,True,50,1602,-49.0,-49,0,,993.5
apt_02773,True,51,1627,-50.0,-50,0,,136.5
apt_02763,True,52,1660,-51.0,-51,0,,828.2
apt_02765,True,54,1724,-53.0,-53,0,,760.7
apt_02764,True,53,1692,-52.0,-52,0,,784.9
apt_02768,True,50,1598,-49.0,-49,0,,584.3
apt_02772,True,53,1689,-52.0,-52,0,,312.3
apt_02766,True,55,1757,-54.0,-54,0,,817.3
apt_02771,True,51,1631,-50.0,-50,0,,541.8
apt_02767,True,54,1725,-53.0,-53,0,,864.2
apt_02781,True,50,1597,-49.0,-49,0,,212.5
apt_02779,True,50,1596,-49.0,-49,0,,376.3
apt_02769,True,57,1814,-56.0,-56,0,,838.6
apt_02775,True,51,1633,-50.0,-50,0,,526.9
apt_02770,True,56,1785,-55.0,-55,0,,944.8
apt_02787,True,50,1592,-49.0,-49,0,,93.2
apt_02776,True,50,1586,-49.0,-49,0,,637.2
apt_02785,True,50,1595,-49.0,-49,0,,275.8
apt_02774,True,50,1594,-49.0,-49,0,,964.4
apt_02782,True,50,1586,-49.0,-49,0,,597.1
apt_02783,True,51,1620,-50.0,-50,0,,629.8
apt_02784,True,51,1620,-50.0,-50,0,,591.2
apt_02777,True,50,1599,-49.0,-49,0,,960.3
apt_02778,True,50,1599,-49.0,-49,0,,992.0
apt_02780,True,54,1722,-53.0,-53,0,,944.8
apt_02789,True,50,1593,-49.0,-49,0,,592.8
apt_02786,True,50,1599,-49.0,-49,0,,730.1
apt_02791,True,50,1601,-49.0,-49,0,,578.2
apt_02794,True,50,1599,-49.0,-49,0,,544.9
apt_02790,True,50,1599,-49.0,-49,0,,835.3
apt_02793,True,50,1599,-49.0,-49,0,,720.9
apt_02792,True,53,1691,-52.0,-52,0,,763.0
apt_02797,True,50,1601,-49.0,-49,0,,568.8
apt_02788,True,50,1592,-49.0,-49,0,,1105.2
apt_02802,True,55,1752,-54.0,-54,0,,262.4
apt_02795,True,50,1594,-49.0,-49,0,,814.4
apt_02801,True,51,1626,-50.0,-50,0,,450.8
apt_02799,True,50,1593,-49.0,-49,0,,601.3
apt_02796,True,50,1595,-49.0,-49,0,,809.5
apt_02798,True,53,1698,-52.0,-52,0,,878.3
apt_02803,True,50,1604,-49.0,-49,0,,454.3
apt_02804,True,51,1635,-50.0,-50,0,,551.7
apt_02800,True,53,1698,-52.0,-52,0,,1039.8
