rank,name,kind,L,src,score_extra,dist_extra,n_near_extra,score_epi,dist_epi,n_near_epi
1,apt_01309,ss,50,mcts,-323.66,2.6040817959503526,56,-323.66,2.6040817959503526,39
2,apt_02350,ss,50,mcts,-310.15,3.361792676534364,35,-310.15,5.249632082346338,18
3,apt_00692,ss,53,mcts,-304.46,2.6659396092184857,58,-304.46,3.3511421933424446,41
4,apt_01347,ss,50,mcts,-300.5,2.2038325707730118,49,-300.5,2.96263041907018,23
5,apt_00032,ss,52,mcts,-299.16,2.9494338439775074,57,-299.16,6.430671582346591,41
6,apt_02471,ss,51,mcts,-298.82,3.5801648006761084,66,-298.82,6.914121997766605,45
7,apt_02016,ss,50,mcts,-298.76,2.158837650218293,51,-298.76,2.3100679643681428,25
8,apt_01477,ss,51,mcts,-298.35,2.179391428816776,49,-298.35,4.89120189728455,33
9,apt_02230,ss,52,mcts,-296.98,2.699341401156971,50,-296.98,3.395268766975594,28
10,apt_01517,ss,54,mcts,-295.36,2.7698790587316173,46,-295.36,2.8189852784291,32
11,apt_02791,ss,50,mcts,-294.61,2.1265084058145733,55,-294.61,4.953582340084808,35
12,apt_01443,ss,56,mcts,-293.93,2.678580594270038,60,-293.93,4.129060062532393,33
13,apt_02062,ss,53,mcts,-292.67,2.5590484559695454,47,-292.67,2.669980149738947,35
14,apt_02079,ss,50,mcts,-292.27,2.9349155013390194,47,-292.27,2.956730795997505,28
15,apt_00384,ss,50,mcts,-291.85,3.1323859915406262,42,-291.85,3.1323859915406262,27
16,apt_00711,ss,56,mcts,-291.85,2.6282705340204227,48,-291.85,2.6282705340204227,36
17,apt_01157,ss,50,mcts,-290.1,2.6581461585097155,52,-290.1,4.560076534445454,28
18,apt_01597,ss,51,mcts,-289.75,2.3483394132876265,45,-289.75,4.505154936292417,29
19,apt_00908,ss,50,mcts,-287.15,3.271134665525087,54,-287.15,5.094330574275679,33
20,apt_01373,ss,50,mcts,-287.07,2.4327461848700835,45,-287.07,2.5795918281774832,27
21,apt_01912,ss,50,mcts,-286.83,2.91522726386811,53,-286.83,3.92538685991584,40
22,apt_00610,ss,50,mcts,-286.42,2.4288600206681394,38,-286.42,2.4288600206681394,24
23,apt_02312,ss,50,mcts,-311.3,3.389383572273886,38,-285.07,6.374677560473165,20
24,apt_02640,ss,52,mcts,-284.52,2.304489965263466,41,-284.52,2.304489965263466,26
25,apt_00161,ss,56,mcts,-284.31,2.3686101409898646,54,-284.31,3.39104261253084,33
26,apt_01809,ss,53,mcts,-283.79,2.4217879758558727,48,-283.79,3.2787230746130454,32
27,apt_02709,ss,52,mcts,-283.47,2.4398926205880236,40,-283.47,4.340596272403146,30
28,apt_00862,ss,50,mcts,-282.05,3.47910922507471,49,-282.05,4.997040524150277,26
29,apt_02247,ss,50,mcts,-281.62,2.476194661168624,42,-281.62,2.682818480628161,31
30,apt_02259,ss,52,mcts,-280.69,2.096905338826725,46,-280.69,5.915034234896702,28
31,apt_00057,ss,50,mcts,-280.54,2.483741935064904,44,-280.54,3.6440326562751677,25
32,apt_01934,ss,50,mcts,-279.66,2.844624931339806,42,-279.66,3.1552478508034776,23
33,apt_00738,ss,50,mcts,-279.33,4.625705351619361,29,-279.33,6.818140068963086,14
34,apt_01795,ss,50,mcts,-279.3,2.4589764130629694,49,-279.3,5.437131780635825,34
35,apt_01097,ss,50,mcts,-279.04,3.7471156907680405,34,-279.04,3.864306017902827,17
36,apt_00125,ss,56,mcts,-278.65,3.086674748009601,50,-278.65,3.5165760335872185,31
37,apt_00158,ss,56,mcts,-277.28,2.3240348534391617,35,-277.28,2.3240348534391617,21
38,apt_01233,ss,50,mcts,-276.99,3.3310397776069824,38,-276.99,5.307675950922401,23
39,apt_02417,ss,50,mcts,-276.71,3.489223695895689,46,-276.71,4.499676655049786,31
40,apt_00313,ss,51,mcts,-276.41,2.6343433716962625,47,-276.41,5.841719181884741,26
41,apt_00796,ss,50,mcts,-276.38,2.2940664768048897,49,-276.38,4.383164153896136,25
42,apt_02337,ss,50,mcts,-276.35,2.5814819387320775,51,-276.35,6.65003954875456,33
43,apt_00844,ss,54,mcts,-277.22,6.018194829016429,48,-276.03,2.5217874613059856,32
44,apt_01282,ss,50,mcts,-275.87,2.3872683133657118,45,-275.87,2.8126354189620746,27
45,apt_00435,ss,50,mcts,-275.67,2.864810988529598,41,-275.67,6.706593322991929,25
46,apt_02473,ss,50,mcts,-275.35,0.7696148387342969,40,-275.35,6.388157324299392,25
47,apt_01967,ss,53,mcts,-275.05,2.5756818514715722,55,-275.05,3.530605897009744,35
48,apt_01667,ss,59,mcts,-274.64,3.623710529277972,50,-274.64,6.664464944764885,29
49,apt_01893,ss,50,mcts,-274.38,3.217941733468778,34,-274.38,4.591525454573902,22
50,apt_01652,ss,55,mcts,-273.33,2.347866052397367,53,-273.33,2.347866052397367,35
51,apt_00660,ss,59,mcts,-272.93,5.85634860642704,39,-272.93,6.572699521505622,17
52,apt_02701,ss,50,mcts,-272.91,2.1945753575578077,44,-272.91,6.3115631978139985,31
53,apt_00581,ss,50,mcts,-272.66,2.9624378474492996,43,-272.66,5.284901985846091,27
54,apt_00923,ss,50,mcts,-272.5,2.6164758741482848,41,-272.5,2.6164758741482848,22
55,apt_00728,ss,50,mcts,-272.35,2.2075565677916407,37,-272.35,2.293669548997863,26
56,apt_02055,ss,51,mcts,-272.13,2.9616922527501055,49,-272.13,6.876140414505789,25
57,apt_00575,ss,50,mcts,-272.11,2.6213128390178873,41,-272.11,2.714756158479062,22
58,apt_00907,ss,53,mcts,-272.08,2.4774141761118615,54,-272.08,4.706440374635589,36
59,apt_00970,ss,56,mcts,-271.79,2.096330126673741,55,-271.79,3.062262725502181,35
60,apt_02637,ss,50,mcts,-271.78,2.524732461073839,45,-271.78,2.524732461073839,29
61,apt_01802,ss,50,mcts,-271.74,2.6877103638599142,44,-271.74,6.379711670600792,29
62,apt_00280,ss,50,mcts,-271.71,2.125423722460989,53,-271.71,2.2711173461536553,42
63,apt_01358,ss,50,mcts,-271.49,2.4272210447340896,46,-271.49,2.7414963067638705,29
64,apt_02339,ss,50,mcts,-271.4,2.5072784049642407,40,-271.4,4.128869578952591,24
65,apt_00623,ss,50,mcts,-271.31,2.759440160612282,55,-271.31,4.165143574956325,33
66,apt_02536,ss,50,mcts,-270.7,2.9329469821324583,34,-270.7,3.246802273006479,17
67,apt_01773,ss,50,mcts,-270.65,2.1514901812464853,44,-270.65,3.4932897102874234,31
68,apt_01825,ss,50,mcts,-270.45,1.2978651701929564,62,-270.45,1.2978651701929564,46
69,apt_00036,ss,52,mcts,-270.33,3.6292772007660274,56,-270.33,6.181897200698187,34
70,apt_00708,ss,50,mcts,-270.3,2.698305023528648,38,-270.3,3.0205474669337735,27
71,apt_00885,ss,50,mcts,-270.29,3.2659597364327846,47,-270.29,4.0368266001898085,23
72,apt_01353,ss,50,mcts,-270.25,2.9706028007796657,50,-270.25,4.418833443342263,28
73,apt_00411,ss,52,mcts,-270.15,2.7881510002150107,49,-270.15,4.281435390146624,22
74,apt_01012,ss,53,mcts,-270.12,3.0504260358186137,41,-270.12,6.662151379246809,21
75,apt_01550,ss,50,mcts,-270.09,2.3963238512354743,48,-270.09,2.8265707137802174,30
76,apt_02405,ss,50,mcts,-269.83,2.671572570603311,53,-269.83,2.9574382495666782,35
77,apt_01197,ss,53,mcts,-269.48,1.9358111994716942,48,-269.48,2.1517569565357464,21
78,apt_00593,ss,51,mcts,-268.73,2.378218030374847,59,-268.73,2.378218030374847,32
79,apt_02192,ss,53,mcts,-268.69,2.0220281897144665,52,-268.69,3.973483484299394,33
80,apt_01402,ss,50,mcts,-268.47,2.512423929196679,42,-268.47,3.434081390998185,24
81,apt_00274,ss,50,mcts,-268.23,2.787633763606713,52,-268.23,2.787633763606713,34
82,apt_02687,ss,50,mcts,-268.2,2.9302441877768506,43,-268.2,2.9302441877768506,27
83,apt_02654,ss,50,mcts,-268.19,3.1927683912241354,49,-268.19,6.990065879517874,36
84,apt_01036,ss,50,mcts,-268.01,2.88914122188584,47,-268.01,6.160567019357884,34
85,apt_01876,ss,50,mcts,-275.04,2.92653686120644,51,-267.46,2.4164331151513316,29
86,apt_00077,ss,50,mcts,-267.21,2.603037648594427,59,-267.21,3.403224941140401,34
87,apt_00166,ss,55,mcts,-267.2,2.54326050572883,51,-267.2,2.54326050572883,31
88,apt_01983,ss,51,mcts,-267.18,2.4116562773330745,41,-267.18,2.4116562773330745,26
89,apt_02753,ss,50,mcts,-266.91,2.384740027759846,44,-266.91,2.384740027759846,29
90,apt_01026,ss,50,mcts,-266.89,3.24048283439367,59,-266.89,6.039112683167955,42
91,apt_02432,ss,54,mcts,-266.74,2.2085499767947447,45,-266.74,2.7906873705236075,23
92,apt_02597,ss,55,mcts,-266.71,2.5257541448050764,42,-266.71,2.5257541448050764,21
93,apt_02696,ss,55,mcts,-266.62,1.7216242331008222,42,-266.62,3.0260662583624973,31
94,apt_01955,ss,53,mcts,-266.3,2.642098029975428,50,-266.3,3.524141455730748,28
95,apt_02755,ss,50,mcts,-266.27,1.9035107039362886,43,-266.27,1.9035107039362886,28
96,apt_01587,ss,52,mcts,-266.05,2.0275672615230316,45,-266.05,4.312541362120479,28
97,apt_02615,ss,50,mcts,-266.02,2.5358692789653023,52,-266.02,3.557462438311891,32
98,apt_00372,ss,50,mcts,-265.98,2.1163806368420532,35,-265.98,3.5231653381582877,19
99,apt_01341,ss,50,mcts,-265.77,2.215505359957403,39,-265.77,2.215505359957403,20
100,apt_02285,ss,50,mcts,-265.34,2.791852968907927,52,-265.34,6.122765469949012,34
101,apt_01195,ss,50,mcts,-265.28,1.9534305720961915,53,-265.28,3.9659500753287475,38
102,apt_01070,ss,50,mcts,-265.23,2.26369034984912,41,-265.23,3.9834979603358613,25
103,apt_02587,ss,54,mcts,-265.04,3.1097337506609746,49,-265.04,5.8758191769318415,30
104,apt_00695,ss,53,mcts,-273.14,3.9809145934069043,48,-265.03,2.844715099970487,19
105,apt_00565,ss,50,mcts,-264.96,3.1233837420336377,34,-264.96,4.700437639199148,20
106,apt_01186,ss,50,mcts,-264.96,2.1301537503194377,45,-264.96,3.0326209786255927,29
107,apt_02356,ss,51,mcts,-264.87,2.3619521587026258,43,-264.87,2.857376594010663,24
108,apt_01065,ss,50,mcts,-264.8,3.2068168017521654,41,-264.8,5.094399375785137,14
109,apt_00083,ss,50,mcts,-264.71,1.2225326171517978,52,-264.71,1.2225326171517978,40
110,apt_00797,ss,50,mcts,-264.35,2.739529521651478,44,-264.35,5.944435381093812,19
111,apt_00576,ss,50,mcts,-264.23,2.9063630193078067,34,-264.23,4.358917755590265,22
112,apt_02555,ss,51,mcts,-264.03,2.190095203410122,48,-264.03,5.122095079164384,27
113,apt_00290,ss,51,mcts,-263.87,1.6626948006173718,37,-263.87,2.2007239717874585,24
114,apt_01999,ss,50,mcts,-263.79,3.226864422314639,45,-263.79,5.008138177007497,27
115,apt_00521,ss,50,mcts,-263.64,2.830002650175446,31,-263.64,2.853652571705245,21
116,apt_02270,ss,55,mcts,-263.56,2.535183425316588,42,-263.56,2.7075993056580523,28
117,apt_00669,ss,50,mcts,-263.35,2.610753722586632,38,-263.35,6.082075468127634,23
118,apt_00188,ss,50,mcts,-263.31,3.0834730418799037,34,-263.31,4.6339674146458965,19
119,apt_00327,ss,50,mcts,-263.19,3.008552309666566,41,-263.19,5.815173514178225,21
120,apt_02264,ss,50,mcts,-262.76,3.2017509272271556,50,-262.76,3.5633927653291373,30
121,apt_02094,ss,50,mcts,-262.16,2.9872104043739514,51,-262.16,3.556294279161954,36
122,apt_00219,ss,50,mcts,-261.83,5.799803013896247,36,-261.83,6.882285158288639,22
123,apt_00702,ss,50,mcts,-261.72,2.502410437957755,36,-261.72,6.153282538613032,17
124,apt_01939,ss,50,mcts,-261.72,2.7165192802555103,54,-261.72,6.769334236097384,36
125,apt_02666,ss,50,mcts,-261.71,2.3901667305859498,51,-261.71,5.596268131531945,31
126,apt_00838,ss,54,mcts,-261.63,0.6459612991503387,49,-261.63,0.6459612991503387,27
127,apt_02100,ss,50,mcts,-262.72,6.538731451894924,47,-261.48,2.762060462770507,25
128,apt_00778,ss,50,mcts,-261.27,2.820034751558934,34,-261.27,6.891792292285099,22
129,apt_02046,ss,55,mcts,-261.26,3.0171995293649347,42,-261.26,4.542607180903946,26
130,apt_01971,ss,50,mcts,-261.23,1.8647560162123258,44,-261.23,2.931869710611303,30
131,apt_02575,ss,50,mcts,-261.19,1.730053467381855,40,-261.19,2.6625825808789334,25
132,apt_02719,ss,50,mcts,-261.18,6.84454709969915,50,-261.18,6.863064767288752,31
133,apt_02324,ss,53,mcts,-261.12,2.4664993411716223,49,-261.12,5.537480383712433,18
134,apt_02628,ss,50,mcts,-261.05,2.552999804151976,41,-261.05,4.452280314625309,25
135,apt_01203,ss,50,mcts,-260.92,3.4910171870101236,42,-260.92,6.494563110787368,23
136,apt_01873,ss,53,mcts,-260.89,3.182959314851507,57,-260.89,5.011548064221266,39
137,apt_00438,ss,50,mcts,-260.86,3.0320514507507825,38,-260.86,3.0320514507507825,17
138,apt_00939,ss,50,mcts,-260.78,1.8842075257253232,43,-260.78,1.8842075257253232,19
139,apt_00541,ss,53,mcts,-260.72,3.1832948339731226,46,-260.72,5.249898094249065,30
140,apt_00191,ss,54,mcts,-260.71,2.2931205812167654,46,-260.71,6.904991889930069,25
141,apt_01144,ss,50,mcts,-260.68,2.603623052594209,51,-260.68,2.603623052594209,29
142,apt_01291,ss,53,mcts,-260.67,2.1666404870213096,34,-260.67,4.702179175658874,23
143,apt_00212,ss,50,mcts,-260.65,2.8416639491677964,42,-260.65,3.0872448882458405,30
144,apt_00940,ss,50,mcts,-260.63,3.5341602963080296,46,-260.63,3.8309286080531466,24
145,apt_00588,ss,51,mcts,-260.4,2.182309098180187,49,-260.4,2.182309098180187,34
146,apt_00933,ss,50,mcts,-260.33,2.488355681971527,39,-260.33,3.040069407102403,19
147,apt_01156,ss,50,mcts,-260.32,2.568080411513627,40,-260.32,3.036790904886272,24
148,apt_01431,ss,54,mcts,-260.25,2.2863414005786704,42,-260.25,3.5938760412679875,28
149,apt_02678,ss,52,mcts,-260.24,3.0536047550395105,37,-260.24,6.212397363337281,24
150,apt_00376,ss,50,mcts,-260.21,1.9457116949846343,47,-260.21,3.109447860955383,28
151,apt_00239,ss,50,mcts,-260.17,2.18175915261058,57,-260.17,2.285808828401892,40
152,apt_01728,ss,51,mcts,-260.1,2.303710919364678,51,-260.1,2.9088728057445272,22
153,apt_00785,ss,50,mcts,-259.97,2.598797029396491,42,-259.97,3.3671979448793925,18
154,apt_02240,ss,50,mcts,-259.9,2.330961175137839,39,-259.9,2.330961175137839,21
155,apt_00122,ss,50,mcts,-259.85,4.357943781188536,46,-259.85,6.978594772588536,29
156,apt_02561,ss,50,mcts,-259.83,2.4801332625486054,46,-259.83,3.370436321902561,31
157,apt_01608,ss,50,mcts,-259.79,2.278785860935578,37,-259.79,5.805368119249651,26
158,apt_00621,ss,50,mcts,-259.75,2.8117291832607254,41,-259.75,2.8129568073470437,19
159,apt_00624,ss,50,mcts,-259.73,1.9045776434684845,52,-259.73,4.745571514580718,37
160,apt_00594,ss,52,mcts,-259.5,3.002360737819496,41,-259.5,3.002360737819496,25
161,apt_00731,ss,50,mcts,-259.46,2.673208371975516,45,-259.46,2.8412738340399373,23
162,apt_01646,ss,50,mcts,-259.43,2.108076611511065,28,-259.43,2.4534595982000633,18
163,apt_01722,ss,54,mcts,-259.42,2.2599435833666344,56,-259.42,2.2599435833666344,31
164,apt_01252,ss,50,mcts,-259.37,2.1522121177988063,52,-259.37,3.065704812926383,34
165,apt_00003,ss,50,mcts,-259.35,4.701867820345447,33,-259.35,6.844247584650924,19
166,apt_00066,ss,52,mcts,-259.3,1.8934671901039097,35,-259.3,2.7557628707855084,24
167,apt_02476,ss,53,mcts,-258.71,2.832150243189783,40,-258.71,3.9930335585867667,18
168,apt_02585,ss,54,mcts,-258.68,3.076371564034481,52,-258.68,3.813343939379199,34
169,apt_02457,ss,50,mcts,-258.62,3.833077223328528,47,-258.62,6.640220101773729,29
170,apt_02127,ss,50,mcts,-258.57,2.837184167444883,38,-258.57,5.3219570648399595,23
171,apt_00622,ss,50,mcts,-258.41,2.6242608483152043,38,-258.41,6.95175841064691,16
172,apt_02096,ss,50,mcts,-258.38,2.8761415125128833,54,-258.38,6.617268998612633,41
173,apt_00919,ss,50,mcts,-257.99,2.1863807994034334,45,-257.99,2.862056079115165,29
174,apt_01779,ss,50,mcts,-257.89,3.2318536476765214,40,-257.89,4.287877796766137,28
175,apt_00069,ss,57,mcts,-257.85,1.501542207198984,48,-257.85,2.7656250649717444,28
176,apt_01672,ss,51,mcts,-257.79,5.091164601542572,47,-257.79,6.4653412902955205,29
177,apt_01225,ss,50,mcts,-257.62,2.4574920142291643,40,-257.62,5.1118750962831685,21
178,apt_01764,ss,52,mcts,-257.59,2.792044770414676,48,-257.59,2.792044770414676,30
179,apt_02117,ss,50,mcts,-257.59,1.769920054691745,50,-257.59,4.45931799718298,30
180,apt_02485,ss,50,mcts,-257.53,2.5339396204329754,34,-257.53,2.6012864125274655,17
181,apt_00823,ss,50,mcts,-257.45,2.6939283583644236,54,-257.45,2.6939283583644236,32
182,apt_02191,ss,50,mcts,-257.43,3.1992763244208833,46,-257.43,6.801831591564139,20
183,apt_00423,ss,51,mcts,-257.36,2.3415795950597116,40,-257.36,4.536027557235522,30
184,apt_02319,ss,51,mcts,-257.35,2.639608304275468,37,-257.35,6.912899102402706,25
185,apt_01696,ss,50,mcts,-257.13,2.5491914404375473,45,-257.13,3.0204173552673046,32
186,apt_02291,ss,50,mcts,-257.11,2.2589785302211274,47,-257.11,2.2589785302211274,27
187,apt_02129,ss,50,mcts,-257.08,2.641034835059935,45,-257.08,5.899005424645754,30
188,apt_01128,ss,50,mcts,-257.07,2.6784006421743434,41,-257.07,4.956292465139632,21
189,apt_01278,ss,50,mcts,-256.88,2.5957898605241536,50,-256.88,3.0931779774206385,29
190,apt_00746,ss,50,mcts,-256.84,2.882043892795528,41,-256.84,4.556112048666041,22
191,apt_02643,ss,50,mcts,-270.42,6.242656005259312,49,-256.81,3.0352307984731586,33
192,apt_01085,ss,53,mcts,-256.67,2.4030368286815733,45,-256.67,3.8990636055340198,27
193,apt_01155,ss,50,mcts,-256.61,2.0446623193084843,46,-256.61,2.321262587472613,30
194,apt_00430,ss,50,mcts,-256.57,2.757369942535827,48,-256.57,2.757369942535827,24
195,apt_01860,ss,53,mcts,-256.57,2.3479229118521037,36,-256.57,4.028842761885857,16
196,apt_00247,ss,54,mcts,-256.56,2.1181890850441003,51,-256.56,2.1181890850441003,24
197,apt_00056,ss,55,mcts,-256.51,2.9477783159525437,51,-256.51,6.435133409650485,24
198,apt_02544,ss,50,mcts,-256.4,2.687710735923805,62,-256.4,2.687710735923805,42
199,apt_01473,ss,50,mcts,-256.89,5.832824701634709,37,-256.16,3.354219581363162,18
200,apt_01093,ss,51,mcts,-255.96,2.440057581287779,49,-255.96,2.440057581287779,32
201,apt_02745,ss,54,mcts,-255.71,2.3257949178721757,38,-255.71,5.074405778019726,20
202,apt_00495,ss,50,mcts,-255.64,3.527580757403006,57,-255.64,3.527580757403006,27
203,apt_01853,ss,55,mcts,-255.64,3.1488448675665217,49,-255.64,3.405143315632982,34
204,apt_02056,ss,55,mcts,-255.58,2.4736230513156325,51,-255.58,2.8101439464910016,38
205,apt_00207,ss,50,mcts,-255.54,2.8543027169520863,53,-255.54,6.922906614999223,27
206,apt_00642,ss,50,mcts,-255.53,2.4875719085083787,48,-255.53,2.4875719085083787,31
207,apt_00944,ss,52,mcts,-255.49,2.780162585173758,39,-255.49,5.791424177177835,22
208,apt_00909,ss,50,mcts,-277.44,3.744517191841949,48,-255.47,5.18208162807188,23
209,apt_02721,ss,51,mcts,-255.46,2.326340258861532,48,-255.46,3.7707280464122643,24
210,apt_00714,ss,50,mcts,-255.45,2.4535333704679974,46,-255.45,2.4535333704679974,26
211,apt_02689,ss,51,mcts,-255.45,2.644357388856487,47,-255.45,5.68357968185544,35
212,apt_01311,ss,50,mcts,-255.29,2.341277215538568,54,-255.29,2.6885218987391584,37
213,apt_00238,ss,50,mcts,-255.25,2.7755586824998093,49,-255.25,2.7755586824998093,27
214,apt_01647,ss,50,mcts,-255.24,2.709788921668996,35,-255.24,3.548081735247937,24
215,apt_01270,ss,50,mcts,-270.8,3.0068292269432386,57,-255.23,6.866607677740163,39
216,apt_01067,ss,52,mcts,-255.22,3.5492039952642735,53,-255.22,6.102417062115644,32
217,apt_00777,ss,50,mcts,-255.18,2.0589203481436362,47,-255.18,3.9180598515081426,30
218,apt_01527,ss,50,mcts,-255.14,3.0067010160639493,50,-255.14,5.63068423906011,31
219,apt_00390,ss,50,mcts,-255.11,2.572559425941407,48,-255.11,2.572559425941407,26
220,apt_01513,ss,50,mcts,-255.1,2.778901581560604,33,-255.1,6.4223653742215605,20
221,apt_02165,ss,56,mcts,-259.92,4.839577460894712,53,-255.08,5.1841223943884644,38
222,apt_00503,ss,50,mcts,-254.98,2.066271521364045,54,-254.98,3.052287011406358,33
223,apt_01972,ss,50,mcts,-254.96,2.590909685805359,59,-254.96,3.933051995588156,45
224,apt_00209,ss,50,mcts,-254.94,3.005951596416667,46,-254.94,4.7333628637576535,27
225,apt_00265,ss,50,mcts,-254.87,2.451565622209619,55,-254.87,2.451565622209619,41
226,apt_01715,ss,50,mcts,-254.81,2.7433885980662636,55,-254.81,4.225834118845643,40
227,apt_00439,ss,50,mcts,-254.79,3.1446859938633085,36,-254.79,4.623329860609112,21
228,apt_01154,ss,51,mcts,-254.64,2.22442576859736,55,-254.64,2.22442576859736,34
229,apt_01467,ss,50,mcts,-254.58,2.727729642028324,52,-254.58,5.52550423038476,25
230,apt_01612,ss,50,mcts,-271.68,6.180224995904267,28,-254.47,2.747135781136425,14
231,apt_01826,ss,50,mcts,-254.44,2.177542881322903,55,-254.44,5.702054366629631,42
232,apt_00014,ss,50,mcts,-254.43,2.248206396218982,51,-254.43,4.138756576557764,38
233,apt_02644,ss,50,mcts,-266.59,4.625380200588923,52,-254.42,4.128751142900219,35
234,apt_00740,ss,50,mcts,-254.35,2.016254944197303,49,-254.35,6.389096806278654,31
235,apt_00664,ss,54,mcts,-284.59,5.616678555872677,57,-254.34,4.786076159026314,25
236,apt_02568,ss,50,mcts,-254.3,2.5163904704953906,43,-254.3,4.551961555197933,25
237,apt_02136,ss,50,mcts,-254.21,1.7228842096902475,38,-254.21,1.7228842096902475,23
238,apt_01729,ss,50,mcts,-254.03,2.9111267578036015,44,-254.03,5.971408041659866,28
239,apt_02739,ss,50,mcts,-253.96,2.1276684422155796,35,-253.96,6.062393339267921,20
240,apt_01554,ss,50,mcts,-253.95,2.609879307554265,42,-253.95,2.746798136012181,30
241,apt_00197,ss,50,mcts,-253.85,6.167749751732787,49,-253.85,6.300240392239025,28
242,apt_00300,ss,50,mcts,-253.72,2.4190295574878813,42,-253.72,2.4190295574878813,20
243,apt_02071,ss,50,mcts,-253.71,2.9322090648519614,34,-253.71,2.9322090648519614,23
244,apt_01833,ss,50,mcts,-253.7,2.1247084505880083,46,-253.7,3.180607017536121,27
245,apt_00115,ss,50,mcts,-253.66,2.2679034370977984,34,-253.66,4.6677216069513126,16
246,apt_02712,ss,54,mcts,-253.55,2.6551822912937815,54,-253.55,2.7811456272550683,28
247,apt_02743,ss,50,mcts,-253.5,2.476480365357248,56,-253.5,3.240682181269875,39
248,apt_01414,ss,50,mcts,-253.48,3.022514681519365,41,-253.48,6.996713942987799,29
249,apt_01485,ss,50,mcts,-253.43,2.556700021512109,44,-253.43,2.556700021512109,25
250,apt_01878,ss,50,mcts,-253.43,2.644206875416508,34,-253.43,2.644206875416508,15
251,apt_00189,ss,50,mcts,-253.36,3.697546889493079,45,-253.36,3.8915617687504422,28
252,apt_02257,ss,51,mcts,-253.36,2.5343955886956735,45,-253.36,5.985925575882163,27
253,apt_01135,ss,50,mcts,-253.35,3.634048568745331,39,-253.35,6.975618897273558,21
254,apt_00983,ss,50,mcts,-253.33,1.6258388604040666,33,-253.33,1.6258388604040666,15
255,apt_02656,ss,53,mcts,-253.12,2.8776910883553852,55,-253.12,4.019533430635954,38
256,apt_01331,ss,50,mcts,-253.07,3.266141148205327,34,-253.07,6.560988492597736,22
257,apt_01705,ss,61,mcts,-253.02,2.65927076470223,46,-253.02,2.6720789658990256,29
258,apt_00532,ss,50,mcts,-253.0,2.4632720109642885,59,-253.0,4.095661851276305,33
259,apt_02412,ss,50,mcts,-252.95,3.5733932053441655,48,-252.95,5.1309946404181845,36
260,apt_01595,ss,52,mcts,-252.94,2.6390583547924806,33,-252.94,2.6748988765932795,22
261,apt_00843,ss,50,mcts,-252.92,2.437530102378231,47,-252.92,3.155428021679452,28
262,apt_01783,ss,50,mcts,-252.72,3.080679470506483,46,-252.72,5.270478820752435,25
263,apt_00742,ss,50,mcts,-252.69,1.8635785467750123,48,-252.69,5.960454345098189,31
264,apt_00138,ss,50,mcts,-252.68,3.050246055648626,47,-252.68,3.5885924817398775,38
265,apt_01852,ss,50,mcts,-252.6,2.978976502089275,55,-252.6,2.978976502089275,35
266,apt_01329,ss,52,mcts,-252.56,2.4331413851233448,55,-252.56,3.1854076662179316,37
267,apt_01580,ss,50,mcts,-252.28,2.951220933783166,47,-252.28,4.022827985385414,33
268,apt_01625,ss,50,mcts,-252.2,2.9361110333228373,57,-252.2,6.089932758249464,33
269,apt_00893,ss,51,mcts,-252.19,2.669878461653259,51,-252.19,2.95311598146771,33
270,apt_01023,ss,50,mcts,-252.14,4.84445776119475,49,-252.14,5.124769848490778,32
271,apt_02604,ss,54,mcts,-252.03,1.6376660221180528,46,-252.03,3.5153534672917406,33
272,apt_02577,ss,55,mcts,-251.96,3.053047330127716,57,-251.96,6.580106230145539,40
273,apt_01049,ss,55,mcts,-251.92,2.8251037149103144,56,-251.92,4.293963204313706,40
274,apt_01074,ss,54,mcts,-251.92,1.8682711259343476,37,-251.92,1.8682711259343476,18
275,apt_02518,ss,55,mcts,-251.89,2.1431682155164813,51,-251.89,6.50807237206225,31
276,apt_00557,ss,50,mcts,-251.79,2.485732889913958,36,-251.79,2.8495561057821015,27
277,apt_01985,ss,50,mcts,-251.7,2.474586430092916,34,-251.7,2.474586430092916,25
278,apt_01043,ss,50,mcts,-251.67,2.3720583888260323,47,-251.67,2.3720583888260323,29
279,apt_00915,ss,50,mcts,-251.65,2.479759867406529,46,-251.65,5.346688133788973,29
280,apt_01857,ss,50,mcts,-256.65,3.638412565941348,51,-251.51,2.853869303244292,27
281,apt_01179,ss,50,mcts,-251.36,2.2953128327093144,42,-251.36,2.822010985095572,26
282,apt_00926,ss,50,mcts,-251.32,1.6789463958089827,49,-251.32,1.6789463958089827,19
283,apt_00798,ss,50,mcts,-251.25,2.683646027329234,45,-251.25,5.678630204547579,29
284,apt_00040,ss,58,mcts,-251.24,2.8717703598999775,43,-251.24,4.6643693035607905,27
285,apt_01790,ss,50,mcts,-288.65,4.239933254191632,54,-251.2,2.8623258025598726,39
286,apt_00249,ss,55,mcts,-251.16,2.9791242001635325,53,-251.16,2.9791242001635325,36
287,apt_00178,ss,50,mcts,-251.09,2.374783779631319,57,-251.09,4.707035372716052,44
288,apt_00611,ss,50,mcts,-251.02,4.390002505694053,38,-251.02,4.390002505694053,21
289,apt_00466,ss,53,mcts,-250.99,3.062688524809552,40,-250.99,6.8042867370504005,25
290,apt_02444,ss,50,mcts,-250.96,3.6130466368426615,58,-250.96,6.720403336110118,38
291,apt_00202,ss,50,mcts,-250.94,2.950248294635556,38,-250.94,4.6283385787991085,22
292,apt_02243,ss,50,mcts,-250.89,2.323791298718549,52,-250.89,2.752233093326218,30
293,apt_01690,ss,55,mcts,-250.84,2.265683340628162,49,-250.84,5.200384024281271,32
294,apt_02328,ss,50,mcts,-250.82,3.487225974897531,44,-250.82,4.654575705690037,24
295,apt_01133,ss,50,mcts,-250.74,2.8542873015868575,40,-250.74,6.461289345014666,22
296,apt_02295,ss,50,mcts,-250.73,5.020680730737595,27,-250.73,6.326246991700521,19
297,apt_00790,ss,50,mcts,-250.64,2.3216993776111527,38,-250.64,2.8694161427022062,23
298,apt_02399,ss,50,mcts,-250.6,2.0696304017867457,36,-250.6,3.021587993092371,23
299,apt_00441,ss,50,mcts,-250.48,2.7994660205117703,42,-250.48,2.7994660205117703,28
300,apt_00065,ss,52,mcts,-250.33,2.4250874211046463,39,-250.33,3.355073173568651,25
301,apt_00298,ss,50,mcts,-250.27,2.8195386147382457,41,-250.27,2.8195386147382457,20
302,apt_00890,ss,50,mcts,-250.25,2.6453890073106416,36,-250.25,4.8785285691487,23
303,apt_00531,ss,50,mcts,-250.2,2.3715317834682335,44,-250.2,5.097619934832342,27
304,apt_01199,ss,51,mcts,-250.2,2.9781124894805355,44,-250.2,3.239090150026703,28
305,apt_01970,ss,50,mcts,-250.19,2.184756965888885,50,-250.19,3.4018187782420095,25
306,apt_01956,ss,50,mcts,-250.01,2.34935288962727,43,-250.01,5.983438225635826,24
307,apt_00906,ss,50,mcts,-249.97,1.1763876911970865,45,-249.97,2.8501561360739407,29
308,apt_00051,ss,51,mcts,-249.89,2.395192685359578,49,-249.89,2.6373071493476155,27
309,apt_02552,ss,50,mcts,-249.87,2.4507843642393365,38,-249.87,2.4507843642393365,24
310,apt_00759,ss,50,mcts,-249.84,2.8436712186889763,39,-249.84,3.735523925769995,14
311,apt_02508,ss,50,mcts,-249.78,2.2900849329227926,38,-249.78,3.4142130864959386,24
312,apt_02095,ss,50,mcts,-249.76,3.1419104061064407,36,-249.76,3.3403607589600273,22
313,apt_00005,ss,52,mcts,-249.71,2.429009880589211,40,-249.71,2.429009880589211,26
314,apt_01272,ss,51,mcts,-249.68,2.4836847626057557,49,-249.68,5.199828074080919,33
315,apt_01041,ss,52,mcts,-249.57,1.973058792839182,41,-249.57,1.973058792839182,28
316,apt_00644,ss,50,mcts,-249.56,1.8935809990597194,50,-249.56,2.709278317190763,28
317,apt_01952,ss,53,mcts,-249.56,2.5864373180110203,33,-249.56,2.8416011331641857,18
318,apt_01962,ss,52,mcts,-249.51,2.6657025340423766,41,-249.51,2.6657025340423766,22
319,apt_00676,ss,50,mcts,-249.49,3.3092556564883338,41,-249.49,3.3092556564883338,24
320,apt_00958,ss,54,mcts,-249.48,2.341311811784158,63,-249.48,2.341311811784158,41
321,apt_01406,ss,50,mcts,-249.44,2.9864823789870196,30,-249.44,3.324582530183301,16
322,apt_01877,ss,50,mcts,-249.42,2.062761256180658,52,-249.42,2.062761256180658,31
323,apt_00229,ss,54,mcts,-249.37,2.4329950678125,47,-249.37,3.8366322471667837,27
324,apt_02500,ss,50,mcts,-249.37,2.0304115346402045,41,-249.37,3.9968881645600134,26
325,apt_02382,ss,53,mcts,-249.29,3.5688980091899514,45,-249.29,5.481598671920445,31
326,apt_01963,ss,53,mcts,-249.2,2.7762838471597155,58,-249.2,3.769153883831228,37
327,apt_00255,ss,60,mcts,-249.04,2.7616938642796804,63,-249.04,2.7616938642796804,39
328,apt_00505,ss,53,mcts,-249.03,2.2477586614225324,48,-249.03,5.241347345864422,26
329,apt_00616,ss,50,mcts,-248.92,4.412589829113964,41,-248.92,6.691097443618647,24
330,apt_00787,ss,50,mcts,-270.36,5.57764771207363,42,-248.91,3.685552061767687,21
331,apt_01386,ss,52,mcts,-248.75,2.312296261295245,48,-248.75,2.312296261295245,30
332,apt_00772,ss,50,mcts,-262.24,4.5671840339535485,44,-248.63,5.373778651935718,22
333,apt_00948,ss,50,mcts,-248.56,2.971257141346056,46,-248.56,3.222337971101106,22
334,apt_00050,ss,54,mcts,-248.44,3.718003362021057,41,-248.44,4.230843178374739,20
335,apt_00693,ss,50,mcts,-248.44,2.5834513736472875,39,-248.44,3.196035982275533,22
336,apt_01033,ss,50,mcts,-248.43,2.7903707638950292,50,-248.43,6.632882782018702,33
337,apt_00628,ss,50,mcts,-257.53,2.8889079251509675,43,-248.41,3.042359281873199,26
338,apt_01930,ss,54,mcts,-248.34,2.008949476716627,42,-248.34,2.008949476716627,24
339,apt_00569,ss,50,mcts,-248.33,3.0192550405687815,34,-248.33,6.581047105134567,17
340,apt_02659,ss,60,mcts,-248.23,2.5397499876956324,46,-248.23,4.779761604933869,28
341,apt_00792,ss,50,mcts,-248.22,2.65179844633787,44,-248.22,6.932736039977294,19
342,apt_00090,ss,50,mcts,-248.19,4.050626618191307,34,-248.19,4.050626618191307,22
343,apt_01141,ss,50,mcts,-248.18,3.558815954780479,38,-248.18,5.967024886825943,26
344,apt_00735,ss,50,mcts,-248.14,3.223103628492269,51,-248.14,4.972103780091485,35
345,apt_01687,ss,60,mcts,-270.18,6.456584933229009,46,-248.14,4.789213922973153,22
346,apt_01601,ss,51,mcts,-248.08,2.8827061938393803,32,-248.08,3.3036050006016184,16
347,apt_00955,ss,50,mcts,-248.0,2.582798095089894,47,-248.0,4.8130697065386405,24
348,apt_02574,ss,50,mcts,-256.83,3.98412085660061,37,-247.97,2.8637124506486424,17
349,apt_00649,ss,50,mcts,-247.96,3.666884235969289,43,-247.96,5.542863880702823,24
350,apt_01479,ss,50,mcts,-247.95,1.2081758977897146,47,-247.95,1.2081758977897146,26
351,apt_01716,ss,50,mcts,-247.93,5.528316470680744,31,-247.93,6.005919829634774,14
352,apt_00946,ss,50,mcts,-252.79,5.61870047252922,39,-247.89,2.9083772107482972,19
353,apt_01274,ss,56,mcts,-275.52,4.366413745855984,49,-247.85,2.5706796766614253,29
354,apt_02733,ss,50,mcts,-247.8,2.8598087348632255,52,-247.8,3.797170788890068,31
355,apt_02646,ss,50,mcts,-247.78,3.0637287738963033,41,-247.78,5.889203171907043,23
356,apt_00613,ss,54,mcts,-249.49,3.7992237365019714,47,-247.77,6.937968794971625,30
357,apt_02099,ss,50,mcts,-247.7,1.9902617918253664,30,-247.7,1.9902617918253664,17
358,apt_00337,ss,50,mcts,-247.6,2.1322115279680967,36,-247.6,2.2351702396014526,26
359,apt_02271,ss,50,mcts,-247.47,4.312387853614284,45,-247.47,6.5669049787552245,24
360,apt_01493,ss,50,mcts,-247.4,1.4181660692598876,53,-247.4,2.4587366674778397,37
361,apt_00351,ss,51,mcts,-247.36,2.51760421829962,40,-247.36,2.6301399202323923,28
362,apt_01185,ss,52,mcts,-247.36,2.1660754834492786,35,-247.36,3.179784426655381,22
363,apt_02565,ss,50,mcts,-247.31,2.7518115851198814,56,-247.31,2.7518115851198814,37
364,apt_02490,ss,50,mcts,-247.3,2.8765322873209613,58,-247.3,2.8765322873209613,40
365,apt_00063,ss,52,mcts,-247.25,2.4050268189772903,56,-247.25,2.4050268189772903,36
366,apt_01870,ss,55,mcts,-247.25,3.6634198503584043,44,-247.25,5.846865485026996,24
367,apt_02475,ss,50,mcts,-247.24,1.758195666016707,58,-247.24,4.117348782894164,41
368,apt_00424,ss,50,mcts,-277.68,4.480689009516291,47,-247.23,4.800163851370089,28
369,apt_00437,ss,50,mcts,-247.2,2.580843466775946,46,-247.2,3.5262049004560003,26
370,apt_01451,ss,50,mcts,-247.2,2.024186256252128,42,-247.2,2.024186256252128,25
371,apt_02051,ss,54,mcts,-247.19,2.629411721279118,46,-247.19,3.6875696603589865,24
372,apt_02769,ss,57,mcts,-247.16,2.346653787843455,48,-247.16,2.346653787843455,30
373,apt_02216,ss,50,mcts,-247.12,2.3715650950374423,54,-247.12,2.3715650950374423,33
374,apt_00812,ss,50,mcts,-247.1,2.7183967701569975,68,-247.1,2.7183967701569975,54
375,apt_00783,ss,50,mcts,-247.06,2.5676411353614204,60,-247.06,3.0546530081172762,38
376,apt_01906,ss,50,mcts,-247.02,3.4400797955861693,43,-247.02,3.8167989205615798,22
377,apt_00806,ss,50,mcts,-246.91,2.979155585060985,41,-246.91,6.914404818926936,21
378,apt_01075,ss,50,mcts,-254.04,2.408624711323893,54,-246.9,6.776079323620697,31
379,apt_01367,ss,50,mcts,-257.55,4.867879004248168,39,-246.79,6.813346167633062,20
380,apt_01953,ss,56,mcts,-246.79,1.7327406037834958,44,-246.79,1.7327406037834958,31
381,apt_02437,ss,51,mcts,-246.75,2.465171393635741,50,-246.75,2.5021256962830662,34
382,apt_01006,ss,50,mcts,-246.7,2.3990633588965413,35,-246.7,3.524395409144657,21
383,apt_02650,ss,50,mcts,-246.68,2.069015708011889,39,-246.68,6.179804527652954,22
384,apt_01455,ss,53,mcts,-247.67,6.148695634034891,47,-246.66,5.880044642687662,27
385,apt_00516,ss,50,mcts,-247.71,2.985737094923147,59,-246.52,6.924924909340174,37
386,apt_00278,ss,50,mcts,-246.51,2.090078706651969,58,-246.51,3.021751809795099,48
387,apt_01979,ss,51,mcts,-246.49,2.835830389850572,44,-246.49,5.908825517816566,27
388,apt_01028,ss,50,mcts,-246.47,3.205352554712203,48,-246.47,3.205352554712203,27
389,apt_01228,ss,50,mcts,-246.46,2.816125352323664,41,-246.46,5.16051421856389,23
390,apt_01639,ss,50,mcts,-246.37,2.6726528019927867,55,-246.37,6.053363114831306,37
391,apt_01248,ss,53,mcts,-246.32,3.372883336256993,56,-246.32,3.372883336256993,37
392,apt_01381,ss,56,mcts,-250.74,3.101072395156211,52,-246.27,6.977855902782743,24
393,apt_00824,ss,50,mcts,-246.13,2.467545136365302,56,-246.13,4.10342369247925,41
394,apt_00556,ss,53,mcts,-246.09,4.0106970715824355,35,-246.09,4.608386051536924,18
395,apt_00419,ss,51,mcts,-246.01,2.6594262539126845,38,-246.01,3.1350933000470755,22
396,apt_01152,ss,50,mcts,-246.01,2.399596841138112,46,-246.01,3.0039525628744475,25
397,apt_01572,ss,50,mcts,-246.0,2.478413605514632,48,-246.0,2.7853698138667373,32
398,apt_01759,ss,50,mcts,-245.96,3.2882872441439823,25,-245.96,4.346975730321033,12
399,apt_02580,ss,50,mcts,-245.96,2.362957680535132,40,-245.96,2.691060757396626,14
400,apt_02235,ss,50,mcts,-245.95,2.619537936354429,46,-245.95,2.619537936354429,28
401,apt_01874,ss,54,mcts,-245.91,2.1435909124644072,56,-245.91,2.1435909124644072,33
402,apt_02686,ss,50,mcts,-254.01,4.1565693787064415,51,-245.91,2.4213487976745443,35
403,apt_01522,ss,50,mcts,-245.89,2.090363843927674,49,-245.89,3.674110640685723,29
404,apt_02081,ss,50,mcts,-279.73,2.7096924179692277,50,-245.89,1.9719333153025314,22
405,apt_00732,ss,50,mcts,-245.86,1.7673262290816614,43,-245.86,3.926363712138747,26
406,apt_02778,ss,50,mcts,-245.86,3.724405187409124,52,-245.86,6.206435611524543,30
407,apt_01117,ss,50,mcts,-245.85,2.4038735407670537,34,-245.85,5.5396380748204175,21
408,apt_00326,ss,50,mcts,-245.8,3.227979863629883,34,-245.8,5.347238072126589,18
409,apt_00231,ss,54,mcts,-245.77,2.6897964607010603,60,-245.77,2.6897964607010603,44
410,apt_02673,ss,50,mcts,-245.74,5.453425437282519,53,-245.74,6.665181917997428,31
411,apt_02711,ss,54,mcts,-245.7,3.0038909767167037,40,-245.7,6.664542820028997,21
412,apt_01005,ss,50,mcts,-245.69,1.1436096361958519,41,-245.69,2.749165146003423,27
413,apt_01526,ss,50,mcts,-245.67,2.1129195441379296,55,-245.67,2.951030159113922,37
414,apt_02124,ss,50,mcts,-245.64,2.3270066609272946,45,-245.64,4.015261261736279,36
415,apt_02206,ss,50,mcts,-245.56,2.0986021538157256,44,-245.56,3.759449693771681,26
416,apt_01308,ss,50,mcts,-245.52,3.1330057452867837,58,-245.52,6.389042886066733,37
417,apt_01226,ss,50,mcts,-245.51,2.3878345838855584,45,-245.51,2.5069890306900073,28
418,apt_02730,ss,53,mcts,-245.47,1.8714609266559643,41,-245.47,5.446962639857195,28
419,apt_00026,ss,50,mcts,-245.4,3.127668300827309,50,-245.4,4.252854218051682,30
420,apt_01887,ss,50,mcts,-245.37,1.6520547811740467,52,-245.37,2.941574068419829,36
421,apt_01160,ss,50,mcts,-245.19,2.279756346630038,37,-245.19,2.528467915556765,24
422,apt_01409,ss,50,mcts,-245.17,2.2890640008527594,36,-245.17,4.671838289153414,27
423,apt_02215,ss,50,mcts,-245.15,2.5113583973618705,47,-245.15,4.215155157286611,31
424,apt_00879,ss,50,mcts,-245.09,2.9565679427336087,27,-245.09,2.9565679427336087,13
425,apt_00021,ss,53,mcts,-245.08,2.907915060657724,50,-245.08,3.179385632476835,41
426,apt_00433,ss,50,mcts,-245.08,2.8583785613525734,46,-245.08,3.3552032725306082,28
427,apt_01921,ss,54,mcts,-245.06,2.8307179301371614,48,-245.06,2.8523698918618394,31
428,apt_01290,ss,50,mcts,-245.05,2.303422887791116,54,-245.05,2.303422887791116,41
429,apt_00113,ss,50,mcts,-245.0,2.5605677104892295,42,-245.0,6.217078815649686,34
430,apt_00867,ss,50,mcts,-245.0,1.6959941037633546,46,-245.0,4.9554299510738895,22
431,apt_00608,ss,51,mcts,-244.98,1.3859473294465456,44,-244.98,3.4070061637748705,27
432,apt_00691,ss,50,mcts,-244.98,3.5967381055617706,44,-244.98,6.533895469013866,29
433,apt_01310,ss,50,mcts,-244.92,2.296651910934706,45,-244.92,2.296651910934706,26
434,apt_00133,ss,52,mcts,-244.91,2.5162005087035366,29,-244.91,2.5409732387414126,21
435,apt_02652,ss,50,mcts,-244.83,2.913534279873837,46,-244.83,4.680342508834147,29
436,apt_00883,ss,50,mcts,-244.82,3.0259429935145796,49,-244.82,5.310075423193168,35
437,apt_01417,ss,50,mcts,-244.82,1.9857001284181912,49,-244.82,3.2998899981666088,34
438,apt_01262,ss,51,mcts,-244.69,2.791447832218983,54,-244.69,5.665614618026887,24
439,apt_02734,ss,50,mcts,-244.65,3.1563298306735996,51,-244.65,4.7584882053021875,32
440,apt_00496,ss,50,mcts,-244.59,3.0130524389728035,45,-244.59,3.0130524389728035,23
441,apt_02226,ss,53,mcts,-244.57,2.470273061829399,43,-244.57,2.470273061829399,20
442,apt_00888,ss,52,mcts,-274.68,6.341024049788798,57,-244.56,2.502395851978646,35
443,apt_00143,ss,51,mcts,-244.47,6.126569921252845,46,-244.47,6.126569921252845,32
444,apt_00540,ss,53,mcts,-244.4,2.3599182189219965,33,-244.4,3.554850489120462,21
445,apt_02024,ss,55,mcts,-244.37,2.9743538794165065,48,-244.37,2.9743538794165065,32
446,apt_00279,ss,54,mcts,-244.28,2.80522708528203,33,-244.28,2.80522708528203,17
447,apt_00891,ss,50,mcts,-244.28,2.53131487571185,43,-244.28,3.503829904547313,24
448,apt_01558,ss,50,mcts,-244.27,2.5838804151895296,41,-244.27,4.175342500921339,27
449,apt_01996,ss,50,mcts,-244.19,1.644764420821396,42,-244.19,5.108367449586997,25
450,apt_02010,ss,50,mcts,-250.62,3.0190713804081972,47,-244.17,6.130111010414094,25
451,apt_00813,ss,50,mcts,-255.44,6.377332514460876,55,-244.1,2.561872947669348,29
452,apt_02138,ss,56,mcts,-244.05,3.0603707291764475,41,-244.05,5.447734758594634,23
453,apt_00059,ss,50,mcts,-244.02,2.4851981812322324,46,-244.02,6.1371965912784665,29
454,apt_02688,ss,51,mcts,-244.01,1.77280173736376,45,-244.01,3.5912233291734927,29
455,apt_01229,ss,50,mcts,-243.96,3.933467427092799,45,-243.96,5.0138971868198645,30
456,apt_01903,ss,50,mcts,-243.93,4.437200130713086,34,-243.93,6.600378473996758,23
457,apt_00101,ss,50,mcts,-243.89,2.4163445532456773,31,-243.89,2.814480413859724,17
458,apt_01411,ss,59,mcts,-243.82,3.1644378647715654,51,-243.82,5.050604221278867,30
459,apt_00776,ss,50,mcts,-243.74,2.478824519807719,38,-243.74,6.705780416923914,20
460,apt_01637,ss,50,mcts,-243.68,2.7792864192090714,34,-243.68,6.245308158930191,21
461,apt_00152,ss,56,mcts,-243.66,2.4188265750152556,45,-243.66,2.4635594167789003,26
462,apt_01326,ss,50,mcts,-243.63,2.860114158560804,33,-243.63,4.782966966225042,22
463,apt_00286,ss,53,mcts,-243.59,3.1611811083833756,52,-243.59,6.583248514221523,35
464,apt_02228,ss,51,mcts,-243.59,2.171532408231577,40,-243.59,3.2534530886428907,28
465,apt_01638,ss,50,mcts,-243.51,2.495132461413622,25,-243.51,2.495132461413622,13
466,apt_02661,ss,50,mcts,-243.51,3.0212470935029545,41,-243.51,3.0212470935029545,26
467,apt_01404,ss,50,mcts,-243.46,2.5901494165395005,39,-243.46,2.708754695427397,19
468,apt_01583,ss,50,mcts,-243.46,2.1445619599349404,32,-243.46,4.2646063124279125,17
469,apt_01531,ss,50,mcts,-243.41,3.1661759268872043,44,-243.41,5.3676774306957,27
470,apt_00650,ss,50,mcts,-243.39,2.1790642487086,35,-243.39,2.1790642487086,25
471,apt_01374,ss,50,mcts,-243.36,2.813207066676771,47,-243.36,6.545841733497705,24
472,apt_02053,ss,50,mcts,-243.33,3.627369432522694,39,-243.33,6.818326114230679,25
473,apt_00162,ss,56,mcts,-243.31,3.1553082258314906,39,-243.31,4.60141087059175,18
474,apt_01214,ss,50,mcts,-243.22,2.6808155475526494,44,-243.22,2.9951676079979235,28
475,apt_01910,ss,50,mcts,-243.14,2.57003521376654,52,-243.14,2.57003521376654,34
476,apt_01168,ss,51,mcts,-243.08,1.9429114750806125,45,-243.08,4.193799709094364,26
477,apt_00897,ss,53,mcts,-243.05,2.0964918316082217,50,-243.05,2.0964918316082217,26
478,apt_01774,ss,50,mcts,-243.04,4.157605801419851,48,-243.04,6.370174408915343,34
479,apt_02595,ss,50,mcts,-243.04,2.299008699418101,41,-243.04,6.9606152026958,28
480,apt_01142,ss,50,mcts,-243.02,2.294216641906329,54,-243.02,2.9665752982184808,24
481,apt_01192,ss,50,mcts,-243.0,2.5267310897679542,37,-243.0,4.130762762493159,20
482,apt_02290,ss,53,mcts,-243.0,2.5444916977659866,43,-243.0,4.738081784857659,23
483,apt_01151,ss,50,mcts,-242.95,2.5302444545932494,45,-242.95,5.6747254559141345,30
484,apt_00067,ss,53,mcts,-242.94,2.6141574168362527,48,-242.94,4.429980699732231,33
485,apt_00058,ss,50,mcts,-242.92,2.405707380376942,34,-242.92,6.462600946987213,10
486,apt_01811,ss,50,mcts,-242.88,2.5941035060305464,33,-242.88,2.5941035060305464,22
487,apt_01321,ss,50,mcts,-242.85,3.695105275902164,63,-242.85,5.1941500748438125,42
488,apt_01189,ss,50,mcts,-242.81,2.757504306433644,28,-242.81,5.004115706096341,15
489,apt_02744,ss,50,mcts,-242.78,5.781190015905027,41,-242.78,5.969309759092757,17
490,apt_02729,ss,50,mcts,-242.77,2.8613222467943102,39,-242.77,6.079967845309718,17
491,apt_00020,ss,54,mcts,-242.76,2.317283754743891,43,-242.76,2.317283754743891,34
492,apt_00886,ss,50,mcts,-242.76,3.0480226377112207,44,-242.76,3.6835975621666464,34
493,apt_01265,ss,52,mcts,-244.4,6.580683475141453,51,-242.76,5.646553993366216,29
494,apt_00019,ss,61,mcts,-242.6,4.768161175967113,39,-242.6,4.818694636517229,23
495,apt_01856,ss,50,mcts,-242.57,2.90088727805821,51,-242.57,2.90088727805821,27
496,apt_01897,ss,50,mcts,-242.51,3.0328313504051003,43,-242.51,6.559105198119635,31
497,apt_02254,ss,50,mcts,-242.75,4.513022712107712,44,-242.5,6.718150787233051,31
498,apt_02115,ss,50,mcts,-242.49,4.0346708663780815,50,-242.49,6.140972561410757,26
499,apt_01986,ss,55,mcts,-242.48,2.13715535233171,50,-242.48,2.999724820712723,32
500,apt_00545,ss,56,mcts,-242.44,2.346410450027871,49,-242.44,2.346410450027871,27
501,apt_02431,ss,50,mcts,-242.42,2.781179965410392,48,-242.42,5.083417157778803,29
502,apt_00243,ss,61,mcts,-242.38,2.704592760472451,48,-242.38,2.962008946644152,32
503,apt_00726,ss,54,mcts,-242.36,3.623338791777542,36,-242.36,4.917087450920511,17
504,apt_01755,ss,55,mcts,-256.22,3.6930013539125843,40,-242.36,5.393565889094162,25
505,apt_01045,ss,55,mcts,-242.33,2.5925850034280615,55,-242.33,5.121784259415856,30
506,apt_01991,ss,53,mcts,-251.31,5.325440263489969,41,-242.33,2.7799920863196723,25
507,apt_02294,ss,52,mcts,-242.33,2.5657010737808,44,-242.33,5.842922641966089,23
508,apt_02347,ss,54,mcts,-242.31,1.273133143076549,54,-242.31,1.273133143076549,36
509,apt_00985,ss,50,mcts,-242.21,2.128217329127831,43,-242.21,2.128217329127831,32
510,apt_02384,ss,50,mcts,-242.21,2.289466531749272,36,-242.21,2.8547914109440713,22
511,apt_00751,ss,51,mcts,-242.2,2.8704407327098656,56,-242.2,4.995918133836861,37
512,apt_02022,ss,60,mcts,-242.19,2.3218098544023844,46,-242.19,2.8165180631410833,25
513,apt_00707,ss,50,mcts,-242.16,2.2911756807368415,59,-242.16,2.2911756807368415,34
514,apt_02482,ss,50,mcts,-242.14,3.060608762975105,41,-242.14,4.995229924638109,31
515,apt_00788,ss,50,mcts,-245.03,6.459757425786191,43,-242.13,4.419257177399839,17
516,apt_01538,ss,51,mcts,-242.13,2.5375354184720487,55,-242.13,3.1203823483669426,33
517,apt_01084,ss,50,mcts,-242.09,3.3863480329109623,36,-242.09,5.882339415572686,17
518,apt_01909,ss,50,mcts,-242.03,3.9245147470738453,51,-242.03,6.388028647399755,38
519,apt_00080,ss,50,mcts,-242.02,1.3775100725584652,30,-242.02,1.3775100725584652,18
520,apt_02732,ss,50,mcts,-242.02,3.0627120334762314,53,-242.02,5.751594387645918,32
521,apt_01890,ss,50,mcts,-242.0,2.4749159581690905,40,-242.0,4.8962493809037175,31
522,apt_02542,ss,53,mcts,-242.0,2.752490871919447,42,-242.0,3.308733141249092,29
523,apt_01242,ss,50,mcts,-241.98,3.251935577467664,45,-241.98,3.251935577467664,30
524,apt_02655,ss,50,mcts,-241.97,2.559272943630668,40,-241.97,2.559272943630668,26
525,apt_00347,ss,50,mcts,-241.95,2.8434602160044196,33,-241.95,2.8434602160044196,14
526,apt_01271,ss,50,mcts,-241.89,2.845104216017428,37,-241.89,3.3193110730993713,21
527,apt_02283,ss,50,mcts,-241.89,2.6221382495970773,44,-241.89,5.583920576082724,19
528,apt_00410,ss,54,mcts,-241.77,1.2472465674436564,49,-241.77,1.2472465674436564,26
529,apt_01176,ss,50,mcts,-241.71,2.8180594386918143,40,-241.71,3.247875613381759,16
530,apt_00230,ss,50,mcts,-241.7,2.2351127488339424,46,-241.7,3.9027017564758957,26
531,apt_00034,ss,50,mcts,-241.67,2.8211575638379327,33,-241.67,3.9055409356451465,20
532,apt_00091,ss,50,mcts,-252.94,5.6561023682390985,36,-241.62,6.72288368187344,19
533,apt_00561,ss,50,mcts,-241.62,2.2199515760484423,52,-241.62,3.172028215511331,24
534,apt_01831,ss,53,mcts,-241.6,2.911454275787287,41,-241.6,3.17712369919713,28
535,apt_00364,ss,50,mcts,-241.47,1.9706136100210259,62,-241.47,3.109923471727233,42
536,apt_00974,ss,50,mcts,-241.46,2.719004597274528,44,-241.46,3.7047609909412524,23
537,apt_00248,ss,50,mcts,-256.2,3.844866317572063,57,-241.45,3.6169346137302565,37
538,apt_01104,ss,53,mcts,-266.85,4.559098156434009,52,-241.39,5.739298737650798,34
539,apt_02443,ss,50,mcts,-241.36,2.9102620156954973,43,-241.36,4.9031775411461505,24
540,apt_00963,ss,50,mcts,-241.35,2.71560011783767,44,-241.35,5.499396876021958,29
541,apt_01293,ss,50,mcts,-241.29,2.719157590137068,47,-241.29,3.060435753287431,36
542,apt_00990,ss,51,mcts,-241.26,2.876270328046377,33,-241.26,5.041275037130996,17
543,apt_00104,ss,50,mcts,-241.19,3.5113884718156747,42,-241.19,6.933952552476838,21
544,apt_01298,ss,50,mcts,-241.18,2.049147383669613,34,-241.18,5.738921240093821,17
545,apt_00760,ss,50,mcts,-241.15,3.427184996465769,36,-241.15,5.869868567523465,21
546,apt_02724,ss,50,mcts,-241.12,2.636564620865594,37,-241.12,6.569216315512829,24
547,apt_02106,ss,50,mcts,-241.1,3.4685352816426733,38,-241.1,6.6496172822200705,24
548,apt_00134,ss,50,mcts,-241.08,1.9256012048189037,56,-241.08,4.087411895074918,32
549,apt_00789,ss,50,mcts,-241.06,3.0471457136146203,44,-241.06,3.0471457136146203,27
550,apt_02413,ss,56,mcts,-267.02,6.4248128377408715,56,-240.98,4.252058089913638,34
551,apt_01190,ss,50,mcts,-240.91,2.7276880320153953,48,-240.91,6.345942955936495,25
552,apt_01502,ss,52,mcts,-240.87,2.402699731551987,43,-240.87,2.402699731551987,20
553,apt_01788,ss,50,mcts,-240.84,3.299604521757124,36,-240.84,3.508250276134808,25
554,apt_02041,ss,50,mcts,-240.82,1.8528434904222282,52,-240.82,5.255286195822262,35
555,apt_01732,ss,50,mcts,-240.75,1.9010552332849249,38,-240.75,2.3663495092652784,22
556,apt_01726,ss,51,mcts,-240.72,2.46977205425925,39,-240.72,2.46977205425925,30
557,apt_01294,ss,50,mcts,-240.7,2.8819526366684185,59,-240.7,6.976105575462572,36
558,apt_01539,ss,51,mcts,-240.68,3.7073307109024083,44,-240.68,6.951488042138908,29
559,apt_02238,ss,51,mcts,-281.24,5.568510932017643,42,-240.65,1.7955152463847357,28
560,apt_02314,ss,50,mcts,-240.62,2.968046327131714,43,-240.62,4.268751808198729,28
561,apt_02396,ss,50,mcts,-240.62,2.5092184042047916,37,-240.62,2.5092184042047916,20
562,apt_00276,ss,50,mcts,-240.61,2.43848313506572,45,-240.61,2.8711548199287216,33
563,apt_01995,ss,50,mcts,-240.6,2.293806007490604,56,-240.6,6.100039426102103,37
564,apt_01121,ss,50,mcts,-240.59,2.635223899405899,27,-240.59,3.8463326689198345,19
565,apt_01454,ss,50,mcts,-240.59,2.8462023821225224,47,-240.59,2.9257764781336286,32
566,apt_00705,ss,50,mcts,-240.58,2.080357180870635,45,-240.58,2.080357180870635,28
567,apt_01004,ss,50,mcts,-252.27,4.737734268614066,36,-240.57,5.250338750975982,25
568,apt_01113,ss,50,mcts,-240.57,1.2941796629525606,29,-240.57,1.331081890794101,17
569,apt_02031,ss,50,mcts,-240.53,2.8910838797931957,52,-240.53,3.1932845159803733,31
570,apt_01412,ss,53,mcts,-240.51,2.14443582324118,42,-240.51,2.14443582324118,24
571,apt_02001,ss,50,mcts,-240.48,2.36104574288597,43,-240.48,2.7658210354251214,24
572,apt_00060,ss,54,mcts,-240.45,2.4419293601576646,52,-240.45,4.81860187191265,32
573,apt_00863,ss,50,mcts,-240.43,3.068717484552813,38,-240.43,6.6918483246409615,20
574,apt_00973,ss,51,mcts,-240.43,2.950276088775416,41,-240.43,3.237850212718314,23
575,apt_02185,ss,50,mcts,-240.41,4.548083222633477,40,-240.41,6.501757531621751,23
576,apt_00081,ss,50,mcts,-265.3,3.6906932953037104,55,-240.39,3.76893844470827,34
577,apt_01725,ss,54,mcts,-240.39,2.6946964578594064,46,-240.39,3.298145691142216,31
578,apt_00756,ss,50,mcts,-243.1,5.769266677836958,44,-240.37,6.6624410691577465,17
579,apt_00651,ss,50,mcts,-240.31,2.8853996257017904,53,-240.31,5.160260555437102,35
580,apt_00151,ss,50,mcts,-240.28,2.797204676100775,35,-240.28,6.386243183593946,22
581,apt_01782,ss,50,mcts,-240.26,1.7529147155523779,33,-240.26,5.069125171072428,18
582,apt_00068,ss,53,mcts,-240.24,3.7806249483385783,43,-240.24,3.8725321173619833,27
583,apt_00015,ss,56,mcts,-240.21,2.0353088217762,50,-240.21,2.0353088217762,38
584,apt_01124,ss,50,mcts,-240.21,2.471564079687208,38,-240.21,2.471564079687208,25
585,apt_00553,ss,50,mcts,-240.2,2.799701948422366,39,-240.2,2.799701948422366,28
586,apt_01723,ss,53,mcts,-240.2,2.3493637436548664,55,-240.2,2.3493637436548664,32
587,apt_02388,ss,50,mcts,-247.32,3.912393896324873,58,-240.16,4.361861299949827,33
588,apt_00072,ss,50,mcts,-240.15,2.583937499244125,39,-240.15,2.583937499244125,15
589,apt_01724,ss,50,mcts,-240.15,1.999052025335985,42,-240.15,5.811288841556572,22
590,apt_00587,ss,53,mcts,-262.18,2.9682619493569073,55,-240.12,3.612101604329529,29
591,apt_00931,ss,50,mcts,-240.05,2.448959166666525,31,-240.05,3.168692474823019,18
592,apt_02792,ss,53,mcts,-240.04,3.4692156173982402,49,-240.04,5.140538687725252,30
593,apt_02188,ss,51,mcts,-240.03,2.717982339898473,51,-240.03,2.717982339898473,35
594,apt_01919,ss,50,mcts,-240.02,2.9064440472852735,44,-240.02,3.4536244729269447,25
595,apt_02090,ss,51,mcts,-240.02,2.7411681816335336,34,-240.02,2.771902776072795,20
596,apt_01756,ss,53,mcts,-240.01,2.2626139750297534,46,-240.01,6.684103305605016,22
597,apt_02601,ss,53,mcts,-240.01,2.7474986806184254,52,-240.01,6.147489650255631,32
598,apt_00767,ss,50,mcts,-239.95,1.961037990453019,34,-239.95,1.961037990453019,11
599,apt_01383,ss,50,mcts,-255.34,6.601982353808576,59,-239.92,3.592353128521756,37
600,apt_01928,ss,54,mcts,-239.92,2.5863282854270584,48,-239.92,2.5863282854270584,33
601,apt_00826,ss,50,mcts,-239.82,2.3973141220958083,40,-239.82,2.4586437318163816,26
602,apt_01916,ss,50,mcts,-239.8,2.7400974435227554,48,-239.8,2.7400974435227554,28
603,apt_02474,ss,50,mcts,-239.78,3.6669314146844965,47,-239.78,5.236874735947009,27
604,apt_01442,ss,50,mcts,-239.77,3.769887133589013,33,-239.77,6.577094267227745,21
605,apt_00817,ss,50,mcts,-239.72,5.205122188767523,43,-239.72,6.220967448878034,20
606,apt_01312,ss,50,mcts,-279.41,5.957645675936079,41,-239.7,4.7925852105100795,23
607,apt_00784,ss,50,mcts,-239.66,3.194373804049867,45,-239.66,3.194373804049867,30
608,apt_00432,ss,50,mcts,-240.4,3.4277858742926335,51,-239.62,5.056356988979309,33
609,apt_01820,ss,50,mcts,-251.09,6.966738476503901,67,-239.6,1.633239112928666,40
610,apt_02713,ss,53,mcts,-239.52,2.479091970863539,42,-239.52,3.901569684114329,27
611,apt_01915,ss,50,mcts,-239.5,2.3168953364362403,49,-239.5,5.034285649424355,28
612,apt_01855,ss,61,mcts,-239.49,3.090959883272517,43,-239.49,3.9264266197141566,25
613,apt_02107,ss,50,mcts,-254.21,3.56898753149964,58,-239.48,4.852634233073838,30
614,apt_00585,ss,50,mcts,-239.44,2.971629855819869,45,-239.44,3.7358632201942314,25
615,apt_02279,ss,51,mcts,-239.9,3.7560898551552255,44,-239.4,5.032544088232111,27
616,apt_00566,ss,51,mcts,-239.36,2.8071797234947296,42,-239.36,3.860587649568393,24
617,apt_00038,ss,50,mcts,-239.34,3.1643225183283636,41,-239.34,3.1643225183283636,28
618,apt_01163,ss,50,mcts,-252.86,3.916815160305639,37,-239.33,4.0575454402877575,24
619,apt_00296,ss,50,mcts,-253.93,3.3133152581666643,39,-239.19,5.590725355443612,17
620,apt_00486,ss,50,mcts,-239.14,3.5625314033703597,31,-239.14,6.119893054621137,21
621,apt_01736,ss,50,mcts,-251.22,5.509329632541495,42,-239.09,1.9384119789147043,20
622,apt_01957,ss,50,mcts,-239.05,2.5826780674331,41,-239.05,6.108851283179181,29
623,apt_00501,ss,57,mcts,-239.0,3.8697041230564424,48,-239.0,6.754902960072783,34
624,apt_00591,ss,53,mcts,-238.99,2.7486631295959163,43,-238.99,3.8319187099937277,26
625,apt_00164,ss,56,mcts,-238.94,2.5163741772637795,44,-238.94,3.977219757569341,29
626,apt_02680,ss,50,mcts,-238.93,2.797613447208177,38,-238.93,2.9765711817458564,24
627,apt_00850,ss,50,mcts,-241.67,5.556817884365103,39,-238.91,6.4947040733200305,17
628,apt_01452,ss,50,mcts,-238.91,2.638834970209391,47,-238.91,3.2725813970014688,26
629,apt_01269,ss,50,mcts,-238.89,2.8100829169261154,31,-238.89,5.982445486588236,18
630,apt_02137,ss,54,mcts,-248.99,3.4897802223062904,44,-238.89,2.5446447689215783,28
631,apt_02144,ss,50,mcts,-238.88,2.5991338942039883,31,-238.88,2.5991338942039883,16
632,apt_00228,ss,50,mcts,-238.78,2.7823966288076174,50,-238.78,3.5211163002661596,34
633,apt_01594,ss,51,mcts,-238.73,2.0588756640458046,35,-238.73,4.562339202645952,20
634,apt_00163,ss,56,mcts,-287.38,3.1237511104440063,57,-238.7,3.121647161355674,37
635,apt_01977,ss,50,mcts,-238.69,2.6138192362900665,38,-238.69,2.6138192362900665,22
636,apt_02725,ss,53,mcts,-238.69,1.7478798585715303,41,-238.69,3.344892972876719,27
637,apt_00179,ss,50,mcts,-238.68,3.259659338029068,37,-238.68,6.532072948153609,25
638,apt_00148,ss,50,mcts,-238.65,1.0512059741078477,46,-238.65,1.0512059741078477,33
639,apt_02717,ss,51,mcts,-238.62,2.8612754149155095,36,-238.62,5.881130163497512,24
640,apt_00137,ss,50,mcts,-238.61,2.7407872956506485,64,-238.61,4.440911955893746,45
641,apt_01814,ss,51,mcts,-238.6,2.306488890066458,38,-238.6,2.306488890066458,24
642,apt_01530,ss,51,mcts,-238.54,2.7549295816771795,62,-238.54,2.9917835817451723,43
643,apt_00538,ss,54,mcts,-238.45,3.216551880508086,45,-238.45,6.809444177023566,25
644,apt_02267,ss,55,mcts,-238.45,2.920478214265597,48,-238.45,2.920478214265597,28
645,apt_00075,ss,54,mcts,-238.43,2.7135342267972224,37,-238.43,6.006417068436054,17
646,apt_01663,ss,50,mcts,-259.87,3.243034535739634,53,-238.41,3.0943092928794367,23
647,apt_02458,ss,50,mcts,-238.41,2.4269812525027943,49,-238.41,3.136183668090886,21
648,apt_01777,ss,50,mcts,-238.4,2.4735565487775006,31,-238.4,6.890699891883269,15
649,apt_02749,ss,50,mcts,-238.26,2.574790671103211,42,-238.26,3.2377797948594367,25
650,apt_01632,ss,50,mcts,-238.23,2.884851122675166,28,-238.23,6.058518465763727,12
651,apt_01223,ss,50,mcts,-260.33,6.95735193877669,50,-238.22,2.776423238629148,26
652,apt_02209,ss,50,mcts,-238.13,2.9920738627246437,43,-238.13,6.257628304717373,27
653,apt_00523,ss,50,mcts,-238.07,1.4573129382531385,58,-238.07,3.077261607338574,39
654,apt_00869,ss,50,mcts,-238.05,2.4803812206997606,32,-238.05,3.2937865747495034,20
655,apt_00682,ss,51,mcts,-258.02,4.694010971440093,45,-238.04,2.1092247390925327,25
656,apt_01570,ss,55,mcts,-238.01,2.1376728000327985,50,-238.01,6.466615188798562,36
657,apt_01302,ss,50,mcts,-238.0,2.345237088227965,52,-238.0,3.829637711324667,35
658,apt_00845,ss,50,mcts,-237.97,2.214188113056338,45,-237.97,6.66507959442347,29
659,apt_02535,ss,50,mcts,-237.95,1.6925194238176369,39,-237.95,4.299128283733815,27
660,apt_00287,ss,51,mcts,-237.92,3.2776676158512528,40,-237.92,3.3612131738406568,24
661,apt_00579,ss,50,mcts,-237.87,2.3068075342342698,37,-237.87,3.0262970772876883,17
662,apt_00035,ss,50,mcts,-237.82,2.5733044903392224,45,-237.82,5.5732821568623265,23
663,apt_00755,ss,50,mcts,-237.82,2.545826977624357,47,-237.82,6.432221233757432,30
664,apt_00321,ss,50,mcts,-237.81,2.9707288667934955,35,-237.81,5.128280316051398,26
665,apt_00468,ss,53,mcts,-237.74,2.7275113198665184,37,-237.74,3.759274132063262,19
666,apt_00786,ss,50,mcts,-237.72,2.30081072667876,48,-237.72,2.989153391848605,28
667,apt_02439,ss,50,mcts,-237.72,2.733139769569062,32,-237.72,2.733139769569062,19
668,apt_00268,ss,50,mcts,-237.71,1.6867658402991288,37,-237.71,1.6867658402991288,22
669,apt_00200,ss,50,mcts,-237.7,2.953495048243695,40,-237.7,5.223761575722986,25
670,apt_01322,ss,50,mcts,-237.7,1.7423753900924985,37,-237.7,1.7423753900924985,28
671,apt_01181,ss,55,mcts,-237.69,2.8318017232850283,52,-237.69,5.007707159968515,29
672,apt_00343,ss,50,mcts,-237.65,2.7781711610338045,47,-237.65,3.0662201486520755,29
673,apt_01556,ss,50,mcts,-248.62,3.2693568174795575,52,-237.64,4.173543937710493,27
674,apt_00821,ss,50,mcts,-237.63,3.0146120811806068,57,-237.63,3.6072572683411352,41
675,apt_00666,ss,50,mcts,-237.6,3.8483946003496405,50,-237.6,6.402285919888305,30
676,apt_02796,ss,50,mcts,-251.19,3.7551161100557255,42,-237.51,5.234674488447217,20
677,apt_00881,ss,50,mcts,-237.48,2.700758412002066,48,-237.48,5.006212440558248,35
678,apt_00344,ss,55,mcts,-237.47,2.1070939703772136,34,-237.47,2.688239758652491,19
679,apt_02327,ss,50,mcts,-237.44,2.706774279469931,53,-237.44,3.4762258269565876,36
680,apt_01352,ss,50,mcts,-237.34,2.6556665829881845,35,-237.34,6.328790800777034,19
681,apt_02553,ss,50,mcts,-237.3,2.3387648449555716,39,-237.3,2.3387648449555716,26
682,apt_00835,ss,50,mcts,-237.29,2.824515710701603,42,-237.29,6.739451758118017,22
683,apt_01200,ss,50,mcts,-237.28,2.5205485514070296,48,-237.28,2.5205485514070296,22
684,apt_02681,ss,50,mcts,-243.19,6.247573048792638,66,-237.27,3.649286094566987,38
685,apt_00832,ss,50,mcts,-237.26,2.9202919374610454,40,-237.26,3.6306283202773613,22
686,apt_01871,ss,50,mcts,-269.4,6.599132215678041,42,-237.25,2.5179662428237486,19
687,apt_00489,ss,50,mcts,-237.24,2.202461123379927,52,-237.24,2.7011519764722522,36
688,apt_01913,ss,50,mcts,-237.24,3.072247711367059,22,-237.24,6.8230124578517435,15
689,apt_00185,ss,50,mcts,-237.23,1.7529343969470275,34,-237.23,2.8082058329118236,22
690,apt_00905,ss,54,mcts,-237.12,3.222631223084626,59,-237.12,4.633268176999914,34
691,apt_02685,ss,50,mcts,-237.11,2.2905846415271403,45,-237.11,2.2905846415271403,27
692,apt_02102,ss,56,mcts,-237.08,3.4881751676198824,54,-237.08,3.701946650074801,36
693,apt_02058,ss,51,mcts,-237.06,2.7089737909400347,48,-237.06,6.280602598477315,27
694,apt_01819,ss,50,mcts,-237.03,2.7765125607495578,52,-237.03,3.4754294698641264,32
695,apt_00868,ss,50,mcts,-236.98,2.0894997008853657,45,-236.98,3.02982276709381,33
696,apt_00938,ss,50,mcts,-236.98,2.499941399313195,43,-236.98,3.1065313454076016,31
697,apt_02097,ss,50,mcts,-236.97,3.020756527759237,38,-236.97,5.613467644869803,28
698,apt_01875,ss,54,mcts,-236.92,2.628749322396498,57,-236.92,2.628749322396498,36
699,apt_02777,ss,50,mcts,-236.91,2.1149382969722765,51,-236.91,4.5359502863236925,26
700,apt_01842,ss,50,mcts,-239.78,3.3931793350779467,47,-236.88,6.744506653566285,25
701,apt_02121,ss,50,mcts,-236.85,2.0455534703351153,49,-236.85,2.539971850237723,29
702,apt_01854,ss,61,mcts,-236.84,2.62231405441834,56,-236.84,3.7001055390353335,26
703,apt_01370,ss,50,mcts,-236.73,2.1300934251811556,52,-236.73,4.082717967237035,29
704,apt_01815,ss,54,mcts,-236.73,2.347243063681302,42,-236.73,2.347243063681302,25
705,apt_02246,ss,50,mcts,-263.42,6.411678719337089,52,-236.64,4.868911377299866,36
706,apt_01130,ss,50,mcts,-236.61,3.2666885373417482,36,-236.61,6.829948316056287,16
707,apt_01217,ss,56,mcts,-236.54,2.4790030254116355,42,-236.54,4.276172470796745,28
708,apt_00458,ss,50,mcts,-236.5,3.0092871248852266,40,-236.5,3.2900001519756974,29
709,apt_01861,ss,54,mcts,-236.48,2.347433492135601,39,-236.48,2.347433492135601,25
710,apt_00169,ss,53,mcts,-236.37,2.311517899562959,44,-236.37,3.235967552371318,33
711,apt_02003,ss,50,mcts,-236.35,2.4125973555486016,42,-236.35,2.4125973555486016,23
712,apt_00980,ss,50,mcts,-236.29,2.40116325975558,48,-236.29,2.86896584155337,21
713,apt_00864,ss,50,mcts,-236.26,2.999293750201868,45,-236.26,4.7342506270792155,28
714,apt_01139,ss,50,mcts,-236.23,2.8450936715686512,30,-236.23,5.226008897811019,17
715,apt_02795,ss,50,mcts,-236.22,4.255408793523831,41,-236.22,5.3597415049608435,18
716,apt_01869,ss,53,mcts,-236.2,3.0779605260626792,32,-236.2,6.742667869619565,17
717,apt_02387,ss,50,mcts,-242.57,2.456972527318943,43,-236.2,6.673219462897946,32
718,apt_01941,ss,51,mcts,-236.17,2.6908773662134906,40,-236.17,6.228150528046035,27
719,apt_00567,ss,50,mcts,-236.14,2.1576250832802266,35,-236.14,2.90473578832913,24
720,apt_01682,ss,50,mcts,-236.14,2.910341732511824,58,-236.14,5.983660752415704,32
721,apt_02163,ss,51,mcts,-236.14,2.7976450811352223,50,-236.14,3.4326406744662448,32
722,apt_00679,ss,50,mcts,-236.13,2.3917744458874153,40,-236.13,6.055444574925932,22
723,apt_01674,ss,51,mcts,-236.11,2.7537908417307317,35,-236.11,6.088932336625196,19
724,apt_02260,ss,61,mcts,-236.07,2.066112775237604,24,-236.07,2.8531885671998607,12
725,apt_02589,ss,50,mcts,-236.06,2.594714242455228,53,-236.06,2.7789992803165795,28
726,apt_01524,ss,50,mcts,-260.02,2.497529379206599,51,-236.04,5.494639569616913,28
727,apt_01675,ss,51,mcts,-235.99,1.5928816654102138,36,-235.99,5.170255989793925,20
728,apt_01320,ss,54,mcts,-235.98,2.6510258391799946,45,-235.98,2.6510258391799946,32
729,apt_01765,ss,50,mcts,-235.95,1.3631481944381414,35,-235.95,2.5723514534371104,22
730,apt_01721,ss,50,mcts,-235.94,2.5244494449285355,40,-235.94,2.7889012173255656,29
731,apt_01772,ss,50,mcts,-278.88,3.746733243773821,41,-235.94,4.1451568124740525,23
732,apt_02483,ss,50,mcts,-252.65,3.075426799649126,38,-235.92,5.884383740036013,23
733,apt_00412,ss,50,mcts,-235.91,2.5679910435980977,47,-235.91,5.757316822965379,30
734,apt_00578,ss,50,mcts,-235.9,2.532272497185099,33,-235.9,5.179540230561014,19
735,apt_01120,ss,50,mcts,-235.88,2.210084613764828,41,-235.88,5.932096172517785,28
736,apt_00193,ss,50,mcts,-235.87,2.866047801415733,40,-235.87,6.820290023158831,24
737,apt_01785,ss,50,mcts,-235.87,2.655061016248029,38,-235.87,3.0324495049382243,25
738,apt_01056,ss,50,mcts,-235.81,3.7106329648727066,43,-235.81,3.7106329648727066,25
739,apt_02180,ss,51,mcts,-239.02,3.1616560533998563,48,-235.78,2.2123532719708128,25
740,apt_00487,ss,50,mcts,-242.3,6.164198731384318,57,-235.75,3.447633536210017,42
741,apt_01338,ss,50,mcts,-235.74,2.87009877878794,55,-235.74,4.9269727013654,38
742,apt_02775,ss,51,mcts,-235.68,2.7825256512743994,37,-235.68,4.767457288744187,25
743,apt_01766,ss,53,mcts,-235.6,2.956646411054247,34,-235.6,5.300794280105574,25
744,apt_02288,ss,51,mcts,-249.96,6.24907353133247,55,-235.6,5.81538837911966,28
745,apt_02509,ss,50,mcts,-235.6,2.5769146279999315,54,-235.6,2.9362637824282687,32
746,apt_00260,ss,50,mcts,-235.57,3.334701635828927,35,-235.57,5.376352016004917,19
747,apt_00750,ss,50,mcts,-290.55,6.552756366598732,43,-235.49,2.6089563047318327,29
748,apt_00932,ss,50,mcts,-235.47,2.4059887780287004,45,-235.47,2.4059887780287004,27
749,apt_01420,ss,50,mcts,-235.46,2.4401657730572346,34,-235.46,5.497804470877435,14
750,apt_01685,ss,50,mcts,-235.46,3.2627335165471436,54,-235.46,6.57174581066556,31
751,apt_02447,ss,50,mcts,-235.46,2.1699458518589787,55,-235.46,2.1699458518589787,32
752,apt_01304,ss,51,mcts,-235.45,2.7077883964593727,46,-235.45,3.3427710062162523,32
753,apt_01813,ss,50,mcts,-245.63,3.609497056377784,48,-235.43,5.549455558881421,26
754,apt_01125,ss,51,mcts,-243.7,6.423920454052961,39,-235.4,2.8877067025582708,21
755,apt_02189,ss,50,mcts,-260.5,6.812947233026261,49,-235.38,6.978030452785382,21
756,apt_01904,ss,50,mcts,-235.37,2.399995208328545,46,-235.37,3.5663479919940624,25
757,apt_01845,ss,51,mcts,-260.24,3.141276332957695,43,-235.29,4.548578349330704,14
758,apt_00317,ss,50,mcts,-235.26,2.275857860236449,37,-235.26,2.275857860236449,18
759,apt_00648,ss,50,mcts,-235.26,2.3692262450006876,44,-235.26,2.3692262450006876,29
760,apt_01497,ss,50,mcts,-235.26,2.9066554663392825,36,-235.26,5.844521622853319,24
761,apt_00223,ss,50,mcts,-235.23,2.1941141720521347,39,-235.23,2.7058974481676064,27
762,apt_01445,ss,50,mcts,-235.23,2.7259005851277975,56,-235.23,3.2269735046944557,35
763,apt_00453,ss,50,mcts,-249.3,4.35696740864563,50,-235.22,6.7223979352608945,30
764,apt_01429,ss,53,mcts,-235.22,2.514185355139896,42,-235.22,4.538513633338555,26
765,apt_00899,ss,52,mcts,-235.18,1.7346944975989305,37,-235.18,2.559089877280584,22
766,apt_01596,ss,52,mcts,-235.17,3.1213671684055355,34,-235.17,3.196430039903883,21
767,apt_00322,ss,50,mcts,-235.11,2.529010478428252,46,-235.11,4.404034627475132,23
768,apt_02233,ss,50,mcts,-235.04,2.4096447871003757,47,-235.04,3.0196008014305558,26
769,apt_01545,ss,50,mcts,-236.51,6.711673412793537,35,-235.02,5.916247881892702,20
770,apt_01051,ss,51,mcts,-235.0,2.119249867287953,48,-235.0,2.4143862574161514,24
771,apt_02112,ss,50,mcts,-234.99,2.551433714600463,59,-234.99,2.8874575321552403,42
772,apt_01205,ss,53,mcts,-234.96,2.7266290543453207,42,-234.96,6.095934628914586,22
773,apt_01355,ss,50,mcts,-234.93,3.1037495066451397,49,-234.93,4.113463990361421,33
774,apt_00721,ss,50,mcts,-234.89,3.6536473557254983,53,-234.89,4.103357893238185,30
775,apt_02436,ss,52,mcts,-240.06,6.499305193634163,36,-234.89,2.654189518478294,17
776,apt_00097,ss,51,mcts,-240.63,5.878419090197651,44,-234.88,4.5596300288510445,32
777,apt_00872,ss,50,mcts,-234.88,2.6591451633936702,38,-234.88,2.9221071164486827,25
778,apt_00339,ss,50,mcts,-255.33,4.255670569957213,59,-234.8,3.2166986181487403,32
779,apt_01770,ss,53,mcts,-234.79,2.422644010167408,41,-234.79,3.9850863227789777,20
780,apt_02467,ss,53,mcts,-263.06,5.30305610002386,41,-234.79,2.227029636084794,23
781,apt_02195,ss,54,mcts,-234.74,2.6876043235565734,46,-234.74,2.6876043235565734,26
782,apt_01129,ss,50,mcts,-234.72,1.2156817017624264,41,-234.72,6.974549232746153,29
783,apt_01849,ss,54,mcts,-234.72,2.3510716705366574,53,-234.72,4.845116923253779,33
784,apt_01008,ss,50,mcts,-234.71,2.849302546238288,36,-234.71,4.51862667189932,24
785,apt_02632,ss,50,mcts,-234.67,2.6659641783039927,45,-234.67,3.6230491302216534,33
786,apt_00696,ss,50,mcts,-259.94,4.290249526542711,49,-234.65,2.6381010215683736,31
787,apt_00250,ss,55,mcts,-234.62,2.0272905563830594,35,-234.62,4.039752591434278,16
788,apt_00836,ss,50,mcts,-234.6,2.935131513237547,33,-234.6,5.778614799413436,24
789,apt_02345,ss,50,mcts,-234.59,2.2097316579168638,26,-234.59,2.7802025106096124,19
790,apt_00534,ss,54,mcts,-234.57,3.431519925630626,54,-234.57,4.0462256486755654,31
791,apt_01330,ss,50,mcts,-234.54,2.7172441921917794,45,-234.54,2.9200188355556884,33
792,apt_00960,ss,51,mcts,-234.53,4.357666921645121,45,-234.53,4.357666921645121,23
793,apt_01218,ss,56,mcts,-243.26,5.133212347059091,32,-234.52,2.4685303319991747,20
794,apt_00904,ss,50,mcts,-234.49,2.5786168773201097,40,-234.49,3.6794206065629353,20
795,apt_02080,ss,50,mcts,-234.49,2.312389456817345,40,-234.49,3.9630386069277677,24
796,apt_02546,ss,50,mcts,-234.49,2.1969223928031822,47,-234.49,4.39601728841006,30
797,apt_00048,ss,51,mcts,-234.48,2.7323348989463203,37,-234.48,6.668467740043432,18
798,apt_01945,ss,52,mcts,-234.47,3.3809112676910122,49,-234.47,5.965937730147703,30
799,apt_01040,ss,52,mcts,-234.43,2.758511373911663,38,-234.43,3.949257271943675,21
800,apt_01654,ss,50,mcts,-234.36,3.492684497632145,40,-234.36,3.492684497632145,30
801,apt_02025,ss,50,mcts,-234.35,2.882256060796828,57,-234.35,6.936154554218069,39
802,apt_01446,ss,51,mcts,-234.3,2.44776203908795,43,-234.3,2.44776203908795,23
803,apt_02304,ss,53,mcts,-238.03,4.370186609287977,43,-234.3,2.3094817600492066,28
804,apt_01543,ss,54,mcts,-234.29,1.9692112634250545,36,-234.29,3.57901955848248,21
805,apt_02423,ss,52,mcts,-234.29,3.374462623885459,39,-234.29,5.300099810380928,26
806,apt_02038,ss,51,mcts,-234.24,4.525397883059576,49,-234.24,5.786574288817169,34
807,apt_00852,ss,50,mcts,-234.22,3.454054284460508,41,-234.22,3.454054284460508,27
808,apt_02113,ss,50,mcts,-234.21,3.1388802143439563,40,-234.21,6.984624399350326,23
809,apt_01305,ss,50,mcts,-234.19,1.9276026561509079,40,-234.19,2.681261829810725,28
810,apt_00186,ss,50,mcts,-236.18,5.900751985976021,51,-234.13,2.4117249013931934,21
811,apt_02629,ss,50,mcts,-277.68,4.565804310305046,39,-234.12,6.806104539308796,13
812,apt_00757,ss,50,mcts,-234.11,2.437641688189634,33,-234.11,5.812930500186632,19
813,apt_01630,ss,50,mcts,-234.08,2.9714849822942053,57,-234.08,5.771458567814561,33
814,apt_00369,ss,50,mcts,-234.07,4.268335155537819,39,-234.07,6.260246400901492,23
815,apt_00618,ss,50,mcts,-234.07,2.881235498878919,34,-234.07,2.881235498878919,15
816,apt_00774,ss,50,mcts,-234.05,2.2737196397093413,43,-234.05,2.5260886761948838,23
817,apt_02695,ss,55,mcts,-265.76,5.953683733622394,41,-234.04,5.093618458424233,24
818,apt_00170,ss,50,mcts,-235.38,3.469036753913102,52,-234.03,6.960635315831439,28
819,apt_00659,ss,50,mcts,-234.03,2.5180063542413964,43,-234.03,3.0591080399358295,27
820,apt_01571,ss,55,mcts,-233.98,2.612951396409818,45,-233.98,3.4654537942382113,23
821,apt_01990,ss,50,mcts,-233.98,1.785566016701695,47,-233.98,2.968039588684768,28
822,apt_02424,ss,54,mcts,-247.27,2.1986930208648943,46,-233.97,2.6065860814482957,34
823,apt_00232,ss,50,mcts,-233.91,2.3913115648112537,44,-233.91,2.3913115648112537,34
824,apt_00061,ss,54,mcts,-235.86,5.923100961489695,39,-233.89,6.267397386475523,23
825,apt_02682,ss,54,mcts,-233.81,2.881130680826546,38,-233.81,4.818189805310713,23
826,apt_00452,ss,52,mcts,-233.8,2.6443475565817804,42,-233.8,2.6443475565817804,26
827,apt_02011,ss,54,mcts,-233.78,2.527990110740175,43,-233.78,5.3740261443353665,27
828,apt_00397,ss,50,mcts,-233.74,2.773371414001372,33,-233.74,2.773371414001372,17
829,apt_02063,ss,50,mcts,-233.73,2.884662025263957,34,-233.73,3.7044527261121813,19
830,apt_01898,ss,52,mcts,-233.71,2.1346456380392427,36,-233.71,2.1346456380392427,24
831,apt_02651,ss,50,mcts,-233.68,2.858090621376464,48,-233.68,5.580798777952859,26
832,apt_00840,ss,50,mcts,-257.96,6.011844974714502,56,-233.66,6.805592185842461,25
833,apt_02785,ss,50,mcts,-233.63,2.4434878759674628,62,-233.63,2.939019734537341,46
834,apt_00758,ss,50,mcts,-239.88,5.978179405136663,39,-233.59,5.860487181113869,21
835,apt_01285,ss,50,mcts,-233.59,1.9205402885646663,42,-233.59,2.7034681429600784,22
836,apt_01055,ss,50,mcts,-233.57,2.321355638414756,34,-233.57,2.65745159880665,18
837,apt_02750,ss,50,mcts,-233.56,2.5028803407274607,43,-233.56,2.5028803407274607,25
838,apt_01603,ss,50,mcts,-233.55,2.3957230641290646,40,-233.55,3.8557724258571144,24
839,apt_02484,ss,50,mcts,-233.52,2.99705121744692,53,-233.52,6.949728124178666,31
840,apt_01634,ss,51,mcts,-233.5,3.2294268841390474,26,-233.5,6.8303051176356595,11
841,apt_01778,ss,50,mcts,-233.49,2.710240948698097,37,-233.49,6.6904802518205075,22
842,apt_02085,ss,50,mcts,-237.94,3.647657467471407,40,-233.45,6.611099908487248,20
843,apt_01830,ss,50,mcts,-233.44,2.657921368287645,42,-233.44,3.6759349831029504,18
844,apt_00426,ss,50,mcts,-237.52,4.476427481820716,46,-233.42,4.39238557050722,26
845,apt_01058,ss,50,mcts,-246.02,5.436511933215992,52,-233.37,6.660522952441502,24
846,apt_02527,ss,50,mcts,-233.37,2.7099280433251183,49,-233.37,3.850013376600125,29
847,apt_00302,ss,50,mcts,-234.96,6.754829753591134,50,-233.31,1.9177147858844723,31
848,apt_02145,ss,51,mcts,-233.29,2.495953725532582,28,-233.29,2.503727021861612,20
849,apt_02603,ss,53,mcts,-233.28,2.7233914518482245,48,-233.28,3.895886805337133,27
850,apt_00434,ss,56,mcts,-233.22,2.6305894776646706,33,-233.22,2.6305894776646706,18
851,apt_00472,ss,50,mcts,-233.14,1.5215626835592428,57,-233.14,3.840441641269927,28
852,apt_02282,ss,55,mcts,-233.14,3.2078533320586895,39,-233.14,5.400952323433348,17
853,apt_02060,ss,50,mcts,-233.11,2.322372493808863,45,-233.11,2.322372493808863,31
854,apt_01032,ss,50,mcts,-235.97,6.628464226349875,48,-233.1,6.2116411680006225,34
855,apt_00173,ss,50,mcts,-235.69,5.079972539295842,47,-233.08,5.13509775953682,25
856,apt_01413,ss,50,mcts,-233.05,2.3851658223276653,36,-233.05,3.2090729190842384,24
857,apt_02583,ss,50,mcts,-313.44,4.359991857790587,44,-233.04,3.821242991488504,22
858,apt_01590,ss,57,mcts,-232.94,2.684826623825111,46,-232.94,6.7477948990763,27
859,apt_01440,ss,54,mcts,-232.93,1.9816223151751184,46,-232.93,2.5476314490129797,27
860,apt_01624,ss,52,mcts,-232.92,3.402008965302717,47,-232.92,5.892815031884175,32
861,apt_00070,ss,57,mcts,-232.89,3.3137020083284483,32,-232.89,6.043789870602729,14
862,apt_01416,ss,50,mcts,-232.89,2.961788986406706,40,-232.89,3.0499509832126717,29
863,apt_00283,ss,50,mcts,-232.86,2.548010204061191,47,-232.86,3.018821458781565,27
864,apt_02231,ss,50,mcts,-248.88,6.5794523328313765,50,-232.85,2.588758389653227,31
865,apt_02550,ss,50,mcts,-232.85,2.724433335576421,47,-232.85,6.695999029271147,33
866,apt_00106,ss,51,mcts,-232.83,2.5421083769186557,30,-232.83,2.5421083769186557,12
867,apt_02237,ss,50,mcts,-232.83,2.140296007565322,46,-232.83,6.153757063778199,28
868,apt_02281,ss,50,mcts,-247.98,6.50488831572074,36,-232.8,6.076006089529539,22
869,apt_01626,ss,50,mcts,-232.77,3.0547055504581873,45,-232.77,5.751125889771495,23
870,apt_02014,ss,50,mcts,-232.73,2.480063305643622,42,-232.73,4.749195089696777,20
871,apt_00921,ss,50,mcts,-232.72,2.3670242922285354,37,-232.72,2.626391440741461,20
872,apt_02171,ss,50,mcts,-258.69,3.397009567251761,42,-232.71,5.743836435693475,24
873,apt_01432,ss,53,mcts,-232.7,2.8881317490723886,47,-232.7,4.512009086870282,24
874,apt_00499,ss,50,mcts,-232.69,2.4340735403845013,47,-232.69,3.0072016892785847,25
875,apt_02153,ss,51,mcts,-232.69,1.202911052405786,37,-232.69,1.202911052405786,19
876,apt_01395,ss,53,mcts,-232.68,2.431854025224388,36,-232.68,2.431854025224388,19
877,apt_02571,ss,50,mcts,-232.68,3.3141096843647246,47,-232.68,3.3141096843647246,30
878,apt_02664,ss,51,mcts,-232.66,2.837991190965897,43,-232.66,6.189156162192052,27
879,apt_02299,ss,50,mcts,-232.63,2.9059341011110553,44,-232.63,2.9059341011110553,32
880,apt_00801,ss,50,mcts,-232.58,3.008825684548704,52,-232.58,5.0693042915177315,39
881,apt_00781,ss,50,mcts,-232.55,3.072493449952337,43,-232.55,6.501714620006026,17
882,apt_00972,ss,51,mcts,-232.54,2.6663309997072764,28,-232.54,2.6663309997072764,16
883,apt_00153,ss,50,mcts,-232.52,2.5597011544318913,54,-232.52,3.3649135204340643,31
884,apt_02064,ss,52,mcts,-235.74,5.695205527459038,48,-232.52,3.7347793776875324,25
885,apt_00509,ss,53,mcts,-232.51,2.4432083415050756,53,-232.51,2.4432083415050756,29
886,apt_01025,ss,50,mcts,-246.91,2.964477356972069,46,-232.38,3.627059001450077,23
887,apt_02101,ss,50,mcts,-269.97,3.6232755898495936,45,-232.38,4.888730203232738,24
888,apt_01464,ss,55,mcts,-232.36,2.611420686140032,44,-232.36,2.611420686140032,26
889,apt_00725,ss,50,mcts,-236.36,6.95656301631774,44,-232.31,2.84199577761826,19
890,apt_01126,ss,50,mcts,-232.3,2.095910780543857,52,-232.3,3.47692579731003,37
891,apt_00898,ss,50,mcts,-232.28,3.385952303267138,38,-232.28,6.233820898935112,24
892,apt_02718,ss,50,mcts,-232.27,2.5896011275870188,42,-232.27,2.5896011275870188,22
893,apt_01277,ss,50,mcts,-232.24,2.0690599314664606,35,-232.24,3.1876513297410694,22
894,apt_02781,ss,50,mcts,-233.51,4.87876521263319,52,-232.24,3.1228080312436703,33
895,apt_02305,ss,51,mcts,-232.2,2.4675633730463526,50,-232.2,2.4675633730463526,35
896,apt_01019,ss,53,mcts,-232.18,2.7392365724778194,56,-232.18,4.977405950894514,25
897,apt_00386,ss,50,mcts,-241.34,3.0967715446897164,45,-232.17,3.3944510601863094,25
898,apt_02325,ss,50,mcts,-232.17,2.695552262524314,40,-232.17,2.695552262524314,25
899,apt_02605,ss,50,mcts,-232.17,2.5124012418401627,38,-232.17,4.947496033348585,27
900,apt_02160,ss,50,mcts,-232.15,4.515160351526845,44,-232.15,6.4020748980311035,25
901,apt_02234,ss,50,mcts,-238.53,5.725526875318979,45,-232.14,6.147678748926285,24
902,apt_00264,ss,50,mcts,-232.1,2.0295213721466445,55,-232.1,5.67025272805368,40
903,apt_02703,ss,50,mcts,-232.08,2.65287523264853,59,-232.08,5.260079942358297,38
904,apt_00571,ss,51,mcts,-274.78,3.5412334009494555,43,-231.99,3.5140791112324323,16
905,apt_01954,ss,50,mcts,-231.95,2.215416439408168,44,-231.95,5.696407815457051,25
906,apt_01313,ss,50,mcts,-231.91,2.045897602520713,38,-231.91,3.693316937388403,14
907,apt_01657,ss,50,mcts,-231.84,2.6538200767949545,30,-231.84,6.005469007496416,15
908,apt_00984,ss,50,mcts,-270.93,3.908150201821843,41,-231.77,5.146110570129655,25
909,apt_01284,ss,50,mcts,-231.77,2.909365738438539,45,-231.77,2.909365738438539,26
910,apt_01974,ss,59,mcts,-231.77,3.1115902686568537,40,-231.77,3.454150257299183,26
911,apt_02504,ss,53,mcts,-231.76,2.5339457373826932,49,-231.76,5.099748523211725,23
912,apt_01836,ss,51,mcts,-231.72,2.3691671532418415,47,-231.72,4.8760977225646425,32
913,apt_02804,ss,51,mcts,-231.72,2.738076149415859,45,-231.72,2.738076149415859,30
914,apt_02738,ss,50,mcts,-236.74,3.4487997912317456,51,-231.71,3.5325779538461783,30
915,apt_01487,ss,52,mcts,-231.7,5.389547012504843,34,-231.7,6.371617220141225,23
916,apt_00218,ss,50,mcts,-231.68,3.079726448891202,44,-231.68,3.079726448891202,32
917,apt_01959,ss,51,mcts,-231.67,6.120021078395083,35,-231.67,6.483363016213113,25
918,apt_01614,ss,50,mcts,-277.9,4.551989674856495,30,-231.64,6.764397460232513,18
919,apt_01372,ss,51,mcts,-231.62,2.9607811469272862,44,-231.62,5.699888595402551,27
920,apt_01403,ss,50,mcts,-231.62,2.5277383171523025,38,-231.62,3.1866039917128073,22
921,apt_00016,ss,51,mcts,-231.61,2.8432435702907983,36,-231.61,2.8432435702907983,21
922,apt_01268,ss,50,mcts,-231.61,2.0911408369595628,39,-231.61,2.0911408369595628,15
923,apt_02078,ss,50,mcts,-231.59,4.000662070207881,27,-231.59,6.45406244159445,19
924,apt_02006,ss,50,mcts,-231.57,3.1657229821953865,55,-231.57,3.316354323651215,35
925,apt_00520,ss,50,mcts,-231.56,2.345952684944871,47,-231.56,2.5084154360870885,36
926,apt_00724,ss,50,mcts,-231.55,3.02718582184841,42,-231.55,3.02718582184841,24
927,apt_02122,ss,51,mcts,-251.36,2.263008837808629,51,-231.55,6.506738430273659,28
928,apt_00875,ss,50,mcts,-231.52,2.5954787612307566,44,-231.52,2.5954787612307566,30
929,apt_01659,ss,50,mcts,-231.52,1.982794996967663,48,-231.52,3.732263790248494,34
930,apt_02780,ss,54,mcts,-239.36,6.270858713126934,43,-231.52,2.6853001694410317,25
931,apt_00522,ss,50,mcts,-231.51,3.1703767914870764,45,-231.51,5.461672729118798,34
932,apt_01002,ss,50,mcts,-231.51,2.1784453171929865,52,-231.51,3.5280233842762425,37
933,apt_01731,ss,50,mcts,-231.49,2.720215065027036,39,-231.49,2.720215065027036,23
934,apt_00768,ss,54,mcts,-232.14,5.530912582928787,29,-231.44,6.351133835780822,17
935,apt_00462,ss,50,mcts,-243.77,4.913777976262251,48,-231.43,6.377862494598032,23
936,apt_00463,ss,50,mcts,-243.77,4.913777976262251,48,-231.43,6.377862494598032,23
937,apt_01669,ss,60,mcts,-254.4,6.453410648641517,46,-231.42,4.753620620116826,23
938,apt_00112,ss,50,mcts,-231.41,2.527663941270667,43,-231.41,3.880166748994175,23
939,apt_00900,ss,50,mcts,-231.41,3.13103561142315,39,-231.41,5.252961831195805,29
940,apt_02380,ss,57,mcts,-231.39,2.2120257683851565,52,-231.39,3.5445647123448087,40
941,apt_02505,ss,54,mcts,-231.37,2.7505661235461973,54,-231.37,3.0253922059792524,32
942,apt_02343,ss,55,mcts,-246.89,2.731071950718269,43,-231.33,4.435066064896884,35
943,apt_00352,ss,50,mcts,-231.32,3.2007177320094953,30,-231.32,3.2007177320094953,21
944,apt_00285,ss,51,mcts,-231.28,2.6225701134574155,43,-231.28,3.7643073732095833,24
945,apt_02636,ss,50,mcts,-231.27,2.872076948829894,50,-231.27,3.145928956604076,38
946,apt_00175,ss,50,mcts,-231.26,3.215315070098102,23,-231.26,6.0792895966551646,16
947,apt_01123,ss,50,mcts,-231.26,2.6234435385576607,42,-231.26,3.770571574708525,24
948,apt_01905,ss,50,mcts,-231.16,3.519251340839413,51,-231.16,5.478148136003619,30
949,apt_01495,ss,50,mcts,-231.15,2.115343234560297,43,-231.15,2.7313266007564896,25
950,apt_00765,ss,50,mcts,-231.13,3.948935679395157,45,-231.13,6.456722852964964,31
951,apt_00959,ss,50,mcts,-231.13,1.8315242286139706,34,-231.13,1.8315242286139706,24
952,apt_00795,ss,50,mcts,-238.39,5.9065215651853755,40,-231.11,2.5062497880299106,20
953,apt_02429,ss,59,mcts,-238.61,2.183383841654985,53,-231.09,5.102438436669284,30
954,apt_00338,ss,50,mcts,-231.07,2.722640079040942,42,-231.07,2.7970732918534766,31
955,apt_01605,ss,50,mcts,-261.08,4.37214867084826,38,-231.07,4.059835710961713,22
956,apt_01081,ss,52,mcts,-231.06,1.9904584898962405,46,-231.06,3.607766206394189,28
957,apt_02375,ss,55,mcts,-231.06,2.7254339104076553,40,-231.06,2.9174728790513242,28
958,apt_00599,ss,50,mcts,-245.24,6.516666786018747,48,-231.04,3.1684250030575196,26
959,apt_02660,ss,60,mcts,-231.04,3.1058147079309286,35,-231.04,3.2549520733798913,21
960,apt_02172,ss,50,mcts,-230.96,2.9716475228398065,34,-230.96,5.868804477915414,20
961,apt_00006,ss,58,mcts,-230.95,2.64091556093715,59,-230.95,5.117665190299201,35
962,apt_01865,ss,50,mcts,-230.94,3.031842509102353,43,-230.94,5.847566160378179,23
963,apt_00206,ss,50,mcts,-230.93,2.2270951932955194,45,-230.93,3.591276792451388,23
964,apt_01901,ss,50,mcts,-230.92,3.0692314999035086,43,-230.92,6.891425541932537,24
965,apt_00810,ss,50,mcts,-235.17,6.257832372315513,38,-230.91,3.0518340387380243,25
966,apt_01115,ss,50,mcts,-230.85,2.41509689246623,46,-230.85,6.227650279198416,29
967,apt_02594,ss,51,mcts,-230.85,3.777820138651387,47,-230.85,3.777820138651387,32
968,apt_01827,ss,51,mcts,-230.84,3.0276145725636896,39,-230.84,4.218083213972889,17
969,apt_00739,ss,50,mcts,-230.81,2.267622984536882,42,-230.81,3.488845511053776,27
970,apt_00992,ss,53,mcts,-230.8,1.7536698663089263,40,-230.8,5.735535371698103,18
971,apt_01752,ss,54,mcts,-230.79,4.023559245245434,41,-230.79,5.599936606784056,21
972,apt_01988,ss,51,mcts,-230.78,2.826173030796254,45,-230.78,6.935038788644234,26
973,apt_02627,ss,50,mcts,-235.87,2.464859022337803,51,-230.75,3.033801905200797,37
974,apt_01846,ss,51,mcts,-264.18,4.001843575153829,30,-230.73,5.119746673420469,16
975,apt_01090,ss,50,mcts,-230.72,1.5752809273269326,46,-230.72,1.5752809273269326,21
976,apt_01256,ss,50,mcts,-244.95,5.902411456345613,49,-230.72,2.4684164964608444,36
977,apt_02403,ss,50,mcts,-234.36,6.9488067320943845,39,-230.69,2.9346488716710124,13
978,apt_01301,ss,50,mcts,-230.67,2.5922526883002805,49,-230.67,2.909958590770667,32
979,apt_02442,ss,50,mcts,-230.67,2.5428664927597056,44,-230.67,6.9282536760716225,28
980,apt_02567,ss,51,mcts,-230.66,3.0799495125732044,47,-230.66,6.654781814605219,30
981,apt_01810,ss,50,mcts,-265.07,3.4422523149821536,41,-230.62,3.32581328399537,26
982,apt_01698,ss,50,mcts,-230.6,0.866155875117166,52,-230.6,0.866155875117166,34
983,apt_01349,ss,55,mcts,-266.66,3.4106229636240903,54,-230.56,1.5499638705466572,34
984,apt_01057,ss,50,mcts,-230.53,1.8503902291138588,39,-230.53,1.8503902291138588,23
985,apt_01997,ss,50,mcts,-243.37,4.027952954045035,52,-230.53,5.682279648169388,33
986,apt_00310,ss,50,mcts,-315.89,6.976167500856036,39,-230.51,5.63427386625817,16
987,apt_01927,ss,54,mcts,-230.51,2.5530229141157275,51,-230.51,3.152282982220978,30
988,apt_00620,ss,50,mcts,-230.49,2.1621954120754387,43,-230.49,3.5328863553757373,27
989,apt_02569,ss,59,mcts,-230.49,2.4521186757577795,54,-230.49,3.0242584214977266,35
990,apt_00861,ss,50,mcts,-230.48,2.964073042284874,43,-230.48,6.243261487395841,24
991,apt_01222,ss,51,mcts,-230.45,2.554380355389534,42,-230.45,5.972478380036201,16
992,apt_02543,ss,50,mcts,-230.44,2.4888306491201733,46,-230.44,5.962761860077933,25
993,apt_02524,ss,50,mcts,-230.42,3.134242332685846,41,-230.42,5.251296316148994,28
994,apt_02503,ss,53,mcts,-230.37,4.205724313361488,51,-230.37,5.745666627990173,30
995,apt_00149,ss,50,mcts,-230.35,1.9967546168720978,46,-230.35,6.018649100919567,24
996,apt_00319,ss,50,mcts,-230.34,2.968798578549914,38,-230.34,3.948460586101885,26
997,apt_02728,ss,53,mcts,-233.95,2.683766942191519,45,-230.33,6.623578262540581,28
998,apt_01551,ss,50,mcts,-230.27,2.7347447778540532,54,-230.27,2.8201101042335153,37
999,apt_02433,ss,50,mcts,-230.27,2.7345613907901263,49,-230.27,2.7345613907901263,31
1000,apt_01171,ss,51,mcts,-243.82,4.441445710576688,45,-230.26,2.211072816530462,24
1001,apt_00697,ss,50,mcts,-230.25,3.1826124489168026,44,-230.25,6.025610840404474,24
1002,apt_02203,ss,50,mcts,-230.24,3.0582758214392585,41,-230.24,3.594795821740099,27
1003,apt_00396,ss,50,mcts,-233.5,5.775693378288006,50,-230.22,1.197130736385955,34
1004,apt_00855,ss,50,mcts,-232.51,5.079649791078114,45,-230.21,2.547191394457825,18
1005,apt_01050,ss,55,mcts,-241.23,4.796317962771026,61,-230.21,6.660822847066272,32
1006,apt_01422,ss,50,mcts,-230.21,2.1761415395143917,43,-230.21,2.1761415395143917,29
1007,apt_01448,ss,50,mcts,-230.21,1.9082395027878625,28,-230.21,3.7882408846323483,24
1008,apt_02164,ss,56,mcts,-230.15,3.4065831855394406,50,-230.15,4.935315694056446,27
1009,apt_01480,ss,50,mcts,-230.14,2.7417100503153087,42,-230.14,5.529154817872259,23
1010,apt_00082,ss,50,mcts,-270.53,2.957469357406753,53,-230.13,5.4335936542954695,35
1011,apt_00949,ss,50,mcts,-254.8,5.131675165089874,64,-230.11,5.063660434902794,42
1012,apt_01088,ss,50,mcts,-230.02,2.270120921889405,58,-230.02,4.5094765771650245,42
1013,apt_02052,ss,50,mcts,-229.98,2.8206300714556476,54,-229.98,2.975583976297764,31
1014,apt_01484,ss,50,mcts,-229.93,2.7647010688318545,38,-229.93,3.4093011013989267,24
1015,apt_02411,ss,55,mcts,-252.03,1.984649843171321,53,-229.92,6.843062618447959,29
1016,apt_02057,ss,53,mcts,-229.9,3.2583078430375427,55,-229.9,5.321175340091692,30
1017,apt_00761,ss,50,mcts,-229.89,3.384384286690865,49,-229.89,6.569692458555433,33
1018,apt_01633,ss,50,mcts,-229.87,2.424930926851318,34,-229.87,2.424930926851318,18
1019,apt_01975,ss,55,mcts,-250.99,6.253628466738319,33,-229.86,4.7026556327249684,19
1020,apt_01753,ss,61,mcts,-229.83,2.1470079180105337,31,-229.83,3.278598176050236,18
1021,apt_02762,ss,51,mcts,-229.72,2.7078777668129757,42,-229.72,4.785443135175664,17
1022,apt_01187,ss,52,mcts,-229.7,2.6004501533388407,40,-229.7,5.77533730616663,18
1023,apt_00187,ss,54,mcts,-229.69,3.239259483277014,49,-229.69,3.98902231129384,30
1024,apt_00820,ss,50,mcts,-229.68,2.4256722779468674,41,-229.68,4.984140648095722,25
1025,apt_00854,ss,50,mcts,-246.51,5.218929487931399,38,-229.68,1.111149404895678,17
1026,apt_01604,ss,56,mcts,-229.62,2.8928396084124617,42,-229.62,3.161519413193613,15
1027,apt_02558,ss,50,mcts,-229.6,2.48789388841245,51,-229.6,2.48789388841245,35
1028,apt_01817,ss,50,mcts,-229.56,1.8885023166520047,43,-229.56,2.671761029733016,20
1029,apt_01741,ss,60,mcts,-229.52,4.0727942496522065,37,-229.52,6.782636434307818,22
1030,apt_00099,ss,50,mcts,-274.89,6.836814609158265,40,-229.51,2.564864518839162,24
1031,apt_01768,ss,50,mcts,-238.42,3.4942474153957646,49,-229.5,3.68572136765655,28
1032,apt_00753,ss,50,mcts,-229.47,2.9684938942164005,34,-229.47,5.594549222234102,21
1033,apt_01610,ss,52,mcts,-234.2,6.998331015320716,43,-229.47,4.404051089621912,23
1034,apt_00431,ss,50,mcts,-229.42,3.033995715224415,52,-229.42,3.429753635467123,40
1035,apt_00748,ss,50,mcts,-229.42,2.7314045837260967,52,-229.42,2.7314045837260967,29
1036,apt_01366,ss,50,mcts,-229.42,3.7115608576446473,39,-229.42,6.998321370157276,25
1037,apt_01024,ss,50,mcts,-229.41,2.46479370333503,44,-229.41,3.233600006185051,32
1038,apt_01523,ss,50,mcts,-229.36,1.4130268928792498,41,-229.36,5.720857540613988,22
1039,apt_00373,ss,54,mcts,-229.32,2.263247666518181,37,-229.32,3.0615435649358425,24
1040,apt_00924,ss,50,mcts,-229.31,1.6740480877202961,35,-229.31,3.708395070647123,19
1041,apt_01015,ss,50,mcts,-229.31,2.7939953471686314,49,-229.31,2.7939953471686314,30
1042,apt_00500,ss,57,mcts,-231.28,5.617493925230356,51,-229.28,6.239993108970569,25
1043,apt_01812,ss,50,mcts,-237.55,2.624315910861356,33,-229.28,2.3009882659414123,22
1044,apt_02764,ss,53,mcts,-229.28,2.608970869902529,36,-229.28,2.795510686797682,17
1045,apt_01504,ss,55,mcts,-229.27,2.482031426070176,31,-229.27,2.482031426070176,17
1046,apt_00914,ss,50,mcts,-229.25,2.7260781353438883,48,-229.25,5.6162856943001,32
1047,apt_00847,ss,50,mcts,-236.59,3.1207303632323184,40,-229.23,4.930886938472632,28
1048,apt_02684,ss,50,mcts,-229.23,2.592383845035292,35,-229.23,2.592383845035292,26
1049,apt_00485,ss,50,mcts,-229.2,2.492440771613239,37,-229.2,2.492440771613239,22
1050,apt_01799,ss,50,mcts,-229.2,2.612085182378241,61,-229.2,2.612085182378241,40
1051,apt_00550,ss,50,mcts,-229.19,3.0296819965138218,46,-229.19,5.070708234556592,22
1052,apt_02489,ss,52,mcts,-229.17,2.496757096715666,44,-229.17,2.496757096715666,26
1053,apt_01146,ss,54,mcts,-229.16,2.9049877796644883,46,-229.16,6.972718049656099,28
1054,apt_02004,ss,50,mcts,-229.16,2.7905012094603903,36,-229.16,4.083252257698516,21
1055,apt_01798,ss,50,mcts,-257.64,5.052591018477546,43,-229.14,6.21572119709372,34
1056,apt_00273,ss,50,mcts,-229.13,2.8049871657460286,61,-229.13,6.9613148901626385,49
1057,apt_00024,ss,54,mcts,-229.1,3.3860739802904636,31,-229.1,6.1500069105651995,18
1058,apt_00819,ss,50,mcts,-229.05,2.133086027332245,54,-229.05,2.9319853342061575,38
1059,apt_01371,ss,50,mcts,-229.05,2.8254461594587097,38,-229.05,5.5622418142328085,27
1060,apt_01460,ss,50,mcts,-229.0,1.9437173148377367,39,-229.0,1.9437173148377367,27
1061,apt_01546,ss,53,mcts,-228.98,2.3339421586663383,37,-228.98,2.3339421586663383,31
1062,apt_00312,ss,50,mcts,-271.41,6.814565430018293,39,-228.97,6.614808689599415,23
1063,apt_00329,ss,50,mcts,-236.53,5.956564194231449,43,-228.97,3.007836597955413,33
1064,apt_02426,ss,50,mcts,-278.45,5.569855294350125,57,-228.96,4.303270965207746,32
1065,apt_00689,ss,50,mcts,-228.93,3.2486461795646693,41,-228.93,3.3344291865325357,23
1066,apt_02017,ss,50,mcts,-228.93,2.726161770695231,39,-228.93,5.136368950922445,22
1067,apt_02207,ss,53,mcts,-245.13,6.484123687901104,46,-228.9,2.853349785778103,25
1068,apt_01747,ss,50,mcts,-228.89,2.691489736186987,36,-228.89,2.850938441987129,19
1069,apt_01615,ss,50,mcts,-228.87,3.195319545835758,31,-228.87,6.3739279882973285,19
1070,apt_00418,ss,50,mcts,-245.26,4.611543017255737,38,-228.86,6.1734215796428495,21
1071,apt_01459,ss,55,mcts,-235.68,6.361394422608943,59,-228.86,4.268662671141861,40
1072,apt_01112,ss,50,mcts,-228.84,2.725757509390749,39,-228.84,2.7266347390143673,25
1073,apt_02428,ss,50,mcts,-228.82,3.2159379658196108,36,-228.82,4.7196148147915675,25
1074,apt_00937,ss,50,mcts,-228.81,2.4511615613826847,44,-228.81,2.754324236541521,19
1075,apt_01211,ss,50,mcts,-228.81,2.558073298402523,32,-228.81,3.8254429808847044,25
1076,apt_00356,ss,51,mcts,-228.78,2.4099732363659263,36,-228.78,2.7210479598860386,17
1077,apt_01501,ss,50,mcts,-262.14,4.893326986826037,52,-228.72,2.6502060297267542,33
1078,apt_01642,ss,50,mcts,-228.71,2.7920447704146825,58,-228.71,3.155299827274732,32
1079,apt_02454,ss,52,mcts,-243.51,2.8309457783574676,49,-228.69,2.0894070929333037,32
1080,apt_02774,ss,50,mcts,-228.69,2.4049918918782174,29,-228.69,3.0873966379459494,10
1081,apt_01964,ss,53,mcts,-246.01,4.907879684751862,47,-228.67,6.831516449515439,29
1082,apt_00262,ss,50,mcts,-228.65,3.3314274718204833,48,-228.65,6.815205719565626,31
1083,apt_00199,ss,51,mcts,-228.59,1.3541181632339183,41,-228.59,1.3541181632339183,19
1084,apt_01037,ss,51,mcts,-228.55,2.0428316132270954,44,-228.55,3.287847928356785,20
1085,apt_01700,ss,50,mcts,-228.54,2.4197218848454485,41,-228.54,2.840919041437121,26
1086,apt_00157,ss,50,mcts,-228.53,1.7262693880156719,46,-228.53,1.7262693880156719,24
1087,apt_02002,ss,50,mcts,-228.52,3.06109277873115,45,-228.52,4.067754786119728,23
1088,apt_02323,ss,50,mcts,-230.53,5.1913610932008885,37,-228.51,2.444205187785992,27
1089,apt_00128,ss,51,mcts,-228.49,2.531101933941002,51,-228.49,4.396305380657737,30
1090,apt_00763,ss,50,mcts,-234.46,6.205017727613678,52,-228.48,2.5520566216289273,27
1091,apt_02667,ss,55,mcts,-228.47,2.608027223784268,34,-228.47,3.7868337697871217,17
1092,apt_01586,ss,55,mcts,-228.45,3.461091590813527,29,-228.45,3.720030779442562,12
1093,apt_01808,ss,60,mcts,-228.44,3.224281780490046,31,-228.44,3.8483592607759523,17
1094,apt_00420,ss,51,mcts,-228.43,2.7778354882893854,28,-228.43,4.823895210304634,20
1095,apt_01356,ss,50,mcts,-232.39,2.916408921944949,42,-228.43,2.444425085781934,28
1096,apt_00049,ss,52,mcts,-228.41,3.4182810007370565,49,-228.41,6.9150249457250625,32
1097,apt_01244,ss,53,mcts,-228.41,2.7563455879116407,26,-228.41,6.020377895115886,10
1098,apt_02193,ss,50,mcts,-228.41,2.4974619116214827,41,-228.41,2.4974619116214827,21
1099,apt_02311,ss,50,mcts,-311.59,3.885360858401704,33,-228.39,6.544521831272312,11
1100,apt_00078,ss,50,mcts,-245.8,6.321875750123537,35,-228.38,3.126627576159332,14
1101,apt_02631,ss,50,mcts,-228.38,4.320819135302943,31,-228.38,5.8983042478325975,23
1102,apt_00925,ss,50,mcts,-252.96,4.919389189726743,41,-228.37,5.010124249956282,23
1103,apt_01797,ss,51,mcts,-228.37,2.0143361189235383,42,-228.37,2.0143361189235383,27
1104,apt_00272,ss,50,mcts,-228.36,2.1983059386718713,52,-228.36,4.001181075632544,34
1105,apt_00208,ss,50,mcts,-229.57,3.705981516413704,51,-228.34,6.7476121702421485,25
1106,apt_02220,ss,55,mcts,-228.34,2.607988880344396,47,-228.34,2.637798703464693,32
1107,apt_02069,ss,50,mcts,-228.26,3.0526888147991755,55,-228.26,4.483564318708934,35
1108,apt_02766,ss,55,mcts,-228.26,2.976441163537419,44,-228.26,2.976441163537419,26
1109,apt_00041,ss,52,mcts,-228.25,1.41841883800238,62,-228.25,3.3052096756484177,44
1110,apt_01102,ss,55,mcts,-228.25,2.291651369645912,28,-228.25,3.5667559490382903,12
1111,apt_01751,ss,55,mcts,-228.6,5.638174881998612,43,-228.24,5.436226172631163,24
1112,apt_02361,ss,50,mcts,-228.22,3.114542984131076,51,-228.22,3.90973784287386,36
1113,apt_02330,ss,56,mcts,-228.17,2.8310353229869922,41,-228.17,5.02103286187214,28
1114,apt_00241,ss,50,mcts,-228.15,3.1911154789508824,41,-228.15,5.187778811784492,27
1115,apt_01425,ss,50,mcts,-237.79,3.050555523179355,56,-228.15,4.887045528742304,36
1116,apt_02008,ss,50,mcts,-228.11,2.6105888224689946,38,-228.11,2.9885946530099994,24
1117,apt_00195,ss,50,mcts,-228.1,1.999082289451835,46,-228.1,2.5730081616660225,25
1118,apt_01273,ss,53,mcts,-228.06,2.6727620545046653,40,-228.06,4.7247404161498725,32
1119,apt_02451,ss,50,mcts,-228.06,2.7356938790734784,57,-228.06,5.477476061106979,29
1120,apt_01210,ss,50,mcts,-259.49,3.639213651326351,49,-228.05,2.550768707664422,31
1121,apt_02132,ss,50,mcts,-259.54,2.1101395688437385,33,-228.05,6.946239990095352,15
1122,apt_00609,ss,50,mcts,-228.03,2.583014711533787,23,-228.03,2.583014711533787,8
1123,apt_00619,ss,50,mcts,-228.0,2.3064288413042293,50,-228.0,2.410704668763886,26
1124,apt_00630,ss,50,mcts,-228.0,3.022846506192481,41,-228.0,6.692185368024402,22
1125,apt_01561,ss,50,mcts,-228.0,2.8244925207902196,42,-228.0,2.8244925207902196,22
1126,apt_02067,ss,50,mcts,-228.0,2.7947511517128,47,-228.0,3.0393257475960054,30
1127,apt_00459,ss,53,mcts,-256.05,6.4885071472566205,31,-227.99,4.161131697026675,20
1128,apt_01109,ss,50,mcts,-227.99,2.49374477443063,42,-227.99,2.49374477443063,30
1129,apt_02033,ss,50,mcts,-227.96,3.0151041441383044,40,-227.96,6.359087591785474,19
1130,apt_00332,ss,50,mcts,-227.94,2.1966016935256945,48,-227.94,5.952169100420464,35
1131,apt_01249,ss,50,mcts,-227.94,2.562483365799661,41,-227.94,2.562483365799661,27
1132,apt_02534,ss,50,mcts,-227.92,3.0710983377286905,47,-227.92,6.7764844130271396,30
1133,apt_00375,ss,50,mcts,-227.9,2.426048227055691,43,-227.9,2.426048227055691,25
1134,apt_00007,ss,58,mcts,-227.89,4.088359084033594,47,-227.89,4.9803458715233875,22
1135,apt_02015,ss,50,mcts,-228.19,3.148489479099448,44,-227.89,2.828103781688378,30
1136,apt_01191,ss,50,mcts,-227.86,2.6245872056382433,51,-227.86,2.6245872056382433,33
1137,apt_01122,ss,50,mcts,-227.84,2.9684317408355665,30,-227.84,4.388889267229234,13
1138,apt_02742,ss,55,mcts,-239.22,4.4800469863607635,50,-227.83,5.47811299627892,29
1139,apt_02481,ss,50,mcts,-227.82,1.8181688590447063,43,-227.82,5.826750466597992,23
1140,apt_00427,ss,50,mcts,-227.78,2.7756905447113613,36,-227.78,5.940177522599807,18
1141,apt_00002,ss,50,mcts,-227.77,3.3603394173803154,35,-227.77,5.661614345749812,22
1142,apt_01987,ss,52,mcts,-227.77,2.1870793309800396,54,-227.77,3.8852388600959893,29
1143,apt_00710,ss,50,mcts,-227.76,3.936921259055108,37,-227.76,6.783611796086214,15
1144,apt_00916,ss,50,mcts,-227.74,2.146664389232754,42,-227.74,4.90302620837377,31
1145,apt_02760,ss,52,mcts,-227.73,2.499026410424674,44,-227.73,4.930801354749553,26
1146,apt_00177,ss,50,mcts,-227.71,2.8564735251704914,48,-227.71,2.8564735251704914,31
1147,apt_02133,ss,50,mcts,-227.68,2.7816500498804677,47,-227.68,2.902863069454019,29
1148,apt_02502,ss,51,mcts,-227.67,2.8299901059897787,45,-227.67,2.8299901059897787,25
1149,apt_01394,ss,55,mcts,-233.21,2.271123290356564,64,-227.66,3.260303820198362,44
1150,apt_00145,ss,50,mcts,-227.63,2.127619561857809,44,-227.63,2.533581062448956,28
1151,apt_01281,ss,50,mcts,-263.02,6.6333941538250265,60,-227.62,3.7223245425405898,38
1152,apt_01035,ss,50,mcts,-227.59,2.041253291485399,40,-227.59,2.041253291485399,30
1153,apt_02169,ss,57,mcts,-227.59,2.5952637630884436,29,-227.59,3.2345642674091355,18
1154,apt_00720,ss,52,mcts,-231.36,4.11561064727943,43,-227.58,3.5305156847123547,32
1155,apt_01806,ss,60,mcts,-227.56,2.173116195696851,58,-227.56,2.987079342769458,38
1156,apt_01508,ss,54,mcts,-227.53,3.275871029207347,30,-227.53,5.112244419039435,19
1157,apt_00311,ss,50,mcts,-227.5,1.6509303437759004,50,-227.5,2.4850686107228492,33
1158,apt_02390,ss,50,mcts,-227.47,2.480857311495365,44,-227.47,2.480857311495365,22
1159,apt_02277,ss,50,mcts,-227.46,2.2496297473139917,43,-227.46,4.194818351251937,27
1160,apt_00989,ss,50,mcts,-227.45,2.868597043852627,36,-227.45,6.386473909756469,23
1161,apt_02735,ss,50,mcts,-235.97,2.854644636377688,50,-227.45,5.523039109041335,31
1162,apt_01920,ss,50,mcts,-231.54,4.911074220575364,45,-227.44,6.736050103732908,29
1163,apt_00870,ss,50,mcts,-229.55,5.884800506389317,49,-227.41,2.641508091980793,26
1164,apt_02367,ss,50,mcts,-239.05,4.521557917355488,63,-227.41,4.816364292700452,50
1165,apt_00715,ss,51,mcts,-227.35,2.8353916837008577,54,-227.35,2.8353916837008577,30
1166,apt_02779,ss,50,mcts,-227.33,2.2808202471917944,54,-227.33,3.3571942154126253,46
1167,apt_01066,ss,50,mcts,-227.32,2.397972685415752,34,-227.32,6.9730056647044325,15
1168,apt_02335,ss,50,mcts,-227.32,2.8611029341846446,35,-227.32,2.8611029341846446,24
1169,apt_02776,ss,50,mcts,-237.6,4.613065141530084,49,-227.32,5.527475101707831,27
1170,apt_00371,ss,53,mcts,-227.31,2.4252410189505036,43,-227.31,4.715826120628283,23
1171,apt_01695,ss,50,mcts,-227.31,3.036460110062382,39,-227.31,3.036460110062382,27
1172,apt_00111,ss,50,mcts,-316.57,3.301103451877875,50,-227.3,4.740412429314556,26
1173,apt_02406,ss,50,mcts,-227.27,2.433965283236388,32,-227.27,2.906259451597529,23
1174,apt_00686,ss,50,mcts,-227.25,2.602052266961614,49,-227.25,2.602052266961614,33
1175,apt_00135,ss,50,mcts,-227.19,2.281820764214395,44,-227.19,2.281820764214395,32
1176,apt_01354,ss,50,mcts,-227.18,2.914527234389817,37,-227.18,3.71452042665,24
1177,apt_02198,ss,60,mcts,-227.18,3.275395701285573,47,-227.18,3.4012982815389985,27
1178,apt_02633,ss,55,mcts,-227.12,2.915122124371476,33,-227.12,6.8212553829922,21
1179,apt_01914,ss,50,mcts,-234.23,5.543818719979936,51,-227.09,3.857090483771419,25
1180,apt_00684,ss,51,mcts,-227.04,1.9886309360964662,37,-227.04,5.480120892827084,22
1181,apt_01317,ss,50,mcts,-227.04,2.3319290297948587,38,-227.04,5.6574224696410935,28
1182,apt_02114,ss,50,mcts,-227.04,3.005631547611915,57,-227.04,3.005631547611915,37
1183,apt_00334,ss,50,mcts,-234.07,4.140393338802484,50,-227.02,3.056733877850671,31
1184,apt_01491,ss,53,mcts,-227.43,5.7293184585952295,33,-227.0,3.2436074053436204,21
1185,apt_02499,ss,50,mcts,-274.17,4.6990878902187,47,-226.98,3.3188193683899243,34
1186,apt_00754,ss,50,mcts,-233.95,4.146881840612281,38,-226.95,4.1760730357598,24
1187,apt_00800,ss,50,mcts,-229.19,6.921474770596233,40,-226.94,4.410162015164532,22
1188,apt_01079,ss,50,mcts,-226.93,2.482056606929042,26,-226.91,3.4312590983485833,14
1189,apt_02318,ss,51,mcts,-226.91,2.6390827952150357,46,-226.91,5.190616437380046,29
1190,apt_00853,ss,50,mcts,-232.13,6.762248812340457,39,-226.89,2.8813625249176753,25
1191,apt_01087,ss,55,mcts,-259.82,2.26089783050895,54,-226.89,2.2961295695147483,22
1192,apt_02070,ss,50,mcts,-226.89,2.5324938301997997,50,-226.89,3.145849487817242,36
1193,apt_01148,ss,54,mcts,-226.87,3.7657272869925293,49,-226.87,3.7657272869925293,31
1194,apt_01514,ss,50,mcts,-236.96,6.25779801527662,43,-226.87,5.760682338056845,21
1195,apt_01886,ss,55,mcts,-226.86,3.4635880240005443,47,-226.86,4.660335717520795,33
1196,apt_00180,ss,50,mcts,-226.83,2.1348793876938434,45,-226.83,5.757372751524795,27
1197,apt_02622,ss,50,mcts,-233.53,5.9255604798196115,49,-226.83,2.7777064279725443,26
1198,apt_00120,ss,52,mcts,-249.88,6.56176767342459,46,-226.81,4.217760780319356,30
1199,apt_00851,ss,50,mcts,-226.78,2.392645815828167,34,-226.78,6.750581678640738,20
1200,apt_02092,ss,51,mcts,-226.78,2.8628953875403864,43,-226.78,6.619632618204731,19
1201,apt_00160,ss,56,mcts,-234.07,5.258224510231557,44,-226.77,2.8483590012496625,20
1202,apt_00414,ss,51,mcts,-226.77,2.8266011391775927,51,-226.77,2.8266011391775927,27
1203,apt_01676,ss,50,mcts,-226.74,2.3542278989086705,37,-226.74,2.3542278989086705,21
1204,apt_00584,ss,50,mcts,-226.72,2.8541699318716107,37,-226.72,5.449399508202717,21
1205,apt_02491,ss,51,mcts,-226.71,1.8849798407410168,32,-226.71,6.685169706148083,17
1206,apt_01286,ss,53,mcts,-226.7,4.2187427036973935,55,-226.7,6.623100406909135,31
1207,apt_02752,ss,53,mcts,-240.42,3.5193574697663257,37,-226.69,3.6097764473717824,20
1208,apt_01822,ss,50,mcts,-226.67,2.7803265995202655,33,-226.67,3.1356050452823228,26
1209,apt_00475,ss,50,mcts,-226.66,2.00177945838197,49,-226.66,2.867485658203023,28
1210,apt_01436,ss,54,mcts,-226.65,2.7740419967981698,36,-226.65,2.810833862041645,17
1211,apt_00647,ss,50,mcts,-226.64,2.3981442825651573,41,-226.64,2.3981442825651573,23
1212,apt_00491,ss,50,mcts,-226.63,2.798252669077597,39,-226.63,5.244766057699818,25
1213,apt_01174,ss,50,mcts,-226.61,2.5271727285644627,46,-226.61,4.631993199476874,21
1214,apt_02540,ss,50,mcts,-239.49,5.501762354009837,42,-226.59,6.5403879089852115,21
1215,apt_00297,ss,50,mcts,-230.28,6.366682338549661,41,-226.58,3.3600919630272053,28
1216,apt_01153,ss,50,mcts,-231.64,3.0432198408922164,44,-226.56,4.834461810791349,26
1217,apt_00953,ss,50,mcts,-287.3,6.308584865086628,42,-226.55,2.779021950255155,24
1218,apt_01243,ss,50,mcts,-226.54,2.4814006125573713,56,-226.54,2.5506193365533947,36
1219,apt_00530,ss,50,mcts,-226.53,2.7954750937899777,44,-226.53,6.859890596795266,27
1220,apt_00625,ss,50,mcts,-248.69,4.235049232299434,45,-226.53,5.691479596730541,23
1221,apt_01516,ss,50,mcts,-226.53,2.5040235621894724,42,-226.53,2.5040235621894724,25
1222,apt_02618,ss,50,mcts,-226.51,2.3930121186487767,42,-226.51,6.2533718104715295,24
1223,apt_01824,ss,50,mcts,-226.5,2.4752822061332753,61,-226.5,2.4752822061332753,42
1224,apt_01297,ss,50,mcts,-226.48,3.169706295542238,28,-226.48,6.468944272445087,15
1225,apt_02020,ss,50,mcts,-226.45,2.4626778108392484,33,-226.45,5.288861692273678,22
1226,apt_02469,ss,51,mcts,-226.43,2.590623284076639,39,-226.43,2.590623284076639,27
1227,apt_01357,ss,50,mcts,-226.42,1.8438139819407104,48,-226.42,2.681852717805378,24
1228,apt_00517,ss,50,mcts,-226.39,1.9913274467048476,49,-226.39,5.219157211657827,29
1229,apt_01408,ss,61,mcts,-252.69,6.387279702659044,47,-226.39,3.8408704742544897,32
1230,apt_00782,ss,50,mcts,-226.37,2.66335972035323,40,-226.37,3.3736773704668397,30
1231,apt_02212,ss,50,mcts,-226.37,1.2664852940322588,47,-226.37,2.407557475949436,29
1232,apt_00346,ss,51,mcts,-226.36,2.934474058498396,39,-226.36,4.665919202043683,24
1233,apt_00380,ss,50,mcts,-237.61,3.315151881890191,53,-226.36,2.5167127368851703,34
1234,apt_01548,ss,54,mcts,-226.31,2.4316042029902794,43,-226.31,2.4316042029902794,27
1235,apt_01512,ss,50,mcts,-226.3,2.4191752726910694,40,-226.3,2.566817095158908,31
1236,apt_01949,ss,50,mcts,-230.16,6.389336194003249,41,-226.3,6.205485960019563,20
1237,apt_02665,ss,50,mcts,-226.3,2.904042182889216,40,-226.3,2.904042182889216,25
1238,apt_00577,ss,54,mcts,-226.27,5.007009886149625,36,-226.27,6.668199007228256,19
1239,apt_02091,ss,50,mcts,-226.27,2.5952641484056906,44,-226.27,3.8541979710440546,21
1240,apt_02560,ss,50,mcts,-226.27,2.6065768739862523,61,-226.27,3.714838758277393,36
1241,apt_01439,ss,53,mcts,-226.25,2.5599441400155456,42,-226.25,2.729172951646683,24
1242,apt_00658,ss,50,mcts,-244.92,6.987791210389725,39,-226.24,3.5345605101624717,24
1243,apt_02379,ss,57,mcts,-226.23,2.2387543411459885,29,-226.23,3.3389654086258505,16
1244,apt_02155,ss,51,mcts,-256.59,6.785401167211838,47,-226.2,2.0850537163344325,25
1245,apt_02398,ss,50,mcts,-226.19,4.214691922311778,47,-226.19,6.291647002176795,31
1246,apt_02642,ss,55,mcts,-226.18,2.5436937708773155,41,-226.18,4.950913956028744,27
1247,apt_01864,ss,50,mcts,-226.17,2.0252597364288922,40,-226.17,3.3581974331477427,25
1248,apt_00483,ss,53,mcts,-226.16,3.194230736812856,37,-226.16,6.7957037898955015,21
1249,apt_02326,ss,50,mcts,-241.41,3.5167344227280197,49,-226.16,3.3143730930599826,25
1250,apt_00945,ss,50,mcts,-236.09,3.4565187689350334,63,-226.14,2.599312216721957,35
1251,apt_01063,ss,55,mcts,-226.11,2.473855695063886,38,-226.11,2.566516900392432,28
1252,apt_02488,ss,51,mcts,-226.11,2.3116662821436917,40,-226.11,3.05761492016245,23
1253,apt_00240,ss,50,mcts,-226.07,2.1583748515955263,41,-226.07,2.1583748515955263,18
1254,apt_01703,ss,52,mcts,-226.06,3.1386452491480914,54,-226.06,3.5684133729152028,39
1255,apt_00981,ss,50,mcts,-226.05,1.8988362225320954,35,-226.05,1.8988362225320954,22
1256,apt_00345,ss,51,mcts,-227.12,4.782392079284164,48,-226.04,2.717818978519363,27
1257,apt_02302,ss,51,mcts,-226.03,2.8417096966438944,46,-226.03,4.60514071446249,30
1258,apt_02316,ss,50,mcts,-226.02,2.214850107795099,40,-226.02,5.754671493664952,27
1259,apt_00467,ss,50,mcts,-226.01,2.3729808258812493,41,-226.01,6.490350067600365,21
1260,apt_02453,ss,50,mcts,-243.63,2.876997914493503,44,-226.0,6.6874880186808525,25
1261,apt_00108,ss,50,mcts,-231.22,5.043456354525159,46,-225.98,2.2797800332488363,31
1262,apt_02510,ss,50,mcts,-225.97,2.58875993479503,45,-225.97,3.2472278946818474,28
1263,apt_01879,ss,53,mcts,-230.01,5.393749252607143,31,-225.96,3.880635128429364,15
1264,apt_00042,ss,54,mcts,-225.95,2.511768500479275,32,-225.95,2.511768500479275,17
1265,apt_01071,ss,50,mcts,-293.69,2.69144682280739,57,-225.91,4.598330240424245,38
1266,apt_02317,ss,51,mcts,-225.91,2.327956185154692,39,-225.91,2.654424419718894,26
1267,apt_01267,ss,50,mcts,-225.9,2.6040794918742356,32,-225.9,3.3423366078239383,19
1268,apt_00094,ss,50,mcts,-228.33,3.35519790772466,27,-225.84,2.749131317343708,15
1269,apt_00818,ss,50,mcts,-225.84,2.458104554326365,39,-225.84,2.6297463756035415,26
1270,apt_00366,ss,50,mcts,-247.53,5.325380455892317,20,-225.83,2.892057572041055,6
1271,apt_02156,ss,53,mcts,-225.79,2.3671159667409776,44,-225.79,2.9498113499001892,27
1272,apt_00203,ss,50,mcts,-237.17,3.1987919594746956,51,-225.76,6.546944325408621,22
1273,apt_00994,ss,50,mcts,-225.72,2.402317630955576,39,-225.72,2.8510864595799243,23
1274,apt_01450,ss,53,mcts,-248.9,4.284968728007226,48,-225.71,5.634492789950126,19
1275,apt_01851,ss,54,mcts,-225.71,2.7269281251987545,46,-225.71,4.582700077465253,27
1276,apt_02435,ss,50,mcts,-225.7,2.3991827775307075,36,-225.7,2.3991827775307075,21
1277,apt_00389,ss,50,mcts,-225.69,2.9294758916912036,46,-225.69,5.002517866035062,31
1278,apt_02194,ss,50,mcts,-225.65,3.1106541112762693,52,-225.65,3.935985518266054,39
1279,apt_00118,ss,53,mcts,-225.64,2.059566459233594,50,-225.64,4.817761824748083,41
1280,apt_00805,ss,55,mcts,-239.09,3.2927691993214534,46,-225.6,6.500560129711891,27
1281,apt_01993,ss,50,mcts,-225.6,2.938399904710058,44,-225.6,2.938399904710058,28
1282,apt_01020,ss,50,mcts,-225.59,2.773589190922122,44,-225.59,2.773589190922122,25
1283,apt_01378,ss,50,mcts,-225.59,3.2433703149655884,58,-225.59,6.219475379804952,45
1284,apt_02694,ss,50,mcts,-225.59,3.047858920619514,41,-225.59,5.7397994738492475,21
1285,apt_01847,ss,53,mcts,-225.58,2.9884403959255925,48,-225.58,2.9884403959255925,24
1286,apt_00560,ss,54,mcts,-225.54,2.4799959677386743,38,-225.54,3.763205548465313,19
1287,apt_02690,ss,53,mcts,-225.51,2.6233690171228323,36,-225.51,3.6356603251679034,16
1288,apt_00217,ss,50,mcts,-257.91,6.688320192694123,25,-225.5,2.236190063478496,13
1289,apt_01658,ss,50,mcts,-247.25,2.748799192374742,36,-225.5,5.410064787042746,20
1290,apt_00425,ss,50,mcts,-225.49,2.597281270867678,47,-225.49,4.53388200111119,24
1291,apt_00465,ss,53,mcts,-225.47,2.039711744340373,35,-225.47,3.6124163658138877,15
1292,apt_02252,ss,50,mcts,-225.45,2.362692743460318,48,-225.45,3.7165060204444647,24
1293,apt_00211,ss,50,mcts,-234.1,4.066950085752204,53,-225.44,3.4860157773596034,21
1294,apt_00769,ss,50,mcts,-233.26,6.6850871348098195,35,-225.43,2.7724388180805715,22
1295,apt_01714,ss,51,mcts,-227.22,6.219078549109998,45,-225.43,4.634829015184924,21
1296,apt_00214,ss,50,mcts,-243.26,5.349592975171098,48,-225.42,3.147380180404012,17
1297,apt_00629,ss,50,mcts,-225.39,3.248562297386336,39,-225.39,3.7981745615492724,21
1298,apt_01178,ss,54,mcts,-264.2,3.722571288773392,38,-225.38,5.680261261597037,24
1299,apt_02244,ss,56,mcts,-226.45,6.634501789885972,34,-225.37,2.479474541107447,18
1300,apt_00139,ss,51,mcts,-225.28,2.583045682910007,34,-225.28,2.583045682910007,21
1301,apt_00903,ss,50,mcts,-258.98,4.093488609975637,52,-225.28,3.266525524161715,27
1302,apt_01840,ss,51,mcts,-225.27,2.4058345745291954,38,-225.27,2.7847035748890843,23
1303,apt_00413,ss,56,mcts,-233.73,6.419023835444146,37,-225.23,3.2758771344481348,18
1304,apt_02582,ss,50,mcts,-225.23,2.4405448162244356,42,-225.23,4.723768516767088,26
1305,apt_01039,ss,50,mcts,-225.19,2.832600571912684,40,-225.19,3.6024505548307015,23
1306,apt_01161,ss,51,mcts,-225.19,3.3879808145855765,30,-225.19,3.764314280184377,18
1307,apt_02048,ss,51,mcts,-225.19,2.948589154154923,47,-225.19,2.948589154154923,33
1308,apt_02263,ss,53,mcts,-227.64,6.395108599547011,42,-225.18,5.618371116257822,28
1309,apt_02526,ss,52,mcts,-225.18,2.566545148638522,33,-225.18,2.9361159718240124,22
1310,apt_00859,ss,50,mcts,-225.15,5.000797236441397,32,-225.15,6.59886573586703,17
1311,apt_02040,ss,50,mcts,-225.15,3.1799838049902105,46,-225.15,5.580385112158475,27
1312,apt_00340,ss,50,mcts,-225.11,2.5352810495091394,46,-225.11,4.7603067128074805,37
1313,apt_00736,ss,50,mcts,-240.71,3.3041224250926233,38,-225.11,6.4845032192142495,24
1314,apt_01958,ss,50,mcts,-225.61,3.084666270441607,50,-225.08,4.105880295381258,30
1315,apt_00025,ss,54,mcts,-225.07,2.839543801387819,51,-225.07,6.593816724780863,28
1316,apt_02400,ss,55,mcts,-230.54,3.9784716914916096,50,-225.05,4.855682444312035,28
1317,apt_00563,ss,55,mcts,-258.51,6.787663147210551,33,-224.97,2.632290257551406,18
1318,apt_00119,ss,50,mcts,-224.95,2.234712733216511,52,-224.95,6.3372261282046685,32
1319,apt_00595,ss,50,mcts,-224.93,3.0476884683313687,46,-224.93,5.066751523412217,33
1320,apt_02242,ss,51,mcts,-224.92,2.660720767010306,37,-224.92,5.919725922709607,19
1321,apt_00395,ss,50,mcts,-224.9,2.5231664629984345,36,-224.9,2.5231664629984345,22
1322,apt_01579,ss,50,mcts,-224.88,2.7827211502412483,35,-224.88,2.7827211502412483,25
1323,apt_00568,ss,50,mcts,-241.49,4.511630858126594,47,-224.87,4.64115632143542,26
1324,apt_01862,ss,53,mcts,-236.0,4.585374139587738,52,-224.86,3.1683779761890682,29
1325,apt_02401,ss,50,mcts,-224.86,3.862257500478188,43,-224.86,5.057124973737548,20
1326,apt_02638,ss,50,mcts,-224.86,2.5734725566828893,45,-224.86,2.5734725566828893,31
1327,apt_00235,ss,50,mcts,-229.64,5.1286503097793705,46,-224.85,2.9521791951031657,25
1328,apt_01488,ss,52,mcts,-236.95,6.216071910780983,48,-224.85,6.942479312176606,20
1329,apt_01712,ss,50,mcts,-254.39,2.702278483058336,41,-224.84,2.114922693622641,23
1330,apt_01031,ss,50,mcts,-227.21,5.620191277883694,34,-224.82,5.731693030859207,19
1331,apt_01001,ss,50,mcts,-224.8,2.591020648316017,48,-224.8,2.591020648316017,35
1332,apt_01250,ss,50,mcts,-224.8,2.193277684197778,54,-224.8,3.6849795114763007,36
1333,apt_01505,ss,51,mcts,-224.79,3.232510788845124,38,-224.79,4.375709428195617,20
1334,apt_00717,ss,51,mcts,-227.96,3.6828903051815245,41,-224.77,6.404550101295189,20
1335,apt_01529,ss,50,mcts,-238.07,5.522182992259504,38,-224.76,6.246916279253309,22
1336,apt_00184,ss,50,mcts,-241.72,6.435746265974141,39,-224.73,3.207516172991184,17
1337,apt_01771,ss,50,mcts,-224.7,2.7242808225291495,38,-224.7,2.8981685596251916,26
1338,apt_00110,ss,50,mcts,-224.68,2.3580587354856255,40,-224.68,2.825861461572379,24
1339,apt_01013,ss,51,mcts,-236.24,5.416432312879049,40,-224.68,3.2512230006568448,22
1340,apt_01471,ss,50,mcts,-229.18,6.087382360259624,39,-224.68,4.3651594472596305,23
1341,apt_00259,ss,53,mcts,-224.66,3.071102896354997,44,-224.66,4.166763972197132,26
1342,apt_00417,ss,50,mcts,-228.63,3.1533285588406286,51,-224.63,2.5262355392955733,26
1343,apt_00968,ss,50,mcts,-224.63,2.9402018638181846,39,-224.63,4.119620613600241,25
1344,apt_01340,ss,50,mcts,-274.76,5.526811286809051,53,-224.61,6.199829110548131,30
1345,apt_00292,ss,50,mcts,-224.57,1.9845755213647065,41,-224.57,5.397278388224937,20
1346,apt_02470,ss,57,mcts,-258.51,5.734553077616405,56,-224.57,3.621888319647636,44
1347,apt_00552,ss,50,mcts,-224.55,2.637948066206004,36,-224.55,2.637948066206004,22
1348,apt_00155,ss,56,mcts,-224.51,3.763408029964351,58,-224.51,6.636740992384744,39
1349,apt_00866,ss,50,mcts,-224.51,2.8298332106327453,37,-224.51,6.8982642019569065,26
1350,apt_00392,ss,50,mcts,-224.5,2.5237846580086725,34,-224.5,3.817682281175316,22
1351,apt_00936,ss,55,mcts,-224.5,2.6770889040149477,39,-224.5,2.924920853630066,23
1352,apt_01968,ss,53,mcts,-224.48,2.996055072925074,34,-224.48,4.267610104027777,22
1353,apt_01098,ss,53,mcts,-239.04,4.087258983720041,54,-224.47,2.153019739807321,33
1354,apt_01073,ss,50,mcts,-224.59,5.329237281262671,56,-224.43,3.004715127928107,34
1355,apt_01434,ss,50,mcts,-224.43,2.396718798691242,39,-224.43,5.107991875482969,22
1356,apt_00555,ss,50,mcts,-224.37,2.5918283122151617,44,-224.37,5.4568818935359,32
1357,apt_01364,ss,50,mcts,-237.34,5.716169084273135,49,-224.37,4.354735123977111,28
1358,apt_02564,ss,50,mcts,-224.37,3.642163505390728,46,-224.37,4.901195058350576,28
1359,apt_01061,ss,52,mcts,-240.17,6.835944192282454,42,-224.34,4.226743545567911,24
1360,apt_00603,ss,50,mcts,-224.31,2.5003001819781514,49,-224.31,2.5369221509537887,33
1361,apt_01653,ss,55,mcts,-225.8,6.457159824566843,35,-224.3,5.891560574245157,18
1362,apt_00116,ss,50,mcts,-224.29,2.638608345321449,47,-224.29,3.4329124661138857,30
1363,apt_00910,ss,50,mcts,-238.95,5.374976465064777,50,-224.28,3.188751950215008,31
1364,apt_00088,ss,51,mcts,-224.23,3.461687738661586,36,-224.23,4.724744014229759,20
1365,apt_01183,ss,50,mcts,-247.91,6.379962068852758,48,-224.23,2.696508297780672,28
1366,apt_01238,ss,53,mcts,-224.21,2.6037680388237434,42,-224.21,2.6037680388237434,28
1367,apt_02371,ss,50,mcts,-224.19,3.0262693204670352,39,-224.19,3.0262693204670352,26
1368,apt_02430,ss,50,mcts,-224.19,1.914024816976004,47,-224.19,6.899818620804479,28
1369,apt_00536,ss,50,mcts,-224.16,2.787268376026946,41,-224.16,2.787268376026946,19
1370,apt_02492,ss,50,mcts,-224.16,2.542210848847908,53,-224.16,5.5844868161721015,30
1371,apt_01068,ss,50,mcts,-224.14,2.3650152219383243,45,-224.14,2.3650152219383243,28
1372,apt_00524,ss,53,mcts,-224.13,2.5829436695367662,46,-224.13,2.835822631971197,33
1373,apt_00744,ss,50,mcts,-224.12,2.6684864623977345,35,-224.12,5.582260653176281,12
1374,apt_01213,ss,50,mcts,-238.38,6.927299040751732,45,-224.12,5.529119821454422,30
1375,apt_00927,ss,55,mcts,-224.11,2.928948616824811,39,-224.11,2.928948616824811,25
1376,apt_02276,ss,50,mcts,-224.11,3.330718991449141,48,-224.11,6.21507304864553,29
1377,apt_00365,ss,50,mcts,-224.06,2.7386684720863794,42,-224.06,4.328538552444707,25
1378,apt_01145,ss,51,mcts,-224.03,3.1056408356408465,55,-224.03,3.1056408356408465,31
1379,apt_02083,ss,51,mcts,-224.02,2.419273237978706,34,-224.02,3.4233523043940406,21
1380,apt_02182,ss,53,mcts,-255.56,6.656737188743433,50,-223.96,2.663768946436599,32
1381,apt_01300,ss,50,mcts,-223.95,2.7320215958151057,34,-223.95,2.7476493589976085,18
1382,apt_01344,ss,50,mcts,-223.94,2.7541396115665457,41,-223.94,4.602865303264919,23
1383,apt_01606,ss,50,mcts,-223.94,2.413280961678524,46,-223.94,2.413280961678524,29
1384,apt_00528,ss,50,mcts,-223.91,2.5810743886994105,44,-223.91,2.5810743886994105,27
1385,apt_00703,ss,50,mcts,-223.91,2.8377156305732987,37,-223.91,6.774325796712167,22
1386,apt_00055,ss,54,mcts,-223.89,3.508049743090881,40,-223.89,3.508049743090881,30
1387,apt_02199,ss,50,mcts,-223.88,2.095093553997066,45,-223.88,2.434437922806809,20
1388,apt_02313,ss,51,mcts,-223.88,2.6474389511374876,40,-223.88,2.800366226049734,29
1389,apt_00105,ss,51,mcts,-236.15,5.066896584695597,44,-223.84,3.73393867116212,23
1390,apt_02496,ss,51,mcts,-223.83,2.1031635694828674,55,-223.83,2.1031635694828674,37
1391,apt_01617,ss,52,mcts,-224.72,6.112231752805181,37,-223.82,3.026738343497826,20
1392,apt_02308,ss,55,mcts,-223.82,2.7424773472172905,25,-223.82,6.987220692092106,11
1393,apt_00617,ss,50,mcts,-236.73,5.7610342821406695,55,-223.8,2.6146542792499345,36
1394,apt_01668,ss,60,mcts,-223.8,2.4824532221172118,44,-223.8,6.1731526791421745,23
1395,apt_01520,ss,50,mcts,-230.36,2.8034175571969415,36,-223.76,5.747918318835082,15
1396,apt_02702,ss,50,mcts,-243.01,2.1307756803568085,47,-223.74,3.9430112858068274,27
1397,apt_01907,ss,50,mcts,-227.94,4.467498628986927,50,-223.69,6.469113772380264,31
1398,apt_02498,ss,50,mcts,-223.64,2.1777681235613673,35,-223.64,2.1777681235613673,18
1399,apt_00336,ss,50,mcts,-244.1,6.558011512646179,51,-223.62,6.858474247236044,32
1400,apt_01182,ss,59,mcts,-223.62,2.6001623026265035,53,-223.62,3.1698495232423918,26
1401,apt_01421,ss,50,mcts,-233.41,6.979903366093258,51,-223.6,6.740890964850274,30
1402,apt_01923,ss,53,mcts,-232.25,3.9674138932055,42,-223.59,3.288259417990005,23
1403,apt_02134,ss,50,mcts,-223.59,2.1681386025805516,37,-223.59,3.365348867502441,14
1404,apt_02649,ss,51,mcts,-223.59,2.756962821657209,37,-223.59,5.947877016213445,28
1405,apt_00210,ss,50,mcts,-248.49,3.028816435507437,40,-223.58,3.376082937369873,20
1406,apt_01486,ss,50,mcts,-223.58,3.1505594741251834,55,-223.58,5.189348128618844,26
1407,apt_01318,ss,50,mcts,-237.71,3.0120597603633454,47,-223.57,2.494063551716345,18
1408,apt_01560,ss,56,mcts,-223.57,3.309617651632889,29,-223.57,6.1994436040664125,18
1409,apt_02409,ss,50,mcts,-223.57,2.8059750533459864,48,-223.57,5.799234087360146,30
1410,apt_01011,ss,50,mcts,-223.56,3.0207371616875407,50,-223.56,6.296493786227371,34
1411,apt_00822,ss,50,mcts,-223.53,3.1576350327420672,41,-223.53,6.497701747541214,25
1412,apt_00954,ss,50,mcts,-223.53,3.047436463652668,40,-223.53,6.150871808126067,25
1413,apt_01602,ss,51,mcts,-223.53,3.9796339027604124,35,-223.53,6.12290217135633,20
1414,apt_02591,ss,50,mcts,-243.62,3.198225914471959,55,-223.53,3.1491414703058633,37
1415,apt_01541,ss,53,mcts,-223.51,3.0805484901231335,38,-223.51,6.593356125676826,25
1416,apt_01609,ss,50,mcts,-223.46,3.2709669824074776,50,-223.46,3.757949041698146,28
1417,apt_02232,ss,50,mcts,-223.45,3.0684807315673464,52,-223.45,3.809780833591349,26
1418,apt_00791,ss,50,mcts,-236.08,2.61844323978965,46,-223.44,4.151613662180047,20
1419,apt_02716,ss,50,mcts,-223.42,2.737149246935572,30,-223.42,4.645846532118765,15
1420,apt_01275,ss,50,mcts,-223.41,2.1487249707675486,31,-223.41,2.1487249707675486,22
1421,apt_00637,ss,51,mcts,-223.39,2.680174248066714,34,-223.39,4.429419375042293,16
1422,apt_01475,ss,50,mcts,-223.39,2.30988701022365,46,-223.39,5.966837520831267,34
1423,apt_01476,ss,53,mcts,-228.55,3.013138231147058,47,-223.39,4.330192720884382,17
1424,apt_02698,ss,50,mcts,-234.94,3.9751836435566226,39,-223.37,2.4152807290251035,21
1425,apt_01711,ss,50,mcts,-223.36,2.6569939781640453,42,-223.36,5.465310055248456,24
1426,apt_00882,ss,50,mcts,-223.35,3.112379314929334,49,-223.35,4.581408189629038,27
1427,apt_00971,ss,53,mcts,-223.34,2.5334472562103905,43,-223.34,3.228151948096631,35
1428,apt_00601,ss,50,mcts,-223.33,2.384998532494321,45,-223.33,6.003088205249028,32
1429,apt_01472,ss,56,mcts,-223.33,1.3999553564310552,29,-223.33,6.670923024589637,23
1430,apt_01456,ss,50,mcts,-223.32,2.881203047339773,39,-223.32,4.533476370292448,29
1431,apt_02341,ss,50,mcts,-254.58,2.4061007875814373,47,-223.3,2.9174012408306336,26
1432,apt_01292,ss,50,mcts,-223.27,2.508279490009033,50,-223.27,2.508279490009033,34
1433,apt_02462,ss,51,mcts,-250.39,3.2572953504403017,46,-223.27,3.1217451849887032,28
1434,apt_01327,ss,50,mcts,-223.25,2.419331519242456,54,-223.25,2.419331519242456,33
1435,apt_02265,ss,50,mcts,-223.25,2.932552130823937,40,-223.25,5.778846424676802,27
1436,apt_01734,ss,50,mcts,-233.3,4.580520821915328,49,-223.23,3.098655514896717,33
1437,apt_02787,ss,50,mcts,-253.33,6.932997836434105,52,-223.22,2.781512897687178,35
1438,apt_01533,ss,50,mcts,-223.16,2.9269798427730924,40,-223.16,6.046864724797481,22
1439,apt_00747,ss,50,mcts,-287.64,5.357697359873914,37,-223.11,5.783705473137442,17
1440,apt_02315,ss,50,mcts,-223.11,2.9323214353136633,46,-223.11,4.337305499961924,37
1441,apt_01030,ss,50,mcts,-223.1,1.7511167865108455,49,-223.1,5.491808081133223,31
1442,apt_02131,ss,51,mcts,-223.1,2.5342330200674272,43,-223.1,5.9697318197721305,26
1443,apt_02128,ss,50,mcts,-223.08,2.7774846534229494,29,-223.08,3.2614459983265105,17
1444,apt_00456,ss,50,mcts,-223.07,3.350422958374066,42,-223.07,5.1520257181035225,26
1445,apt_01680,ss,50,mcts,-223.07,3.0107801314609453,46,-223.07,3.2714501371715774,29
1446,apt_00799,ss,50,mcts,-223.03,4.649440503974656,42,-223.03,5.801426203960538,28
1447,apt_00665,ss,50,mcts,-222.98,3.1531293979156643,40,-222.98,6.20019951291892,26
1448,apt_00880,ss,50,mcts,-227.37,5.5639778935578255,35,-222.98,2.3620300590805288,20
1449,apt_00476,ss,50,mcts,-222.94,2.926731453345192,37,-222.94,6.4812290501107785,22
1450,apt_01651,ss,54,mcts,-222.93,1.7321645418377536,44,-222.93,1.7321645418377536,21
1451,apt_00975,ss,50,mcts,-278.03,5.901216993129478,44,-222.91,4.382768417336236,24
1452,apt_02116,ss,50,mcts,-222.91,2.2460643356769734,34,-222.91,2.9874140991834257,24
1453,apt_02377,ss,50,mcts,-225.42,5.509425922907023,43,-222.88,2.8722019427609924,22
1454,apt_00076,ss,50,mcts,-222.85,2.29762442535763,52,-222.85,2.802274968663864,34
1455,apt_00401,ss,50,mcts,-257.83,6.240209451612988,42,-222.83,2.080370640054305,15
1456,apt_00382,ss,50,mcts,-222.79,2.269763203508235,44,-222.79,2.269763203508235,27
1457,apt_02676,ss,50,mcts,-260.72,2.147227281868417,56,-222.77,3.5481839016601318,39
1458,apt_02765,ss,54,mcts,-235.95,6.87560571877126,51,-222.75,4.174677712111438,25
1459,apt_02340,ss,52,mcts,-222.74,2.2717548283210496,42,-222.74,2.2717548283210496,29
1460,apt_00303,ss,50,mcts,-227.18,5.961837468432029,48,-222.71,5.36988510119164,30
1461,apt_00039,ss,55,mcts,-258.58,5.258975090262365,39,-222.7,2.8928653615403563,13
1462,apt_01718,ss,50,mcts,-227.49,2.5402082591787853,50,-222.7,2.3495791112452435,29
1463,apt_02707,ss,50,mcts,-222.7,2.6233886482944104,45,-222.7,2.6233886482944104,29
1464,apt_02715,ss,50,mcts,-222.7,2.851029638569215,54,-222.7,4.377542803902656,42
1465,apt_00114,ss,50,mcts,-229.45,3.3046309930157065,40,-222.69,4.297623645690718,25
1466,apt_02389,ss,50,mcts,-240.35,6.661402029603085,51,-222.66,4.799460907226982,28
1467,apt_02723,ss,50,mcts,-232.4,2.8127833190631795,44,-222.65,5.977687261809524,27
1468,apt_01328,ss,52,mcts,-222.64,3.2738776702864105,45,-222.64,5.13559129993811,29
1469,apt_01749,ss,52,mcts,-222.63,6.980520396073624,31,-222.63,6.980520396073624,16
1470,apt_02029,ss,50,mcts,-222.6,2.277629469426498,41,-222.6,2.277629469426498,24
1471,apt_01796,ss,50,mcts,-222.57,2.6578724574365915,54,-222.57,3.5671183047384263,29
1472,apt_02705,ss,51,mcts,-237.31,3.2692613844720273,45,-222.57,1.9809424524705448,21
1473,apt_01534,ss,56,mcts,-230.47,5.600249369447761,62,-222.55,2.6717279053077245,46
1474,apt_00446,ss,53,mcts,-222.54,1.684179622249358,45,-222.54,1.684179622249358,30
1475,apt_00831,ss,50,mcts,-222.53,2.131692989152045,46,-222.53,4.064323559954366,20
1476,apt_02268,ss,52,mcts,-253.69,3.446754415388485,45,-222.52,2.9131189471080643,27
1477,apt_01261,ss,50,mcts,-234.46,5.797311273340441,58,-222.48,5.710514600279029,43
1478,apt_01769,ss,50,mcts,-222.48,3.0722690311885152,37,-222.48,3.0722690311885152,24
1479,apt_00388,ss,50,mcts,-222.47,2.771412275357095,47,-222.47,3.529580853302583,29
1480,apt_00922,ss,50,mcts,-222.87,5.9867177985938085,50,-222.47,2.6112933577060837,30
1481,apt_00409,ss,54,mcts,-243.81,3.0020134909757004,44,-222.43,2.427061597899812,36
1482,apt_01563,ss,50,mcts,-222.43,2.4205993059571016,37,-222.43,4.640651139657025,21
1483,apt_00213,ss,50,mcts,-238.76,5.512512040803162,45,-222.4,3.8505864488412698,21
1484,apt_01095,ss,50,mcts,-222.37,2.4383447254233728,52,-222.37,2.4383447254233728,27
1485,apt_01800,ss,52,mcts,-222.36,3.937133602000341,45,-222.36,5.528192290432734,35
1486,apt_02266,ss,50,mcts,-233.44,5.5748891468799675,38,-222.35,5.790292997767905,24
1487,apt_02455,ss,53,mcts,-252.26,2.5757517349309937,59,-222.35,3.497499821300916,37
1488,apt_01447,ss,55,mcts,-222.32,3.0390250081234904,55,-222.32,3.0390250081234904,29
1489,apt_00222,ss,50,mcts,-222.3,2.5232946716544955,48,-222.3,4.0816592214441565,34
1490,apt_00857,ss,50,mcts,-223.57,4.0828250023727355,40,-222.29,6.088904499168961,22
1491,apt_01902,ss,50,mcts,-249.14,3.4395448826843515,47,-222.24,4.331552262180377,21
1492,apt_02547,ss,53,mcts,-222.24,1.7340844846777257,45,-222.24,3.0812120991583902,35
1493,apt_00887,ss,50,mcts,-230.17,4.201447131644039,42,-222.23,2.726723124924853,23
1494,apt_02175,ss,50,mcts,-222.22,1.4930897494792401,42,-222.22,1.4930897494792401,29
1495,apt_02519,ss,50,mcts,-222.21,2.7659642080113556,50,-222.21,5.188508648927955,30
1496,apt_00878,ss,50,mcts,-233.84,3.8228922297130072,34,-222.19,2.9096276394067817,24
1497,apt_00712,ss,50,mcts,-222.18,2.7518090413399032,49,-222.18,5.287872161843561,35
1498,apt_01786,ss,50,mcts,-248.83,5.136478754944878,29,-222.16,3.369012466584231,19
1499,apt_01717,ss,50,mcts,-222.12,2.522574875003724,44,-222.12,4.535737646734,29
1500,apt_01599,ss,52,mcts,-222.11,2.4127084365915485,39,-222.11,2.965457637532529,27
1501,apt_01441,ss,50,mcts,-222.1,2.0534512412034593,56,-222.1,2.0534512412034593,34
1502,apt_01375,ss,50,mcts,-222.09,2.1029969091750935,40,-222.09,2.361962319767197,26
1503,apt_02763,ss,52,mcts,-222.09,1.9647073573435927,32,-222.09,2.216499266862045,15
1504,apt_00422,ss,50,mcts,-222.06,2.674709890810597,29,-222.06,2.674709890810597,13
1505,apt_01699,ss,50,mcts,-222.48,6.761570675516144,27,-222.06,5.284933017550931,17
1506,apt_02408,ss,50,mcts,-229.23,5.202694205889845,43,-222.06,6.343324443854351,17
1507,apt_01948,ss,51,mcts,-223.98,5.85161012030021,56,-222.02,2.5482548930591724,32
1508,apt_02018,ss,50,mcts,-222.02,3.0006670924979253,36,-222.02,5.72550958430776,25
1509,apt_00405,ss,50,mcts,-223.58,6.070989540429133,51,-222.01,6.824371106556255,26
1510,apt_01054,ss,50,mcts,-221.98,2.7199797793366285,49,-221.98,4.342003454627825,35
1511,apt_00028,ss,53,mcts,-221.96,2.2753186590014227,42,-221.96,3.5504716588081684,21
1512,apt_02190,ss,50,mcts,-232.61,2.40366262191684,38,-221.96,5.873589788195963,21
1513,apt_01965,ss,52,mcts,-246.48,2.7024561051014193,47,-221.95,5.836353741849437,26
1514,apt_02352,ss,52,mcts,-221.95,2.670025093515049,44,-221.95,6.993739557632956,23
1515,apt_00046,ss,52,mcts,-221.94,3.2164883024814555,39,-221.94,3.2164883024814555,15
1516,apt_01701,ss,51,mcts,-221.94,1.8647538711583405,43,-221.94,1.8647538711583405,29
1517,apt_02528,ss,57,mcts,-229.76,5.4126491665357115,35,-221.92,2.7268745845747895,26
1518,apt_01280,ss,50,mcts,-221.89,2.779730382609075,32,-221.89,3.03223284066379,21
1519,apt_01859,ss,50,mcts,-221.89,3.5581503621966397,36,-221.89,6.179788345890179,14
1520,apt_02293,ss,51,mcts,-221.89,2.5756125485018018,37,-221.89,3.2845336046385665,19
1521,apt_00323,ss,60,mcts,-221.87,4.327819196777982,51,-221.87,5.736544691711217,34
1522,apt_01532,ss,50,mcts,-227.44,2.6686372927020376,33,-221.87,4.081021685803685,19
1523,apt_02322,ss,50,mcts,-291.47,6.9066382560548325,37,-221.87,2.234176582099084,15
1524,apt_02036,ss,50,mcts,-221.86,2.1705496999608163,39,-221.86,2.3747105086725906,26
1525,apt_00092,ss,50,mcts,-235.37,6.211317493092741,41,-221.83,1.2008817593751815,24
1526,apt_00653,ss,50,mcts,-221.83,2.4897311099795467,36,-221.83,2.4897311099795467,25
1527,apt_02722,ss,53,mcts,-221.79,2.715497376172546,45,-221.79,3.6858674691312463,31
1528,apt_00582,ss,50,mcts,-221.76,2.5157466088618823,52,-221.76,2.5157466088618823,35
1529,apt_00700,ss,50,mcts,-221.76,2.7099667894644077,48,-221.76,5.782867108969393,27
1530,apt_01034,ss,50,mcts,-221.7,2.216094312072485,39,-221.7,4.006251489859327,31
1531,apt_00668,ss,55,mcts,-221.68,2.497830258444331,49,-221.68,2.497830258444331,18
1532,apt_02073,ss,50,mcts,-251.53,3.701208181121421,31,-221.66,3.284150727357074,12
1533,apt_01567,ss,50,mcts,-221.62,3.7686318472358042,40,-221.62,6.823518960184696,22
1534,apt_00559,ss,53,mcts,-221.59,2.668660150712342,52,-221.59,5.4666510772135455,33
1535,apt_01889,ss,50,mcts,-221.59,2.4350813128107216,45,-221.59,2.4350813128107216,29
1536,apt_02487,ss,50,mcts,-221.56,3.1454349460765973,52,-221.56,6.26377290456796,37
1537,apt_02034,ss,50,mcts,-221.55,2.8481044573540477,51,-221.55,2.915673507099179,34
1538,apt_01462,ss,53,mcts,-242.81,5.239395862119987,49,-221.54,5.861924854516645,29
1539,apt_01976,ss,50,mcts,-221.53,2.5176784941687878,36,-221.53,3.9552175667085576,19
1540,apt_01506,ss,51,mcts,-223.6,5.26118598796886,50,-221.52,4.370020709333086,30
1541,apt_02600,ss,53,mcts,-223.13,4.645105596216303,29,-221.52,6.633115482184834,15
1542,apt_00349,ss,51,mcts,-221.51,2.7550176042994794,40,-221.51,2.7550176042994794,21
1543,apt_00802,ss,50,mcts,-233.41,5.237797342394984,34,-221.48,5.685717632805897,16
1544,apt_02208,ss,50,mcts,-242.96,6.639837046193231,49,-221.46,4.867428684634228,30
1545,apt_00525,ss,50,mcts,-225.11,3.5710723879529658,55,-221.44,6.975445720525691,36
1546,apt_02147,ss,53,mcts,-232.4,6.664471922065555,35,-221.44,1.3947103641975263,21
1547,apt_00267,ss,50,mcts,-244.99,3.2751097691528117,55,-221.43,3.5070735663798183,40
1548,apt_02410,ss,50,mcts,-221.43,3.0044943002109132,35,-221.43,5.60310217647332,13
1549,apt_00849,ss,50,mcts,-231.32,4.671862262524451,47,-221.4,6.676611266203836,27
1550,apt_00811,ss,50,mcts,-223.27,6.450679189046694,45,-221.39,4.166197066870457,22
1551,apt_02556,ss,50,mcts,-260.92,6.281286253626731,40,-221.37,2.83963906157101,19
1552,apt_02782,ss,50,mcts,-221.32,2.2339339739571455,38,-221.32,2.994060119636897,24
1553,apt_01942,ss,50,mcts,-222.03,6.012559105738572,37,-221.3,3.032181063195285,19
1554,apt_01009,ss,51,mcts,-221.27,2.4657917592530056,31,-221.27,2.890672759064919,18
1555,apt_01607,ss,50,mcts,-261.84,5.534333293179964,42,-221.27,2.947227341078398,24
1556,apt_01194,ss,51,mcts,-232.02,2.6276982322938265,43,-221.26,6.1896340764216475,29
1557,apt_01616,ss,50,mcts,-221.25,2.5222614852548393,44,-221.25,3.670378045923875,23
1558,apt_00335,ss,50,mcts,-224.9,3.6882353504081165,35,-221.21,2.134627133716786,22
1559,apt_00950,ss,50,mcts,-227.33,2.8261847073395576,51,-221.2,3.0030432897312584,30
1560,apt_01110,ss,50,mcts,-221.19,3.3022896602206084,40,-221.19,6.2523071741557965,17
1561,apt_01489,ss,50,mcts,-221.18,2.6573665535638766,59,-221.18,3.0072903085668274,38
1562,apt_02239,ss,50,mcts,-221.08,2.5879308336970785,52,-221.08,2.6634079672479745,31
1563,apt_00251,ss,52,mcts,-221.04,3.235252849469418,46,-221.04,3.439375960839409,26
1564,apt_00294,ss,50,mcts,-253.77,4.391257906340729,46,-221.04,4.25330095337727,28
1565,apt_00308,ss,50,mcts,-262.38,4.883073622217868,52,-220.99,4.272770646781795,30
1566,apt_02139,ss,52,mcts,-220.98,1.822671939763169,38,-220.98,3.202906960871622,16
1567,apt_01618,ss,55,mcts,-220.97,2.60329521952467,30,-220.97,3.337168859976968,20
1568,apt_02357,ss,51,mcts,-220.97,2.757079251671955,50,-220.97,4.697362344976174,26
1569,apt_01170,ss,55,mcts,-220.96,2.9803592065387057,44,-220.96,5.95455405551078,26
1570,apt_02772,ss,53,mcts,-223.87,6.734474738240552,45,-220.93,5.848484077092104,32
1571,apt_02662,ss,54,mcts,-236.47,5.789618467567631,42,-220.91,3.2373342428609346,20
1572,apt_01807,ss,54,mcts,-220.9,2.5579634477450957,42,-220.9,4.659351135083099,21
1573,apt_02581,ss,53,mcts,-253.48,5.571573386396358,33,-220.85,3.6608313263519863,17
1574,apt_00518,ss,50,mcts,-265.93,4.64225182427665,51,-220.83,5.2547244456774305,33
1575,apt_01611,ss,50,mcts,-239.17,6.28475345578488,32,-220.83,5.4268277105506,22
1576,apt_00943,ss,50,mcts,-220.82,2.836313452353253,58,-220.82,2.836313452353253,38
1577,apt_02450,ss,50,mcts,-220.81,3.4017308829476742,38,-220.81,5.274560266031653,25
1578,apt_01943,ss,50,mcts,-220.78,2.7943773904038123,41,-220.78,2.9217766855117335,27
1579,apt_02148,ss,55,mcts,-220.77,2.4780663832916114,32,-220.77,3.6661471601669295,14
1580,apt_00549,ss,50,mcts,-220.76,2.316112259800893,29,-220.76,3.4623080452207016,13
1581,apt_02217,ss,50,mcts,-220.75,1.9752733987982476,39,-220.75,1.9752733987982476,26
1582,apt_02320,ss,57,mcts,-220.75,2.7808243382134124,42,-220.75,4.1796929313048885,29
1583,apt_02793,ss,50,mcts,-244.91,2.4058532789844076,38,-220.75,4.982892934832151,22
1584,apt_00127,ss,52,mcts,-266.33,5.0354275885966135,28,-220.71,5.77882548620392,17
1585,apt_00804,ss,50,mcts,-220.7,2.613657016519216,48,-220.7,5.721803387045044,34
1586,apt_01911,ss,50,mcts,-224.17,5.50330936800759,40,-220.68,6.2142452478156995,24
1587,apt_00513,ss,59,mcts,-220.67,2.397508915520428,53,-220.67,2.397508915520428,41
1588,apt_00535,ss,52,mcts,-220.66,2.703877585986462,39,-220.66,6.655333875922384,23
1589,apt_00154,ss,50,mcts,-220.64,2.616739383278361,38,-220.64,3.17857719742654,28
1590,apt_01644,ss,52,mcts,-243.51,6.569265255719261,54,-220.64,5.4246642292403715,28
1591,apt_01519,ss,50,mcts,-220.62,2.5722783675177654,43,-220.62,2.7711071794501376,18
1592,apt_01880,ss,50,mcts,-220.62,2.783297684402443,30,-220.62,2.783297684402443,22
1593,apt_00934,ss,50,mcts,-220.61,2.44783680011558,43,-220.61,2.590510374424311,27
1594,apt_01841,ss,50,mcts,-226.1,4.173684942589697,46,-220.61,4.542388028339287,22
1595,apt_01342,ss,55,mcts,-220.59,2.7171163022586935,45,-220.59,6.03419704683234,22
1596,apt_02397,ss,55,mcts,-220.58,3.2820898829861496,43,-220.58,3.9559799038923362,26
1597,apt_02653,ss,50,mcts,-252.08,3.061111072796952,41,-220.55,6.6667078832059286,29
1598,apt_00054,ss,53,mcts,-220.54,2.262393643909033,42,-220.54,2.262393643909033,24
1599,apt_02692,ss,52,mcts,-220.53,2.159451319201247,54,-220.53,2.55464165784558,38
1600,apt_00257,ss,50,mcts,-224.95,6.9400242794964475,40,-220.52,4.02788356336178,27
1601,apt_02152,ss,50,mcts,-220.52,2.6536094286838776,33,-220.52,3.269338312258296,18
1602,apt_01950,ss,53,mcts,-236.32,2.9254362067903754,47,-220.51,5.419056559955799,30
1603,apt_00121,ss,52,mcts,-280.53,3.455758238071636,46,-220.49,6.544340455691455,23
1604,apt_00493,ss,50,mcts,-220.48,3.4964639280278558,41,-220.48,4.778560138786586,24
1605,apt_02657,ss,51,mcts,-220.48,2.7656371779392903,37,-220.48,2.7656371779392903,20
1606,apt_01619,ss,54,mcts,-233.9,3.211889475059828,45,-220.47,2.75629679098605,30
1607,apt_00391,ss,50,mcts,-220.45,2.5811788004708154,43,-220.45,4.599811083077209,28
1608,apt_00460,ss,52,mcts,-235.21,6.608262555316643,51,-220.43,2.5060315241433035,30
1609,apt_01018,ss,50,mcts,-220.42,2.2703411637901425,40,-220.42,3.3974681749797093,27
1610,apt_00803,ss,50,mcts,-220.33,2.315790577750921,38,-220.33,2.924169796711537,21
1611,apt_02084,ss,51,mcts,-283.78,4.429282108874978,45,-220.32,4.437592703257029,19
1612,apt_01635,ss,50,mcts,-239.64,5.3975462943822885,44,-220.28,5.323125491663699,25
1613,apt_02202,ss,50,mcts,-221.47,5.4863811387835435,42,-220.26,0.9825380399760497,30
1614,apt_00848,ss,50,mcts,-228.8,4.917277397096889,33,-220.25,6.624777354749358,22
1615,apt_02108,ss,50,mcts,-232.18,4.471556775889147,41,-220.24,5.962195317162978,33
1616,apt_01076,ss,50,mcts,-243.93,6.856820035555855,43,-220.22,5.804585514918347,23
1617,apt_02039,ss,50,mcts,-220.2,3.081893249286876,41,-220.2,4.004905367171613,24
1618,apt_00013,ss,50,mcts,-220.17,2.0496609475715735,44,-220.17,2.0496609475715735,31
1619,apt_02076,ss,50,mcts,-220.17,3.8994981728422506,44,-220.17,6.061372781804463,27
1620,apt_02201,ss,50,mcts,-224.45,2.8856815486120695,32,-220.15,2.9887492367209467,18
1621,apt_00677,ss,50,mcts,-220.14,2.5319174552105794,54,-220.14,4.167232294941092,29
1622,apt_02348,ss,50,mcts,-220.14,1.1061216027182628,24,-220.14,2.9850569508805083,12
1623,apt_02200,ss,50,mcts,-220.12,2.7406227394517466,69,-220.12,3.5055274924039597,51
1624,apt_02515,ss,54,mcts,-226.97,3.354392046258158,62,-220.11,6.899033120662632,36
1625,apt_00895,ss,51,mcts,-231.53,3.600752560229606,48,-220.1,5.911207152519706,37
1626,apt_02549,ss,56,mcts,-235.81,6.112844673308837,60,-220.06,2.6945047782477594,37
1627,apt_00406,ss,50,mcts,-236.83,4.233889582877661,42,-220.0,3.8877980914651493,25
1628,apt_02376,ss,51,mcts,-219.98,2.7292315768362445,51,-219.98,2.7292315768362445,33
1629,apt_01258,ss,50,mcts,-240.75,3.7414196503466495,44,-219.97,4.923671089745944,30
1630,apt_00147,ss,50,mcts,-226.25,2.5711020983228003,47,-219.88,5.3854802014305045,26
1631,apt_01708,ss,50,mcts,-222.02,2.8783795788603017,47,-219.88,6.956274362041814,23
1632,apt_01379,ss,50,mcts,-219.86,2.632752741903415,48,-219.86,6.869226594020605,20
1633,apt_01744,ss,50,mcts,-219.86,3.2121944212640696,30,-219.86,4.4205362796837155,16
1634,apt_01167,ss,51,mcts,-225.95,6.941628699375956,35,-219.85,2.5999792306862743,20
1635,apt_01430,ss,54,mcts,-219.81,3.129329161337952,45,-219.81,6.57992705126737,31
1636,apt_01866,ss,50,mcts,-219.81,2.4818978625237613,42,-219.81,2.4818978625237613,23
1637,apt_00271,ss,50,mcts,-229.47,3.3965114455865058,43,-219.8,5.93103338382107,25
1638,apt_01481,ss,50,mcts,-219.76,2.7817019969795655,45,-219.76,4.873743222616469,26
1639,apt_00529,ss,50,mcts,-219.7,2.1043053485651733,31,-219.7,4.551492282757376,20
1640,apt_01665,ss,50,mcts,-219.7,2.533191860084827,47,-219.7,5.104630544907252,32
1641,apt_01492,ss,50,mcts,-219.69,2.386488214930048,46,-219.69,6.469114081541618,18
1642,apt_01816,ss,50,mcts,-219.66,2.1319296423662983,41,-219.66,3.270318027348407,25
1643,apt_02786,ss,50,mcts,-219.66,3.82434425751658,44,-219.66,5.714523777183877,30
1644,apt_00096,ss,50,mcts,-219.63,2.41979131331606,27,-219.63,2.41979131331606,13
1645,apt_02700,ss,50,mcts,-226.07,5.57168349783078,39,-219.61,5.501638392333689,21
1646,apt_00342,ss,50,mcts,-231.26,3.1062449999959743,57,-219.59,3.0623432204767704,36
1647,apt_00794,ss,50,mcts,-238.74,6.135495823484829,46,-219.59,4.821974388152642,22
1648,apt_01014,ss,52,mcts,-219.58,2.585924592868112,51,-219.58,4.747550315689141,40
1649,apt_01707,ss,50,mcts,-220.28,5.834785600174182,36,-219.58,2.5530464155592503,22
1650,apt_00583,ss,50,mcts,-284.43,6.477747370807229,38,-219.57,4.357809770974406,19
1651,apt_00017,ss,50,mcts,-232.75,3.157239300401541,44,-219.55,6.659062021035694,24
1652,apt_00087,ss,51,mcts,-219.54,2.866226264620434,40,-219.54,4.786804153085848,21
1653,apt_01482,ss,50,mcts,-246.08,5.402068955502161,50,-219.53,4.9263923920045265,18
1654,apt_00141,ss,50,mcts,-219.5,2.7214286689163827,53,-219.5,2.7214286689163827,39
1655,apt_01754,ss,61,mcts,-280.83,6.6783807169103575,51,-219.5,2.561288933330249,20
1656,apt_01578,ss,50,mcts,-233.64,3.1577322559077294,38,-219.49,6.694599241179424,19
1657,apt_02551,ss,50,mcts,-229.88,6.9945658907469035,51,-219.48,2.8113946716887654,30
1658,apt_00062,ss,58,mcts,-233.36,4.114302978634407,48,-219.47,6.875792754293856,26
1659,apt_00416,ss,50,mcts,-229.91,2.2203321823547157,37,-219.45,2.8505760821279553,22
1660,apt_00507,ss,50,mcts,-219.45,2.3788244996216137,46,-219.45,5.542467501032375,27
1661,apt_00634,ss,50,mcts,-235.92,3.6961132287850678,43,-219.44,3.5399165244395294,17
1662,apt_01918,ss,50,mcts,-219.44,2.2690180695622617,39,-219.44,2.2690180695622617,24
1663,apt_02418,ss,51,mcts,-240.93,4.5425285909942135,40,-219.44,6.217040292615127,25
1664,apt_02098,ss,50,mcts,-228.77,5.821928975863563,34,-219.4,2.9854683049732804,17
1665,apt_02023,ss,50,mcts,-219.39,2.691631847040026,35,-219.39,3.099259750327477,23
1666,apt_02249,ss,56,mcts,-240.35,4.76753101720376,43,-219.39,4.235924928513245,20
1667,apt_00436,ss,50,mcts,-219.38,2.2182308265822805,41,-219.38,2.2182308265822805,28
1668,apt_00592,ss,50,mcts,-219.37,2.3200788779694346,39,-219.37,3.587292014876967,17
1669,apt_01307,ss,50,mcts,-219.37,2.582800611739127,39,-219.37,5.752719270049584,24
1670,apt_00093,ss,50,mcts,-219.35,2.434505493935083,50,-219.35,5.0227806044063135,25
1671,apt_01884,ss,50,mcts,-219.35,2.798900855693183,38,-219.35,3.461470930110487,22
1672,apt_02042,ss,50,mcts,-219.28,3.3299809308763155,43,-219.28,5.132713707192328,29
1673,apt_02256,ss,51,mcts,-231.19,3.1052776043375077,46,-219.26,4.859745260813568,26
1674,apt_02054,ss,50,mcts,-219.23,2.299376219760477,48,-219.23,4.219578888941411,32
1675,apt_01059,ss,51,mcts,-242.58,4.1228393129007666,40,-219.2,6.667159815093683,27
1676,apt_00399,ss,50,mcts,-219.18,2.417397981301377,42,-219.18,2.67565487311051,26
1677,apt_01535,ss,56,mcts,-234.65,2.7502388987140964,49,-219.14,2.3194201861672306,24
1678,apt_00085,ss,50,mcts,-220.27,2.4945921510339217,57,-219.12,4.642583440284089,30
1679,apt_02506,ss,50,mcts,-219.11,2.5974966794973997,33,-219.11,3.35361744985918,21
1680,apt_02784,ss,51,mcts,-232.9,5.084774429608471,39,-219.09,6.420103036556364,27
1681,apt_01405,ss,50,mcts,-219.08,2.8314897139138577,32,-219.08,5.7572258944738435,16
1682,apt_00043,ss,54,mcts,-219.03,3.1209875039801083,22,-219.03,3.1209875039801083,11
1683,apt_01801,ss,50,mcts,-219.01,2.772395895250158,34,-219.01,4.969559437213711,20
1684,apt_02170,ss,50,mcts,-237.05,3.3669033250154636,32,-219.0,2.4081499122770564,18
1685,apt_00681,ss,52,mcts,-228.4,3.1563310979680264,26,-218.99,6.142462698299445,13
1686,apt_01468,ss,53,mcts,-233.64,6.40892073597419,36,-218.96,5.8914102725917905,16
1687,apt_00443,ss,51,mcts,-218.95,2.7181031989238282,49,-218.95,4.6388857498325935,38
1688,apt_00362,ss,53,mcts,-232.49,6.620376575392054,25,-218.93,4.470576472894746,9
1689,apt_01681,ss,50,mcts,-224.98,2.68755855750159,45,-218.93,4.118238701192528,27
1690,apt_02141,ss,51,mcts,-218.9,2.833084185124058,35,-218.9,2.833084185124058,23
1691,apt_01165,ss,50,mcts,-218.87,1.7254489270911582,30,-218.87,3.2148564509165873,21
1692,apt_00341,ss,50,mcts,-221.63,3.262098404401674,49,-218.85,6.160264523541183,30
1693,apt_01336,ss,50,mcts,-224.43,5.65382286599076,44,-218.84,4.7145490770592255,25
1694,apt_00641,ss,54,mcts,-218.83,3.0413465767649703,53,-218.83,5.208796790046635,35
1695,apt_00667,ss,55,mcts,-245.11,5.832757495387584,50,-218.82,3.1772307124286727,27
1696,apt_00749,ss,50,mcts,-243.6,4.5295017386021765,34,-218.82,5.8373380063176095,23
1697,apt_01507,ss,55,mcts,-236.53,5.179428153763703,27,-218.75,3.0465350810387983,13
1698,apt_00969,ss,56,mcts,-252.28,6.892997606266789,46,-218.74,3.0721525027250856,22
1699,apt_01692,ss,50,mcts,-218.73,2.5591311025424286,36,-218.73,5.1182161931672905,25
1700,apt_01525,ss,50,mcts,-218.71,2.968695673187137,47,-218.71,2.968695673187137,32
1701,apt_01863,ss,53,mcts,-218.7,2.328872044574364,45,-218.7,2.9163595457350655,27
1702,apt_01346,ss,50,mcts,-218.69,1.983745447379798,38,-218.69,2.5191184966174203,25
1703,apt_00999,ss,50,mcts,-227.57,3.03675715196326,45,-218.68,2.084244947217102,27
1704,apt_00469,ss,50,mcts,-218.66,2.574706196831002,43,-218.66,4.451006290716743,29
1705,apt_02336,ss,50,mcts,-238.32,3.4593343290292204,39,-218.59,5.81522424331169,21
1706,apt_01733,ss,51,mcts,-218.57,4.77629406548636,46,-218.57,6.644852594301848,30
1707,apt_00174,ss,50,mcts,-240.84,2.8314411524875545,40,-218.56,2.5925761319583267,26
1708,apt_02523,ss,50,mcts,-267.15,5.762646700952595,48,-218.51,3.8700213177707434,22
1709,apt_00827,ss,50,mcts,-218.49,2.581946746158796,40,-218.49,5.126363818536482,23
1710,apt_00996,ss,50,mcts,-218.49,2.508365204670152,45,-218.49,5.997812768001338,30
1711,apt_00572,ss,51,mcts,-218.48,4.348396716032248,52,-218.48,6.823228048365376,32
1712,apt_00986,ss,50,mcts,-262.06,6.486212685381199,39,-218.46,4.45853271828299,22
1713,apt_01306,ss,50,mcts,-218.46,2.1387945202847294,45,-218.46,5.461385263831884,26
1714,apt_00834,ss,50,mcts,-237.17,5.514432971756929,48,-218.45,3.979308231338707,31
1715,apt_02119,ss,55,mcts,-218.45,2.922644179505959,45,-218.45,3.1833597032066594,29
1716,apt_00993,ss,51,mcts,-218.42,1.5966496171671378,35,-218.42,2.4109029428826076,19
1717,apt_00626,ss,50,mcts,-218.4,1.860975281942239,34,-218.4,1.860975281942239,22
1718,apt_02563,ss,50,mcts,-218.39,2.936749563718347,42,-218.39,4.57270882519323,24
1719,apt_00291,ss,51,mcts,-235.64,3.997067425000489,27,-218.38,3.770732687422961,12
1720,apt_00477,ss,52,mcts,-218.36,3.0251375175353745,38,-218.36,3.050299165655723,29
1721,apt_01351,ss,50,mcts,-225.76,3.942072551336412,45,-218.36,2.9553546318504758,32
1722,apt_01092,ss,50,mcts,-221.39,6.163061414589363,52,-218.34,6.602289678588788,33
1723,apt_00997,ss,53,mcts,-218.81,4.8162028611760075,46,-218.33,2.366672347411016,23
1724,apt_00902,ss,50,mcts,-240.98,2.5784600055071594,49,-218.31,3.705944414046161,28
1725,apt_02672,ss,61,mcts,-218.31,2.5548074291421723,39,-218.31,2.5548074291421723,20
1726,apt_00053,ss,52,mcts,-218.27,1.4204826644489668,49,-218.27,1.4204826644489668,29
1727,apt_00190,ss,50,mcts,-218.27,2.985785156370092,38,-218.27,2.9937418058342926,24
1728,apt_00694,ss,54,mcts,-218.24,2.7072602386915205,46,-218.24,6.1068515619753,32
1729,apt_02525,ss,51,mcts,-234.8,3.4036640551029778,41,-218.24,2.6098015250206315,25
1730,apt_01240,ss,54,mcts,-240.81,5.439584726796711,43,-218.22,3.2046655051658712,22
1731,apt_00196,ss,52,mcts,-225.89,6.842022288768123,26,-218.21,5.5358533217562895,9
1732,apt_00233,ss,55,mcts,-218.2,6.011432607956284,40,-218.2,6.011432607956284,22
1733,apt_00979,ss,51,mcts,-218.18,2.373702592996855,44,-218.18,2.373702592996855,28
1734,apt_02710,ss,53,mcts,-228.88,6.392888783640774,51,-218.18,6.027114234855686,34
1735,apt_00551,ss,50,mcts,-218.17,3.222329126579103,47,-218.17,6.38035900243865,31
1736,apt_01044,ss,52,mcts,-218.17,1.5636956225557281,38,-218.17,5.568259602425137,24
1737,apt_01303,ss,55,mcts,-239.31,4.107288399905708,37,-218.13,2.3485565779857214,15
1738,apt_00913,ss,50,mcts,-223.34,5.2632865207966875,51,-218.12,3.0756426970634982,30
1739,apt_01566,ss,51,mcts,-228.17,5.604122500445553,42,-218.12,6.173248415542676,22
1740,apt_02507,ss,51,mcts,-218.12,1.457277255706688,31,-218.12,1.457277255706688,19
1741,apt_00713,ss,54,mcts,-218.08,2.6327016541947996,47,-218.08,5.688403290906853,30
1742,apt_02608,ss,55,mcts,-238.9,6.5901218501633245,51,-218.07,2.78035267547123,23
1743,apt_01549,ss,53,mcts,-218.06,2.783019403453736,40,-218.06,6.1925678841656575,29
1744,apt_01673,ss,50,mcts,-218.06,2.638740040246477,38,-218.06,4.539631372699769,23
1745,apt_00314,ss,53,mcts,-218.05,1.3835667674528889,46,-218.05,1.3835667674528889,35
1746,apt_00492,ss,50,mcts,-226.76,2.5975315205017164,38,-218.05,6.001087734736095,9
1747,apt_02072,ss,50,mcts,-218.05,2.638640938058834,32,-218.05,6.436134398845335,16
1748,apt_01929,ss,55,mcts,-219.23,5.836397347679464,41,-218.03,2.870797972689821,26
1749,apt_00743,ss,50,mcts,-241.51,6.10079117819978,44,-217.97,2.304149734717758,27
1750,apt_01418,ss,56,mcts,-235.42,5.247942168126461,46,-217.95,5.4232744721247705,24
1751,apt_02368,ss,51,mcts,-235.11,5.397521190324308,42,-217.93,3.690289013071999,19
1752,apt_00293,ss,50,mcts,-230.73,5.44335071440377,29,-217.92,4.057206674548381,18
1753,apt_00706,ss,50,mcts,-227.38,6.7956622929630806,42,-217.91,4.891952268777761,18
1754,apt_01758,ss,57,mcts,-217.91,2.8618086938158367,37,-217.91,3.50947033040599,21
1755,apt_01900,ss,50,mcts,-217.91,2.5672736511716123,37,-217.91,3.4208240235358622,20
1756,apt_00709,ss,50,mcts,-217.89,2.7755592229314767,39,-217.89,6.9737907912411705,23
1757,apt_01835,ss,50,mcts,-225.31,4.824343064086556,45,-217.88,4.704692763613795,29
1758,apt_00643,ss,52,mcts,-217.87,2.277417396965257,53,-217.87,2.277417396965257,27
1759,apt_00440,ss,59,mcts,-248.71,6.3783858459644796,35,-217.82,2.307529848127641,21
1760,apt_02620,ss,50,mcts,-217.82,2.277063240228514,32,-217.82,2.277063240228514,22
1761,apt_00079,ss,50,mcts,-226.22,6.59464403891522,40,-217.81,6.3229180763315425,22
1762,apt_02441,ss,50,mcts,-217.78,3.6505411927548668,33,-217.78,3.8046647684125805,22
1763,apt_00355,ss,50,mcts,-225.55,3.0567350228634624,48,-217.76,6.747696940438284,28
1764,apt_01582,ss,50,mcts,-217.76,1.9191500722976433,24,-217.76,1.9191500722976433,14
1765,apt_00165,ss,55,mcts,-235.28,6.406802010363657,49,-217.71,3.1907605676390127,24
1766,apt_00124,ss,56,mcts,-217.69,2.3988953707904863,43,-217.69,2.3988953707904863,24
1767,apt_00627,ss,50,mcts,-228.5,3.1076975399803533,40,-217.69,6.3986618132231525,24
1768,apt_02306,ss,52,mcts,-217.69,2.0230019772605123,47,-217.69,2.1595911650124924,30
1769,apt_02513,ss,52,mcts,-217.69,2.427403963084858,42,-217.69,2.808488205422975,25
1770,apt_00678,ss,51,mcts,-267.32,5.896200556290452,34,-217.68,6.458508573966579,20
1771,apt_01099,ss,50,mcts,-221.46,6.713644017968186,39,-217.65,6.975633806329005,19
1772,apt_02269,ss,55,mcts,-217.65,4.013430577448676,44,-217.65,5.561675466979359,19
1773,apt_01377,ss,50,mcts,-280.39,5.70704214107448,53,-217.64,6.581783193026057,27
1774,apt_02173,ss,50,mcts,-248.86,5.237462171701122,52,-217.6,2.144143185517229,28
1775,apt_01823,ss,50,mcts,-217.59,2.732593822725936,63,-217.59,6.107248971509185,46
1776,apt_00670,ss,50,mcts,-217.56,2.7132434465045745,44,-217.56,6.370903703557288,31
1777,apt_02342,ss,55,mcts,-217.47,3.028629558067467,35,-217.47,3.935480783843311,27
1778,apt_02459,ss,50,mcts,-225.32,6.222898761831177,43,-217.38,2.8414635313514194,26
1779,apt_01787,ss,50,mcts,-217.37,2.96865019832246,49,-217.37,4.403020894794832,29
1780,apt_01499,ss,50,mcts,-251.22,5.937505452629093,48,-217.35,3.8452904961784213,30
1781,apt_02309,ss,50,mcts,-228.09,5.474510480399151,46,-217.33,6.148410607628621,22
1782,apt_00320,ss,50,mcts,-217.32,2.3394477980925124,39,-217.32,3.2145180043048356,19
1783,apt_02227,ss,50,mcts,-217.31,2.379303679650842,44,-217.31,5.755080624978256,25
1784,apt_01924,ss,51,mcts,-232.21,4.020035945112942,45,-217.3,2.3219752367327287,28
1785,apt_01868,ss,50,mcts,-217.28,1.862770248849809,35,-217.28,3.283452146750422,20
1786,apt_00640,ss,50,mcts,-217.27,2.5918813630257214,43,-217.27,5.469505827769079,22
1787,apt_00482,ss,50,mcts,-217.26,2.66878905123654,45,-217.26,4.7315077935051555,16
1788,apt_01613,ss,50,mcts,-276.99,4.573277271279324,27,-217.26,2.527265913986891,15
1789,apt_00511,ss,57,mcts,-218.09,6.273179417169567,42,-217.16,2.423710378737518,29
1790,apt_02573,ss,50,mcts,-217.16,4.492843865526585,46,-217.16,5.182286946899039,31
1791,apt_00652,ss,50,mcts,-217.15,2.5239922741561633,27,-217.15,2.5239922741561633,14
1792,apt_02013,ss,50,mcts,-241.55,6.619711549606995,33,-217.14,3.2564608089151057,20
1793,apt_01564,ss,50,mcts,-252.9,3.016188820349287,47,-217.1,3.0926081226046,24
1794,apt_00307,ss,50,mcts,-226.96,3.6990869143614407,58,-217.08,2.0083804420477662,40
1795,apt_02460,ss,50,mcts,-217.08,2.4195929409716816,41,-217.08,5.263499786263888,24
1796,apt_00367,ss,50,mcts,-227.88,6.43308891590968,44,-217.06,2.5439663912874177,24
1797,apt_01234,ss,50,mcts,-219.21,5.824949441840701,42,-217.03,1.6564812102767754,27
1798,apt_01207,ss,52,mcts,-278.09,3.5433716993846622,52,-217.0,2.8207163983640684,26
1799,apt_00995,ss,50,mcts,-216.98,2.5523612596966,38,-216.98,2.945347008418537,16
1800,apt_01693,ss,60,mcts,-216.96,2.4021332186204853,55,-216.96,4.929196080498317,35
1801,apt_01748,ss,52,mcts,-216.96,2.698229419452684,40,-216.96,2.698229419452684,36
1802,apt_02663,ss,50,mcts,-216.89,0.8095665506924069,54,-216.89,0.8095665506924069,37
1803,apt_01483,ss,50,mcts,-216.88,3.019317141341724,34,-216.88,3.019317141341724,19
1804,apt_00377,ss,50,mcts,-225.13,5.133393127357365,49,-216.87,3.9571822045490928,25
1805,apt_02344,ss,50,mcts,-216.87,2.3783225180786656,51,-216.87,2.3783225180786656,31
1806,apt_00947,ss,50,mcts,-216.86,1.9880998465871977,59,-216.86,1.9880998465871977,45
1807,apt_02027,ss,50,mcts,-219.57,6.556536051910345,39,-216.86,2.293469206246294,22
1808,apt_00766,ss,50,mcts,-229.64,3.443548460527328,51,-216.83,2.5485023052765685,29
1809,apt_01236,ss,52,mcts,-216.76,1.6751376062879166,52,-216.76,1.6751376062879166,31
1810,apt_00602,ss,50,mcts,-216.75,2.523600800443665,45,-216.75,3.1856931741773353,30
1811,apt_00661,ss,50,mcts,-218.93,4.941543180019776,38,-216.74,3.1856669631334804,28
1812,apt_02438,ss,50,mcts,-216.74,2.210907958283207,36,-216.74,3.080717773506696,25
1813,apt_00962,ss,50,mcts,-216.73,2.4947090010660684,44,-216.73,6.7389834544981575,25
1814,apt_01474,ss,50,mcts,-216.71,2.6063230805101694,42,-216.71,2.8894146466023263,25
1815,apt_01710,ss,50,mcts,-228.48,5.173780532647296,38,-216.71,2.1186866214709537,24
1816,apt_01713,ss,50,mcts,-216.71,3.058430152872537,40,-216.71,4.8300884049880555,24
1817,apt_00408,ss,54,mcts,-230.48,4.330596379253104,49,-216.7,4.515002768548435,27
1818,apt_00470,ss,50,mcts,-216.7,2.391872279198858,43,-216.7,2.555171227139196,29
1819,apt_01237,ss,52,mcts,-216.66,0.9856429373763957,33,-216.66,2.0761182528940885,19
1820,apt_00031,ss,52,mcts,-216.65,3.38411613275904,41,-216.65,3.38411613275904,26
1821,apt_00632,ss,50,mcts,-216.63,4.862686191807989,37,-216.63,4.862686191807989,20
1822,apt_02404,ss,50,mcts,-319.57,6.182982937062037,51,-216.57,3.9468413953438835,23
1823,apt_01140,ss,50,mcts,-216.52,2.2706562927929115,38,-216.52,5.878868768734345,25
1824,apt_02614,ss,50,mcts,-216.51,2.436893719471578,43,-216.51,2.436893719471578,18
1825,apt_02623,ss,50,mcts,-236.88,5.458634994208702,35,-216.51,5.290582009571351,23
1826,apt_01162,ss,50,mcts,-249.52,6.888014953526166,53,-216.48,1.658524947053852,34
1827,apt_00012,ss,50,mcts,-216.44,2.506334574632834,55,-216.44,2.5302533469990625,32
1828,apt_01096,ss,50,mcts,-216.44,2.3773838562588177,54,-216.44,2.3773838562588177,38
1829,apt_01775,ss,50,mcts,-287.0,4.605994029522838,38,-216.42,6.6568513578117505,23
1830,apt_00182,ss,50,mcts,-216.41,3.2949781486377114,31,-216.41,5.657731435831859,18
1831,apt_01702,ss,50,mcts,-216.4,3.0033454679739884,40,-216.4,4.706752064853214,30
1832,apt_02592,ss,50,mcts,-216.39,1.8739314288415232,45,-216.39,1.8739314288415232,28
1833,apt_01973,ss,59,mcts,-216.37,3.0035414097361812,53,-216.37,4.33454518952104,29
1834,apt_02767,ss,54,mcts,-220.66,2.795722089192697,53,-216.36,5.552938051158148,28
1835,apt_00965,ss,50,mcts,-232.66,6.425017820986972,42,-216.35,1.9843621141313883,24
1836,apt_01776,ss,55,mcts,-273.61,6.710482024415253,28,-216.35,4.571431613838259,10
1837,apt_02579,ss,50,mcts,-216.34,2.60553468600974,35,-216.34,2.8984261246407477,21
1838,apt_02670,ss,50,mcts,-216.34,1.8445121306188281,53,-216.34,1.8445121306188281,31
1839,apt_02140,ss,53,mcts,-216.32,2.3991571436652666,40,-216.32,3.2682576397830148,27
1840,apt_01137,ss,50,mcts,-216.31,1.9106493660533408,49,-216.31,3.9653379427231683,31
1841,apt_01518,ss,54,mcts,-216.31,2.7875017488783707,34,-216.31,4.593541661942346,21
1842,apt_00734,ss,50,mcts,-216.3,2.584910443322927,29,-216.3,3.109084270327839,24
1843,apt_01684,ss,50,mcts,-216.28,2.5525567574492842,53,-216.28,2.5525567574492842,38
1844,apt_02050,ss,55,mcts,-216.27,2.8879809556158813,44,-216.27,2.8879809556158813,33
1845,apt_00865,ss,50,mcts,-216.25,2.658409110727687,46,-216.25,2.658409110727687,25
1846,apt_02610,ss,53,mcts,-219.3,4.140316654556739,38,-216.22,5.204730732708458,17
1847,apt_01401,ss,52,mcts,-245.06,5.293440563565443,39,-216.19,2.585852470656445,19
1848,apt_00967,ss,50,mcts,-264.56,2.9455517310004966,52,-216.17,4.6093220759673565,34
1849,apt_01761,ss,51,mcts,-216.1,2.8880792925402967,48,-216.1,3.1921358053817057,33
1850,apt_02619,ss,54,mcts,-251.88,6.6738265635240985,40,-216.07,3.7213553982386447,20
1851,apt_02174,ss,50,mcts,-216.06,2.4410507983243597,43,-216.06,4.421290987935544,27
1852,apt_00269,ss,50,mcts,-216.04,3.2436049389529678,46,-216.04,3.256051903763201,36
1853,apt_02480,ss,53,mcts,-216.03,2.306249336043276,35,-216.03,5.379947490450081,21
1854,apt_02726,ss,53,mcts,-255.72,5.657214420543005,49,-216.03,2.529689506639104,31
1855,apt_00421,ss,50,mcts,-216.0,2.9547091227394806,32,-216.0,5.347302684531713,16
1856,apt_00084,ss,61,mcts,-215.98,2.6723257660696986,49,-215.98,2.9847078584008986,30
1857,apt_01885,ss,50,mcts,-221.9,2.7339396482000238,44,-215.97,6.540640488514871,29
1858,apt_02030,ss,55,mcts,-233.06,3.5510570257319203,52,-215.94,3.550862712074347,28
1859,apt_01385,ss,50,mcts,-240.16,6.7468517102423275,48,-215.93,2.496191699369251,22
1860,apt_01568,ss,52,mcts,-237.63,4.423110444020119,44,-215.93,6.650244882709212,32
1861,apt_01083,ss,50,mcts,-292.94,5.927506980173048,53,-215.91,1.793506621119636,30
1862,apt_01136,ss,50,mcts,-236.37,2.8958572133308094,58,-215.91,2.86806014581285,35
1863,apt_00029,ss,51,mcts,-272.91,5.974331929178343,38,-215.9,2.2204835059058747,26
1864,apt_01334,ss,51,mcts,-215.89,1.9617267903558842,21,-215.89,3.2629092846721877,14
1865,apt_00318,ss,51,mcts,-215.87,2.2594625467132357,34,-215.87,2.5114061798124223,19
1866,apt_01131,ss,50,mcts,-215.84,2.64529280042872,35,-215.84,2.998229811071858,12
1867,apt_00071,ss,51,mcts,-215.83,1.7779330696063744,48,-215.83,6.725902987703586,32
1868,apt_02548,ss,50,mcts,-215.83,2.4729007258683176,29,-215.83,3.1907068182457445,17
1869,apt_02425,ss,51,mcts,-231.57,1.8556063698963754,43,-215.79,3.358566509688326,31
1870,apt_00814,ss,50,mcts,-215.78,2.5092415188658252,36,-215.78,4.440322172995999,21
1871,apt_01629,ss,51,mcts,-257.24,2.803615344515027,42,-215.78,2.483225724737883,21
1872,apt_00573,ss,51,mcts,-215.77,2.9004111777470576,38,-215.77,2.9004111777470576,21
1873,apt_00662,ss,50,mcts,-234.05,6.993818413427671,33,-215.76,1.8111639903664163,15
1874,apt_02365,ss,50,mcts,-273.34,5.88785240983501,33,-215.72,4.139177696113082,24
1875,apt_00009,ss,53,mcts,-265.73,3.2889245962776275,39,-215.7,3.1939433307433487,20
1876,apt_00770,ss,50,mcts,-244.58,6.981350728906277,42,-215.7,3.6947991826349633,25
1877,apt_01872,ss,53,mcts,-215.69,2.4962483850770987,49,-215.69,2.714736451296889,29
1878,apt_00037,ss,50,mcts,-230.07,3.0472645109999954,57,-215.68,6.113570560646213,34
1879,apt_00837,ss,50,mcts,-230.57,5.3848010176793135,37,-215.67,3.5495029229456936,22
1880,apt_02353,ss,50,mcts,-244.75,2.7621996669321307,48,-215.66,4.975304211804562,25
1881,apt_01832,ss,54,mcts,-215.65,2.242649103181311,47,-215.65,2.7505348570778034,26
1882,apt_00635,ss,50,mcts,-231.63,5.029844033367253,51,-215.62,4.548541084787509,33
1883,apt_00510,ss,56,mcts,-215.61,1.5022123684752358,47,-215.61,2.653291163819018,27
1884,apt_02168,ss,57,mcts,-215.6,3.448264636016206,46,-215.6,5.690574487694543,33
1885,apt_01515,ss,51,mcts,-219.24,5.151689431633084,47,-215.58,2.766066159729368,27
1886,apt_02241,ss,50,mcts,-243.11,3.1406811363142086,62,-215.58,2.1760333177596385,38
1887,apt_02366,ss,51,mcts,-232.89,5.286715521001655,34,-215.55,5.86565776362719,18
1888,apt_00403,ss,50,mcts,-221.38,2.8001616024794056,36,-215.54,3.569860081291711,27
1889,apt_02157,ss,54,mcts,-216.79,6.21156711305611,46,-215.54,1.96937578943177,29
1890,apt_02210,ss,50,mcts,-215.53,2.153810112335806,35,-215.53,2.5949483617213027,20
1891,apt_00829,ss,50,mcts,-240.12,6.357394041586533,34,-215.51,6.884783366235993,20
1892,apt_02245,ss,50,mcts,-215.49,2.9872271423512347,47,-215.49,3.171230202933869,18
1893,apt_02570,ss,50,mcts,-218.25,5.160038468848843,35,-215.49,5.747480665474202,12
1894,apt_00398,ss,50,mcts,-234.01,6.453479294148246,44,-215.47,2.3547197285451995,33
1895,apt_01147,ss,50,mcts,-215.46,2.8140426436001316,40,-215.46,5.057550691787479,25
1896,apt_01180,ss,57,mcts,-216.16,6.895261416364127,35,-215.43,5.514161949018186,16
1897,apt_02045,ss,50,mcts,-215.42,2.522470812516972,43,-215.42,6.501711313185171,26
1898,apt_00022,ss,50,mcts,-215.4,2.4457393565136885,35,-215.4,2.4457393565136885,19
1899,apt_01926,ss,50,mcts,-255.29,4.454672827492506,33,-215.4,3.302680577954827,18
1900,apt_00547,ss,53,mcts,-215.39,2.6275852031856317,38,-215.39,2.6275852031856317,20
1901,apt_01581,ss,53,mcts,-215.38,2.869315946353762,44,-215.38,4.4584612816531255,28
1902,apt_02044,ss,55,mcts,-231.99,3.5170528855847603,37,-215.38,6.884645887770851,17
1903,apt_00450,ss,60,mcts,-215.37,2.9072235896126006,32,-215.37,4.597416448397952,16
1904,apt_00911,ss,50,mcts,-218.62,6.2250170280891775,34,-215.36,2.950763460530177,21
1905,apt_00961,ss,50,mcts,-224.49,2.146011649549017,45,-215.36,1.2225616548869802,23
1906,apt_01251,ss,50,mcts,-220.06,6.590496642894221,27,-215.32,5.7042929447916615,13
1907,apt_01521,ss,52,mcts,-215.3,2.9042845934928607,48,-215.3,2.9042845934928607,32
1908,apt_01935,ss,50,mcts,-224.84,5.18496460932954,44,-215.3,2.774457784865357,30
1909,apt_02061,ss,50,mcts,-215.29,2.667440158653988,49,-215.29,2.9610543730232393,30
1910,apt_00663,ss,50,mcts,-215.28,2.05644766527135,42,-215.28,3.6524224837770287,30
1911,apt_01010,ss,51,mcts,-253.32,6.995740775643424,49,-215.27,2.652483741703234,30
1912,apt_01757,ss,55,mcts,-228.26,6.269942982196865,40,-215.22,2.169325240714263,28
1913,apt_02183,ss,55,mcts,-229.61,6.201701863198519,38,-215.21,3.4738402381226416,19
1914,apt_02012,ss,53,mcts,-215.14,2.1030397048082485,51,-215.14,2.8397915416452775,35
1915,apt_02789,ss,50,mcts,-215.13,3.361407145824492,27,-215.13,4.839873861992692,16
1916,apt_00256,ss,51,mcts,-235.62,5.651280651321437,27,-215.12,3.65281548945467,10
1917,apt_00282,ss,50,mcts,-215.06,2.373792113897077,55,-215.06,6.030058208674282,40
1918,apt_01107,ss,50,mcts,-215.06,3.0841545032634055,45,-215.06,5.462191776201199,31
1919,apt_02047,ss,50,mcts,-229.98,5.903977726922751,51,-215.06,3.001216586652814,29
1920,apt_00159,ss,50,mcts,-234.84,4.314244429792991,51,-215.03,4.05971107346323,22
1921,apt_01946,ss,51,mcts,-226.9,4.677223749191401,38,-215.03,6.401433979976674,26
1922,apt_00741,ss,50,mcts,-215.01,2.7835642618772143,33,-215.01,3.3521925660677723,20
1923,apt_01784,ss,51,mcts,-215.0,1.4284068048003766,37,-215.0,3.7526361401020414,27
1924,apt_02161,ss,50,mcts,-214.94,2.921575260026681,49,-214.94,3.2867783618613706,25
1925,apt_02374,ss,50,mcts,-214.93,2.129819006394689,38,-214.93,4.880205528458814,26
1926,apt_00473,ss,53,mcts,-224.23,4.939879856838618,35,-214.91,2.676606246723625,16
1927,apt_00998,ss,52,mcts,-225.22,2.0541949761402734,41,-214.91,6.80902614182088,30
1928,apt_01621,ss,50,mcts,-214.91,2.2898919188468305,38,-214.91,5.841152112383299,24
1929,apt_00047,ss,51,mcts,-248.8,2.474387803073735,40,-214.9,1.6940560793551132,22
1930,apt_01951,ss,50,mcts,-214.9,2.9854168888113555,44,-214.9,3.1903148747420005,26
1931,apt_02674,ss,50,mcts,-214.89,2.466983785921619,48,-214.89,2.7070605829940315,30
1932,apt_01103,ss,53,mcts,-281.27,3.4441720340308266,48,-214.88,2.6127037719573254,16
1933,apt_01623,ss,54,mcts,-259.37,4.902722305005668,30,-214.87,2.4524997451579815,15
1934,apt_00639,ss,50,mcts,-224.2,6.0604112896733255,38,-214.85,4.083865570755239,24
1935,apt_00977,ss,50,mcts,-239.51,6.878107588574046,35,-214.83,6.470026043224234,20
1936,apt_01380,ss,56,mcts,-247.2,6.907854804496119,40,-214.78,5.499846634225356,24
1937,apt_01111,ss,50,mcts,-241.94,6.031833303399553,34,-214.76,2.4981619242955384,13
1938,apt_01858,ss,53,mcts,-215.01,2.957406465131254,41,-214.71,2.2926353831344355,20
1939,apt_00671,ss,50,mcts,-218.45,3.13139234207405,43,-214.69,3.386007826334723,20
1940,apt_01542,ss,52,mcts,-214.65,3.168445833527858,40,-214.65,3.461365193099375,29
1941,apt_00597,ss,50,mcts,-230.99,3.854779500827514,44,-214.63,3.912314660146864,25
1942,apt_02537,ss,52,mcts,-230.74,3.165427933155334,48,-214.63,2.3435805938776784,30
1943,apt_01253,ss,50,mcts,-214.59,2.139381452663362,43,-214.59,2.139381452663362,25
1944,apt_01384,ss,53,mcts,-221.14,5.764174268704936,37,-214.59,3.1030891060361236,16
1945,apt_02298,ss,50,mcts,-240.98,6.967918268751445,47,-214.58,3.1578552848412884,27
1946,apt_01400,ss,53,mcts,-214.57,2.9145636036978178,53,-214.57,4.264566918222771,35
1947,apt_02452,ss,50,mcts,-214.76,5.618780472664856,33,-214.57,6.942322161928235,21
1948,apt_01598,ss,51,mcts,-214.55,1.7631001106006563,41,-214.55,6.8249469595008545,21
1949,apt_02494,ss,50,mcts,-240.64,4.889394338770399,40,-214.52,6.189897091228573,16
1950,apt_02310,ss,50,mcts,-214.5,2.840596592267187,39,-214.5,3.8281620916570374,24
1951,apt_00479,ss,53,mcts,-214.47,2.481175527849649,40,-214.47,3.6143013156072006,23
1952,apt_02740,ss,50,mcts,-217.82,6.492578686469657,45,-214.46,3.667973963920694,24
1953,apt_00253,ss,52,mcts,-214.45,2.44406669303438,44,-214.45,4.427578119017217,26
1954,apt_01838,ss,50,mcts,-214.45,2.946345533029007,42,-214.45,2.946345533029007,30
1955,apt_01143,ss,54,mcts,-223.3,4.086387524452385,43,-214.44,4.024262541137186,28
1956,apt_02307,ss,52,mcts,-214.44,3.1286652105970068,29,-214.44,5.795338385288654,13
1957,apt_02630,ss,50,mcts,-228.14,5.347880514745998,41,-214.44,2.794272892900761,26
1958,apt_00586,ss,50,mcts,-214.43,1.48151341539658,56,-214.43,4.586390955860601,40
1959,apt_01369,ss,60,mcts,-214.42,2.473081680818498,46,-214.42,4.066319589014117,28
1960,apt_01289,ss,53,mcts,-225.72,3.622788014775369,30,-214.4,6.16539066077732,18
1961,apt_01138,ss,50,mcts,-214.38,2.883602087667439,32,-214.38,2.883602087667439,23
1962,apt_00978,ss,50,mcts,-214.34,3.4563577650469064,37,-214.34,5.107556069197875,21
1963,apt_01894,ss,50,mcts,-214.34,3.1156901322179116,46,-214.34,6.964117460238591,24
1964,apt_00201,ss,51,mcts,-235.92,5.474401611135224,49,-214.31,1.8748189245897842,20
1965,apt_02758,ss,50,mcts,-229.92,5.680857681723784,35,-214.31,1.8230208446422251,14
1966,apt_00379,ss,50,mcts,-214.3,4.994584667417306,57,-214.3,6.915026970301712,36
1967,apt_02465,ss,52,mcts,-230.24,6.407519098684003,49,-214.3,6.461563742624527,35
1968,apt_00638,ss,50,mcts,-221.36,4.1407079104906535,43,-214.29,4.933173015413098,22
1969,apt_00171,ss,50,mcts,-238.44,3.0528894509955764,40,-214.28,2.735073125165045,19
1970,apt_00146,ss,50,mcts,-239.52,6.597788720472948,35,-214.27,4.650749401978144,18
1971,apt_01938,ss,50,mcts,-247.71,5.467958759903025,51,-214.27,5.64353196145819,31
1972,apt_00407,ss,54,mcts,-218.06,2.8460713272860927,42,-214.26,2.959784113748846,23
1973,apt_00856,ss,50,mcts,-224.34,6.04208548433403,60,-214.24,5.8915338410298554,30
1974,apt_02186,ss,53,mcts,-214.24,2.1633774520411406,45,-214.24,6.181560644368055,22
1975,apt_01105,ss,50,mcts,-229.49,5.968295066432276,35,-214.22,3.826752409027791,21
1976,apt_01982,ss,50,mcts,-214.21,2.8378234617396747,54,-214.21,2.8378234617396747,40
1977,apt_02109,ss,50,mcts,-218.62,4.076376945278748,41,-214.19,5.611780287930025,25
1978,apt_01763,ss,55,mcts,-214.18,3.0064081559229385,38,-214.18,6.52413565156335,22
1979,apt_02159,ss,50,mcts,-218.73,5.564086088478515,38,-214.16,5.898689854535494,18
1980,apt_00428,ss,50,mcts,-214.14,3.08692306350515,53,-214.14,5.381031592548026,36
1981,apt_01730,ss,50,mcts,-214.62,2.1870276632909897,50,-214.13,4.0195022079854565,25
1982,apt_01694,ss,50,mcts,-214.12,2.439236560893595,33,-214.12,3.278992070743687,18
1983,apt_01000,ss,50,mcts,-222.16,5.622140606566128,28,-214.07,6.502409245810342,15
1984,apt_01496,ss,50,mcts,-226.22,5.166364872906302,56,-214.07,6.158952264793109,38
1985,apt_00142,ss,50,mcts,-226.78,4.828780487866468,44,-214.06,3.801262158809881,20
1986,apt_01398,ss,50,mcts,-214.02,2.426252666150014,48,-214.02,2.64725574888412,31
1987,apt_00086,ss,51,mcts,-215.71,2.744076165123728,49,-214.0,3.420217683130707,34
1988,apt_02372,ss,50,mcts,-213.99,3.140982171232429,32,-213.99,3.140982171232429,19
1989,apt_00894,ss,50,mcts,-213.98,2.6086749510048244,46,-213.98,2.6086749510048244,28
1990,apt_01119,ss,50,mcts,-213.98,2.745333859478669,36,-213.98,3.844035119506581,23
1991,apt_01528,ss,50,mcts,-227.13,3.376164687926247,38,-213.97,2.330799648189427,25
1992,apt_01750,ss,55,mcts,-213.97,5.419677665691937,39,-213.97,5.8998894904904775,21
1993,apt_02218,ss,53,mcts,-234.07,3.453088038263738,49,-213.95,3.1360604267137435,26
1994,apt_02478,ss,50,mcts,-226.74,6.645527443326076,43,-213.9,3.048481753266685,31
1995,apt_02468,ss,51,mcts,-232.54,5.792138465195727,38,-213.89,6.557917352330703,23
1996,apt_02736,ss,50,mcts,-213.89,2.403940931054677,43,-213.89,2.403940931054677,28
1997,apt_00132,ss,50,mcts,-213.86,2.6020705217191886,44,-213.86,2.6020705217191886,27
1998,apt_00614,ss,50,mcts,-213.82,3.482065766179605,48,-213.82,5.694498573184481,24
1999,apt_01821,ss,50,mcts,-214.68,3.1574516623378424,36,-213.82,5.418487980977718,25
2000,apt_02301,ss,50,mcts,-239.52,3.740813146897332,55,-213.78,6.862509817843618,36
2001,apt_00442,ss,50,mcts,-222.5,6.02471991050206,37,-213.77,2.653911076128961,23
2002,apt_00254,ss,60,mcts,-213.75,2.3130464759705953,49,-213.75,3.6689817388479886,37
2003,apt_01239,ss,55,mcts,-213.74,1.8726515959996521,46,-213.74,3.222243938624142,25
2004,apt_02393,ss,51,mcts,-213.74,4.480082476919364,36,-213.74,6.086010022995358,23
2005,apt_00498,ss,50,mcts,-230.74,3.065771680996471,47,-213.73,4.383074833949327,23
2006,apt_01478,ss,50,mcts,-214.04,3.2158972309450635,37,-213.68,3.326734885740057,23
2007,apt_00928,ss,50,mcts,-237.46,6.16602440799582,39,-213.67,5.391446837352672,22
2008,apt_01315,ss,56,mcts,-226.69,6.995916165878488,38,-213.67,5.512892616403847,22
2009,apt_00044,ss,50,mcts,-213.66,3.5298434809492703,42,-213.66,5.362053711032744,20
2010,apt_00828,ss,50,mcts,-248.76,6.834027948435682,49,-213.66,2.8994509825137533,28
2011,apt_01689,ss,50,mcts,-228.68,6.099288155186653,45,-213.63,2.239069896184572,22
2012,apt_02026,ss,50,mcts,-213.63,2.1923218285644395,37,-213.63,2.9685179804070474,26
2013,apt_00183,ss,58,mcts,-240.37,5.680295590900206,53,-213.56,4.872427013306628,36
2014,apt_00793,ss,50,mcts,-232.35,5.5640254312862565,43,-213.56,3.4931614620569627,20
2015,apt_01850,ss,54,mcts,-213.54,2.7158854909587022,47,-213.54,2.7158854909587022,33
2016,apt_01021,ss,50,mcts,-269.89,5.706069224956865,38,-213.52,1.6403472193410715,23
2017,apt_00646,ss,50,mcts,-219.35,4.853591350742254,47,-213.5,2.4622885696035035,28
2018,apt_02741,ss,54,mcts,-228.38,5.923583796993159,56,-213.5,3.310290168550183,35
2019,apt_00548,ss,53,mcts,-213.48,2.2882781736493407,31,-213.48,3.282758900680958,19
2020,apt_01803,ss,59,mcts,-213.45,2.8803050185700725,42,-213.45,2.8803050185700725,21
2021,apt_00478,ss,53,mcts,-215.09,4.982801420887685,37,-213.43,2.57569058700768,21
2022,apt_01457,ss,50,mcts,-213.42,2.561663717196311,32,-213.42,2.561663717196311,24
2023,apt_00301,ss,54,mcts,-213.39,2.3505550408361,44,-213.39,3.511220158292559,27
2024,apt_01435,ss,51,mcts,-213.39,1.8876625757798935,40,-213.39,2.5033909003589465,24
2025,apt_00309,ss,50,mcts,-213.37,1.9207672945987022,33,-213.37,3.034847936882517,19
2026,apt_01407,ss,61,mcts,-217.91,6.309897701230963,35,-213.37,3.13115857151951,27
2027,apt_02514,ss,50,mcts,-213.37,1.179947032709522,33,-213.37,1.179947032709522,21
2028,apt_02213,ss,50,mcts,-229.17,6.798560803581888,47,-213.35,2.8321440641323297,30
2029,apt_01296,ss,50,mcts,-215.55,4.2680342079229,43,-213.34,6.989214691222471,18
2030,apt_01937,ss,50,mcts,-225.57,3.48626920934111,39,-213.32,6.356459785131984,18
2031,apt_01172,ss,50,mcts,-213.25,2.7428807848683556,30,-213.25,4.472872678715534,20
2032,apt_01577,ss,50,mcts,-213.15,2.184515049158525,41,-213.15,5.997155492398034,25
2033,apt_02297,ss,50,mcts,-213.81,5.206935567106626,39,-213.14,2.946137980475452,18
2034,apt_02616,ss,51,mcts,-213.14,4.30988085682191,26,-213.14,4.30988085682191,19
2035,apt_01324,ss,50,mcts,-216.46,5.148043220486793,35,-213.12,6.7403944246609155,15
2036,apt_00512,ss,59,mcts,-224.89,5.479201584172653,50,-213.08,3.221932029078214,32
2037,apt_02035,ss,55,mcts,-213.08,2.8694201504833607,37,-213.08,2.8694201504833607,25
2038,apt_01319,ss,50,mcts,-218.89,6.801179750602092,41,-213.07,4.797581265596233,24
2039,apt_02225,ss,52,mcts,-216.23,3.981811773552333,48,-213.06,5.778924553928703,31
2040,apt_02274,ss,50,mcts,-215.79,5.899185537004243,42,-213.05,2.679303267642539,21
2041,apt_02261,ss,50,mcts,-241.46,2.9498506741867403,48,-213.04,2.9485348904159157,29
2042,apt_01360,ss,50,mcts,-242.71,3.457099506812041,39,-213.02,6.163955629301691,22
2043,apt_01108,ss,50,mcts,-213.35,6.959741733713971,55,-213.0,2.3054652458885565,32
2044,apt_01656,ss,50,mcts,-213.0,2.1270909712562847,46,-213.0,3.167423242953174,23
2045,apt_01260,ss,50,mcts,-212.99,2.980392088299786,39,-212.99,5.723877444530067,25
2046,apt_01562,ss,50,mcts,-221.37,6.110996809032052,52,-212.95,5.052281167947804,29
2047,apt_00455,ss,50,mcts,-212.94,2.072916061976459,32,-212.94,2.411416388764081,23
2048,apt_00519,ss,50,mcts,-235.2,4.572609211380321,36,-212.94,3.4844455800026393,23
2049,apt_00704,ss,50,mcts,-243.57,4.243749521354904,45,-212.93,5.5354590595541575,24
2050,apt_00951,ss,50,mcts,-212.92,2.863314163692144,52,-212.92,6.685657933217938,34
2051,apt_01227,ss,50,mcts,-212.92,3.450594151736759,45,-212.92,4.081344263842507,21
2052,apt_02562,ss,50,mcts,-212.88,2.472232391989076,42,-212.88,3.4872788818791145,28
2053,apt_01891,ss,53,mcts,-222.79,6.537699595423427,53,-212.84,6.178425122958111,31
2054,apt_00807,ss,53,mcts,-285.39,2.9122228623510407,44,-212.82,2.6913030301324348,25
2055,apt_00935,ss,50,mcts,-212.82,2.4601772293881723,39,-212.82,2.4601772293881723,25
2056,apt_00654,ss,50,mcts,-212.8,2.1828037016644606,28,-212.8,5.897472424691805,16
2057,apt_01365,ss,50,mcts,-254.57,3.284332656720386,34,-212.79,5.5499155849436175,24
2058,apt_01343,ss,50,mcts,-214.05,4.108795687303029,42,-212.78,3.6510781969166337,24
2059,apt_01453,ss,50,mcts,-250.27,4.014052690237135,41,-212.75,2.8700797898316246,21
2060,apt_02759,ss,52,mcts,-213.17,6.2388204814692125,30,-212.74,6.434019350297292,14
2061,apt_00871,ss,51,mcts,-252.91,4.393899520926705,38,-212.7,4.684297385948068,25
2062,apt_01325,ss,55,mcts,-212.69,5.10839358311397,52,-212.69,5.10839358311397,35
2063,apt_00266,ss,50,mcts,-225.38,4.853283218605726,52,-212.67,3.7950310934167466,39
2064,apt_00976,ss,50,mcts,-212.66,2.5993339531503112,44,-212.66,3.732501975886963,27
2065,apt_01086,ss,50,mcts,-212.65,2.6718078149448026,43,-212.65,2.6718078149448026,28
2066,apt_02278,ss,50,mcts,-221.86,3.899133365249278,45,-212.64,5.83439268476163,20
2067,apt_01134,ss,53,mcts,-253.84,6.026084051853251,34,-212.62,6.491993376459975,17
2068,apt_01662,ss,50,mcts,-212.62,2.549447587223537,41,-212.62,6.942372865238524,20
2069,apt_01389,ss,53,mcts,-236.83,4.07160189606007,50,-212.57,5.966849336123729,30
2070,apt_00598,ss,50,mcts,-212.52,2.673790941715544,39,-212.52,3.81862344307475,23
2071,apt_01500,ss,56,mcts,-212.51,2.7040602803931977,35,-212.51,5.604873325954831,28
2072,apt_02082,ss,51,mcts,-214.89,6.000816861061511,25,-212.51,6.035138523679474,9
2073,apt_00605,ss,50,mcts,-217.17,5.299863488807998,27,-212.47,3.1147163594780185,18
2074,apt_02253,ss,50,mcts,-212.47,2.661253464065364,42,-212.47,2.6745661330391655,24
2075,apt_01828,ss,50,mcts,-223.56,6.753644719705071,31,-212.46,2.137375961313315,18
2076,apt_01940,ss,50,mcts,-215.42,4.17495844290695,42,-212.46,2.5173734327667785,29
2077,apt_00484,ss,50,mcts,-212.44,2.7175704222706014,37,-212.44,5.500533246877074,22
2078,apt_02272,ss,51,mcts,-235.6,3.645031275585986,43,-212.44,6.459210555478118,19
2079,apt_01978,ss,50,mcts,-212.43,2.0694972819503716,41,-212.43,3.2247078937479,24
2080,apt_01029,ss,50,mcts,-219.18,5.771002339282151,33,-212.39,6.5691172161866795,17
2081,apt_00451,ss,51,mcts,-263.75,6.180612995488411,30,-212.38,4.07428926317216,10
2082,apt_02720,ss,53,mcts,-212.36,2.4754159246478245,41,-212.36,3.7572823955620027,24
2083,apt_00762,ss,50,mcts,-241.35,4.739570233681529,46,-212.35,3.1370186483347333,18
2084,apt_01230,ss,50,mcts,-212.35,2.3391026057016022,31,-212.35,2.3391026057016022,24
2085,apt_01259,ss,50,mcts,-212.34,2.3230172190494067,42,-212.34,3.5013394579788986,23
2086,apt_02611,ss,53,mcts,-212.34,2.2267343802079362,29,-212.34,5.432212256530481,20
2087,apt_01837,ss,50,mcts,-212.33,2.8187218734738564,38,-212.33,5.646802458028808,27
2088,apt_00004,ss,58,mcts,-227.87,6.313043164750274,42,-212.32,2.932301144152826,27
2089,apt_00988,ss,50,mcts,-212.31,2.854008584429976,37,-212.31,4.915809902752549,19
2090,apt_01359,ss,50,mcts,-232.6,2.794751151712813,39,-212.31,5.606441563059412,21
2091,apt_01362,ss,50,mcts,-228.3,6.0863204812102945,49,-212.27,6.56935628505565,29
2092,apt_01600,ss,50,mcts,-212.27,3.093383422726635,40,-212.27,3.81324179668692,22
2093,apt_01931,ss,54,mcts,-219.49,6.278501174643492,47,-212.22,4.458135372552068,30
2094,apt_02566,ss,50,mcts,-212.2,2.5562787406697183,35,-212.2,4.936093495873028,23
2095,apt_00775,ss,54,mcts,-212.14,2.1570060268807696,45,-212.14,2.1570060268807696,25
2096,apt_02346,ss,50,mcts,-212.12,2.91216088154483,49,-212.12,2.91216088154483,33
2097,apt_00363,ss,53,mcts,-221.31,3.9009938477264874,40,-212.06,3.418411473184583,26
2098,apt_00383,ss,50,mcts,-258.08,5.6697542274775845,35,-212.06,3.6678525052133732,17
2099,apt_00448,ss,50,mcts,-219.69,6.732291734617577,49,-212.06,3.2912163405039125,28
2100,apt_02596,ss,55,mcts,-212.06,3.257984192717946,40,-212.06,6.914614161325268,24
2101,apt_00361,ss,50,mcts,-212.04,2.8242522904301604,37,-212.04,2.8242522904301604,16
2102,apt_01177,ss,50,mcts,-212.04,2.715269047442643,28,-212.04,2.715269047442643,16
2103,apt_01469,ss,50,mcts,-231.73,5.482312194685761,36,-211.96,1.9760693307675372,19
2104,apt_02391,ss,50,mcts,-242.52,4.191319720565364,60,-211.96,3.1231959592699354,36
2105,apt_02588,ss,56,mcts,-212.11,2.9990781917115656,44,-211.95,5.890716255261325,26
2106,apt_02370,ss,50,mcts,-211.94,2.388124368620692,32,-211.94,3.6800725536326038,20
2107,apt_02289,ss,50,mcts,-233.89,3.9771125204097553,44,-211.92,5.534235087164259,26
2108,apt_00675,ss,50,mcts,-242.45,2.3662556920164155,34,-211.89,6.831715157996555,13
2109,apt_02077,ss,50,mcts,-211.87,2.7038566899893075,35,-211.87,5.96759122259559,20
2110,apt_01922,ss,50,mcts,-211.86,2.72747557275954,36,-211.86,2.8169135591991568,22
2111,apt_00471,ss,50,mcts,-223.0,3.2834905207720646,36,-211.85,6.722161631499217,17
2112,apt_00400,ss,53,mcts,-226.66,5.320085807578673,54,-211.84,3.340177540191557,39
2113,apt_01794,ss,50,mcts,-225.8,6.9259737943483355,55,-211.83,3.8835419400336098,25
2114,apt_01679,ss,50,mcts,-227.62,4.814915679427832,41,-211.82,6.9486618136156215,26
2115,apt_00737,ss,50,mcts,-218.9,1.513931636501477,33,-211.81,4.844124379080288,19
2116,apt_01834,ss,51,mcts,-231.82,3.3316281305091606,43,-211.81,5.931532516980755,28
2117,apt_00858,ss,50,mcts,-211.74,3.6577781507357647,49,-211.74,6.976163773880321,26
2118,apt_01576,ss,50,mcts,-246.3,4.508663327417555,51,-211.7,6.178318460552204,26
2119,apt_01449,ss,50,mcts,-211.66,1.5463718828276767,38,-211.66,2.296645597387639,17
2120,apt_00415,ss,53,mcts,-211.65,2.749113675350657,39,-211.65,3.0400582231266626,28
2121,apt_00506,ss,51,mcts,-211.65,3.0683880132734402,42,-211.65,6.781072039139531,32
2122,apt_00481,ss,52,mcts,-211.62,2.946049558306843,32,-211.62,3.160141927192507,18
2123,apt_00514,ss,51,mcts,-229.5,2.5920437882103577,30,-211.62,6.987802229599801,19
2124,apt_01255,ss,50,mcts,-211.61,2.8060386668754194,47,-211.61,3.1720900050282443,30
2125,apt_01565,ss,50,mcts,-211.57,2.4057385560363804,34,-211.57,2.4057385560363804,20
2126,apt_01738,ss,50,mcts,-244.62,6.311612868356218,44,-211.56,2.0647607609599703,25
2127,apt_01132,ss,50,mcts,-253.0,2.621916283941975,34,-211.51,6.6804093437453345,17
2128,apt_02300,ss,53,mcts,-239.69,2.5638668062128382,33,-211.51,3.3006814447928834,16
2129,apt_00636,ss,50,mcts,-218.89,3.7831753858366284,41,-211.48,3.91768132956217,23
2130,apt_01620,ss,50,mcts,-211.46,2.006282881350474,39,-211.46,3.3086163271071407,21
2131,apt_01739,ss,50,mcts,-241.16,5.30596814916937,42,-211.42,3.174620292255439,27
2132,apt_02166,ss,50,mcts,-211.4,2.498784904708674,37,-211.4,2.835352711745039,18
2133,apt_02495,ss,50,mcts,-211.4,2.5235336336177467,37,-211.4,6.216994531121942,28
2134,apt_02151,ss,50,mcts,-211.39,2.4411564882243906,22,-211.39,3.809937926003526,13
2135,apt_01022,ss,50,mcts,-229.44,5.615465786557715,41,-211.38,5.069416534474157,25
2136,apt_01458,ss,50,mcts,-211.38,2.282051927542423,40,-211.38,3.008975573181013,26
2137,apt_01944,ss,51,mcts,-221.91,6.985427760702993,36,-211.37,1.4879543003734899,20
2138,apt_02111,ss,55,mcts,-211.37,2.3703326770729896,50,-211.37,3.1185895850528307,31
2139,apt_00226,ss,50,mcts,-211.36,2.515566735350099,37,-211.36,2.515566735350099,26
2140,apt_00381,ss,50,mcts,-225.43,3.819300066766177,44,-211.35,6.797130203254904,28
2141,apt_01573,ss,50,mcts,-211.52,2.6980896945802124,33,-211.31,1.5729564520354646,23
2142,apt_01337,ss,50,mcts,-248.14,3.4425712774029966,47,-211.3,5.24051428773933,24
2143,apt_02355,ss,55,mcts,-219.29,4.274654255024623,47,-211.26,3.202304326574854,28
2144,apt_02009,ss,51,mcts,-211.21,2.6132498923753893,45,-211.21,2.6132498923753893,30
2145,apt_01591,ss,50,mcts,-211.14,2.5839129242294305,26,-211.14,3.671111684490133,14
2146,apt_02617,ss,50,mcts,-245.0,6.806836636793941,42,-211.14,3.07357397828651,24
2147,apt_02251,ss,50,mcts,-211.13,2.6789091063341437,44,-211.13,5.499836361202032,32
2148,apt_01839,ss,51,mcts,-211.05,2.748582907608931,42,-211.05,3.0334753996035597,26
2149,apt_02737,ss,52,mcts,-211.04,3.330078227309385,35,-211.04,4.873585640983448,19
2150,apt_00167,ss,53,mcts,-219.22,5.68235672938614,46,-211.03,3.727312436595555,25
2151,apt_01388,ss,54,mcts,-211.02,2.6275231683088722,52,-211.02,2.6275231683088722,34
2152,apt_00205,ss,50,mcts,-224.26,3.2165036918990033,45,-210.99,2.915815666327347,21
2153,apt_00615,ss,50,mcts,-229.81,4.480556773437874,48,-210.99,4.058628462917003,25
2154,apt_00027,ss,51,mcts,-220.95,6.712457523143067,33,-210.97,2.8236625152450556,25
2155,apt_02118,ss,51,mcts,-260.57,4.501378233385854,48,-210.97,4.76928506172572,31
2156,apt_00874,ss,50,mcts,-210.95,2.179912612927406,41,-210.95,3.4780886992714866,22
2157,apt_00150,ss,50,mcts,-211.69,6.3077927993871095,42,-210.94,3.2970389745952513,28
2158,apt_01089,ss,50,mcts,-210.94,3.0519533089482294,36,-210.94,4.663556689909544,19
2159,apt_02798,ss,53,mcts,-224.12,6.9080799792706316,39,-210.93,4.773422042937332,22
2160,apt_00156,ss,56,mcts,-247.64,2.7339603142694027,41,-210.92,2.713523171082209,21
2161,apt_00324,ss,50,mcts,-226.76,4.734131493737799,49,-210.9,6.9222441447842655,25
2162,apt_01664,ss,51,mcts,-210.89,2.827373693023266,31,-210.89,2.827373693023266,14
2163,apt_01925,ss,53,mcts,-210.87,2.6079543707664787,32,-210.87,2.874001043841153,19
2164,apt_02338,ss,60,mcts,-210.86,2.4548162864051593,31,-210.86,2.5384158445770897,22
2165,apt_01224,ss,51,mcts,-218.75,4.41586276960686,28,-210.85,3.311667555779112,12
2166,apt_00930,ss,55,mcts,-210.84,2.937819940023544,35,-210.84,3.23858009010121,19
2167,apt_00129,ss,53,mcts,-210.82,1.7208009762898233,47,-210.82,3.3856984508369936,32
2168,apt_01557,ss,50,mcts,-211.69,4.84424008488431,34,-210.81,2.9448337813873278,22
2169,apt_00315,ss,50,mcts,-222.54,4.37983481423673,40,-210.8,2.644671813287995,18
2170,apt_00987,ss,50,mcts,-210.79,2.761969043997419,37,-210.79,2.761969043997419,23
2171,apt_01323,ss,50,mcts,-237.65,3.2675538251113823,57,-210.73,2.022852688655302,40
2172,apt_01361,ss,50,mcts,-223.13,4.254237887095648,51,-210.7,6.993648618568134,27
2173,apt_01376,ss,50,mcts,-215.03,3.1777931021386663,30,-210.69,6.912172234543929,19
2174,apt_00221,ss,50,mcts,-221.61,5.8744437183447396,42,-210.68,3.570597008904819,19
2175,apt_02773,ss,51,mcts,-210.67,2.5650740730045247,49,-210.67,3.296936456773156,31
2176,apt_01470,ss,50,mcts,-240.45,5.380493843505459,50,-210.61,2.6567291920706033,22
2177,apt_02255,ss,50,mcts,-255.55,6.8990600809095906,43,-210.61,4.749493446674078,21
2178,apt_00730,ss,50,mcts,-210.58,3.3274359497967936,36,-210.58,5.414310851807468,20
2179,apt_02224,ss,50,mcts,-219.79,3.9930406960110054,59,-210.58,5.942168038687572,38
2180,apt_00325,ss,51,mcts,-210.53,2.389661691537109,45,-210.53,2.4986354275884364,29
2181,apt_02578,ss,50,mcts,-225.18,2.941333371109121,37,-210.52,2.5329386095995265,16
2182,apt_00237,ss,50,mcts,-214.11,4.366955117699288,40,-210.47,6.343584790952202,19
2183,apt_00447,ss,51,mcts,-212.18,6.749671695719726,33,-210.47,2.3366876128400254,19
2184,apt_02788,ss,50,mcts,-228.52,6.39686688934514,34,-210.45,3.0921956600448093,25
2185,apt_00304,ss,50,mcts,-226.59,4.066720791989537,36,-210.44,5.705819660662263,17
2186,apt_02275,ss,50,mcts,-234.34,2.5654085444622545,45,-210.38,6.691992976684893,26
2187,apt_01767,ss,51,mcts,-210.37,2.547690915319209,30,-210.37,2.547690915319209,17
2188,apt_02699,ss,50,mcts,-250.0,5.808847476048949,46,-210.37,3.330251191727153,21
2189,apt_00215,ss,52,mcts,-230.29,3.448953899372973,37,-210.34,2.189519353648168,17
2190,apt_00841,ss,50,mcts,-212.87,5.444443038548576,35,-210.34,4.660265335793657,19
2191,apt_01671,ss,51,mcts,-210.32,2.48622484904323,31,-210.32,3.0198877462581417,23
2192,apt_00095,ss,50,mcts,-232.05,5.102109955694801,36,-210.31,6.882935710872227,24
2193,apt_01198,ss,50,mcts,-210.31,3.271998013446831,53,-210.31,6.264577320138992,32
2194,apt_02360,ss,50,mcts,-213.29,6.423434439612489,42,-210.31,2.741579471764402,24
2195,apt_02557,ss,50,mcts,-244.23,6.877257883778963,36,-210.3,3.528354432309766,18
2196,apt_02074,ss,50,mcts,-213.68,2.9442355544351533,57,-210.29,2.6107811091702082,37
2197,apt_01660,ss,50,mcts,-210.28,2.316109237492921,36,-210.28,3.1401991975032546,22
2198,apt_02162,ss,50,mcts,-213.77,4.030968866166052,31,-210.27,5.7756879243948065,18
2199,apt_02329,ss,50,mcts,-210.25,2.918800267233086,45,-210.25,2.918800267233086,30
2200,apt_00687,ss,54,mcts,-210.23,3.521260143755358,37,-210.23,5.399686472379666,27
2201,apt_02149,ss,50,mcts,-210.22,1.8096919627384283,42,-210.22,4.786594823044879,27
2202,apt_01461,ss,52,mcts,-237.36,5.4410473256534075,45,-210.2,4.563704635490776,27
2203,apt_00873,ss,51,mcts,-210.18,3.130078273781664,46,-210.18,3.2372193314633653,31
2204,apt_01206,ss,50,mcts,-249.21,3.6648533394939475,43,-210.18,6.6408912805435945,29
2205,apt_02395,ss,53,mcts,-221.3,6.736220973216352,46,-210.13,4.054220270286257,30
2206,apt_01490,ss,50,mcts,-223.63,2.6403401296045264,44,-210.12,3.5707167347746767,25
2207,apt_00562,ss,50,mcts,-210.11,2.56147184251555,31,-210.11,3.5734784174526677,21
2208,apt_02005,ss,51,mcts,-223.29,5.471581581224952,38,-210.09,3.685457637797518,22
2209,apt_02167,ss,50,mcts,-210.07,2.019053986400557,45,-210.07,2.019053986400557,23
2210,apt_00064,ss,54,mcts,-240.28,6.292740738342877,41,-209.99,2.9492502437060293,19
2211,apt_00387,ss,50,mcts,-225.74,5.4795961530024995,34,-209.99,2.6626714029335243,17
2212,apt_01127,ss,50,mcts,-214.04,3.1258752374334966,29,-209.99,2.4295553091049573,15
2213,apt_00374,ss,50,mcts,-217.5,3.613428565780708,48,-209.94,3.1227830536237953,26
2214,apt_00172,ss,55,mcts,-209.92,2.2201921088049907,40,-209.92,6.365756749986595,23
2215,apt_02110,ss,53,mcts,-230.35,3.684131512310598,40,-209.91,2.1282304856382352,19
2216,apt_02214,ss,50,mcts,-209.91,2.3001986870703095,18,-209.91,2.91833685512827,11
2217,apt_00010,ss,53,mcts,-222.71,3.8967967614439534,45,-209.89,4.276476820935665,23
2218,apt_00378,ss,50,mcts,-217.31,3.9102901426876064,37,-209.88,6.631926190783497,21
2219,apt_02179,ss,50,mcts,-218.32,6.782396626562056,27,-209.86,2.9146164413177966,11
2220,apt_01295,ss,50,mcts,-215.85,6.298820603890869,25,-209.85,4.405688708930761,14
2221,apt_02751,ss,50,mcts,-242.39,5.408492118881194,42,-209.83,4.011321727311357,24
2222,apt_02445,ss,57,mcts,-215.14,5.568149513078834,28,-209.73,4.270201049131048,14
2223,apt_02359,ss,54,mcts,-259.14,2.249592407526301,45,-209.71,2.99124589427215,25
2224,apt_00117,ss,50,mcts,-209.69,2.477289042481724,32,-209.69,2.8819845592924387,16
2225,apt_02021,ss,50,mcts,-211.73,3.452048956779132,46,-209.66,2.436044745073451,26
2226,apt_01737,ss,50,mcts,-218.69,4.616875350277491,50,-209.64,3.5383918663709513,31
2227,apt_00359,ss,50,mcts,-232.87,5.069177645338529,34,-209.63,2.2607264319240294,19
2228,apt_00350,ss,50,mcts,-209.62,3.623149044684749,26,-209.62,6.149838453162806,22
2229,apt_01746,ss,50,mcts,-209.62,3.3676748655414936,43,-209.62,6.319885916691856,28
2230,apt_02449,ss,52,mcts,-209.62,4.247755524980219,50,-209.62,5.805273636961505,34
2231,apt_01645,ss,50,mcts,-209.6,5.569214397022254,38,-209.6,6.941191108160035,24
2232,apt_01348,ss,50,mcts,-209.57,2.8743089604285585,49,-209.57,4.089849630487644,21
2233,apt_01466,ss,54,mcts,-231.19,3.9902918439632846,47,-209.57,2.6615029588561434,32
2234,apt_01064,ss,53,mcts,-214.76,4.911883243726378,37,-209.55,2.67694900960029,22
2235,apt_01363,ss,50,mcts,-209.54,2.211863015649922,56,-209.54,4.311528035395338,40
2236,apt_00672,ss,50,mcts,-221.58,6.49941497367262,46,-209.53,5.227770652964805,23
2237,apt_01069,ss,50,mcts,-211.42,4.688549242569612,41,-209.48,5.098192718993661,23
2238,apt_01332,ss,50,mcts,-209.48,2.6991867293686793,25,-209.48,3.09800839249994,19
2239,apt_02593,ss,50,mcts,-209.46,2.091300313202287,22,-209.46,4.508209178820345,10
2240,apt_02584,ss,50,mcts,-246.3,3.769943633530884,48,-209.45,6.214445510260751,30
2241,apt_01150,ss,50,mcts,-222.06,5.871669268615191,36,-209.44,2.247627638199877,23
2242,apt_01465,ss,50,mcts,-245.65,2.92775238023984,42,-209.43,3.8917126050108015,25
2243,apt_01166,ss,50,mcts,-235.8,5.419597771052759,34,-209.4,5.046029032813831,19
2244,apt_02196,ss,54,mcts,-241.15,5.5142115483539635,41,-209.4,4.629655494742555,23
2245,apt_01279,ss,50,mcts,-272.31,6.470187014298745,40,-209.38,3.996580913731137,18
2246,apt_02351,ss,50,mcts,-233.23,2.5852684580136014,37,-209.37,5.44688479775366,18
2247,apt_02120,ss,50,mcts,-263.96,2.7519871002604464,55,-209.32,4.95912593104873,33
2248,apt_01027,ss,50,mcts,-226.06,5.679493815473339,47,-209.3,5.752851814535121,24
2249,apt_01368,ss,50,mcts,-219.83,5.736630805621015,35,-209.29,3.7149931359290633,21
2250,apt_00449,ss,51,mcts,-209.27,2.4758002746586807,26,-209.27,2.8382857502372736,16
2251,apt_01552,ss,50,mcts,-209.24,2.2401602621241214,44,-209.24,2.9776922272122066,18
2252,apt_02287,ss,50,mcts,-221.75,2.6293582867308194,37,-209.23,3.5088607837872368,23
2253,apt_00892,ss,50,mcts,-222.04,2.7238437914095024,40,-209.17,5.288326956609248,23
2254,apt_01382,ss,50,mcts,-250.19,2.7570957545939483,38,-209.17,2.8200913105784355,21
2255,apt_01169,ss,51,mcts,-211.06,3.277742668361869,39,-209.15,4.886353036774976,21
2256,apt_01204,ss,53,mcts,-210.46,3.2943609395450353,47,-209.15,5.24297520497666,32
2257,apt_02292,ss,50,mcts,-209.15,2.2059637349693895,28,-209.15,4.174053305840745,19
2258,apt_01444,ss,50,mcts,-226.77,2.6247912297933436,36,-209.12,6.542880252610483,24
2259,apt_02204,ss,50,mcts,-249.17,4.59596779797249,42,-209.12,3.219116338376102,29
2260,apt_02693,ss,50,mcts,-209.12,2.098182308570923,32,-209.12,2.098182308570923,19
2261,apt_00216,ss,50,mcts,-209.11,4.39288117298886,37,-209.11,6.718301943199638,21
2262,apt_00656,ss,50,mcts,-268.71,6.799499834546637,50,-209.08,2.3477365695494927,17
2263,apt_01844,ss,50,mcts,-220.79,5.813326500378247,29,-209.06,3.2467844092270624,14
2264,apt_02612,ss,50,mcts,-212.82,6.183809182049502,34,-209.06,2.395096240237539,10
2265,apt_00543,ss,53,mcts,-211.08,4.570705962977714,44,-209.05,4.046127284206456,29
2266,apt_00966,ss,56,mcts,-209.05,2.959619739088133,36,-209.05,6.701643455153389,21
2267,apt_01428,ss,51,mcts,-210.26,3.332954395127545,35,-209.02,3.1746804563609206,17
2268,apt_01288,ss,57,mcts,-221.39,6.2031425906551645,40,-209.01,4.768894735680379,22
2269,apt_01410,ss,59,mcts,-209.01,2.8086024994648104,34,-209.01,2.8086024994648104,20
2270,apt_02783,ss,51,mcts,-216.88,6.547621400172731,37,-209.01,6.773480493808195,21
2271,apt_01932,ss,50,mcts,-208.98,3.1710083569741663,38,-208.98,3.1710083569741663,21
2272,apt_01899,ss,51,mcts,-297.06,6.189459507905372,44,-208.97,3.690642356013382,25
2273,apt_00815,ss,50,mcts,-213.87,5.129540525232252,42,-208.95,5.944566342467724,24
2274,apt_02146,ss,50,mcts,-227.6,2.9038598451027187,50,-208.95,6.983082199143859,31
2275,apt_01740,ss,50,mcts,-247.3,6.591420635947914,35,-208.92,2.2598962365559987,20
2276,apt_01818,ss,51,mcts,-219.49,6.681002394850653,48,-208.91,4.4049388190984,32
2277,apt_02522,ss,55,mcts,-208.91,3.2548508414365243,53,-208.91,6.405743984893572,33
2278,apt_00912,ss,50,mcts,-208.88,2.7381068277187377,45,-208.88,3.4176323675901834,23
2279,apt_01335,ss,53,mcts,-229.79,5.19460085088354,52,-208.87,5.7238443375060335,19
2280,apt_01046,ss,54,mcts,-263.57,6.451623361604432,52,-208.75,2.6727150989209396,28
2281,apt_01048,ss,50,mcts,-213.3,5.182439387006846,44,-208.75,5.716384696641763,26
2282,apt_01201,ss,50,mcts,-221.52,5.502640638820602,52,-208.73,6.326714471192763,32
2283,apt_01843,ss,52,mcts,-218.93,5.521392940191826,34,-208.72,5.225487250008367,22
2284,apt_02068,ss,50,mcts,-208.72,2.3153662777193573,43,-208.72,2.78040608544868,27
2285,apt_01007,ss,50,mcts,-210.71,6.8853903302572474,36,-208.7,6.89116158568351,17
2286,apt_00600,ss,50,mcts,-275.13,5.86700238622758,46,-208.69,5.327450140545659,20
2287,apt_02075,ss,50,mcts,-236.98,5.55253743796473,33,-208.67,2.9190678306610107,19
2288,apt_00074,ss,50,mcts,-224.55,4.638946108762212,36,-208.66,2.507496959120782,17
2289,apt_00699,ss,50,mcts,-210.36,2.8869939383379464,52,-208.65,3.3343948476447727,23
2290,apt_01339,ss,52,mcts,-245.08,5.171125506115647,29,-208.65,5.497948799325057,13
2291,apt_02197,ss,51,mcts,-208.62,2.7998524961147524,37,-208.62,5.2776076019347995,24
2292,apt_00404,ss,51,mcts,-231.98,6.251060789977958,33,-208.61,2.70766855431015,25
2293,apt_01333,ss,54,mcts,-210.8,6.9832836831966,34,-208.61,6.995524640797157,17
2294,apt_00941,ss,50,mcts,-208.6,2.4962503880820717,40,-208.6,2.576941016011044,27
2295,apt_00539,ss,51,mcts,-208.96,5.179297346165814,29,-208.59,6.435605177448355,21
2296,apt_01661,ss,50,mcts,-219.49,3.797286004503742,38,-208.54,3.035229974812452,23
2297,apt_01426,ss,50,mcts,-208.48,2.3503252966344816,34,-208.48,2.3503252966344816,19
2298,apt_02354,ss,50,mcts,-210.79,3.0692430662950207,40,-208.45,6.023643664759748,19
2299,apt_00305,ss,50,mcts,-228.67,2.5426024069838333,45,-208.44,2.7601885805140283,27
2300,apt_02768,ss,50,mcts,-215.24,2.4786536668118777,33,-208.4,3.2944151225976457,17
2301,apt_01588,ss,50,mcts,-208.39,2.6766579908535273,34,-208.39,5.2091722950964074,25
2302,apt_00033,ss,55,mcts,-208.38,1.9514294760508175,45,-208.38,1.9514294760508175,21
2303,apt_00957,ss,53,mcts,-226.72,5.662566379301895,42,-208.38,2.7813530879771595,23
2304,apt_00722,ss,50,mcts,-241.31,2.3450339016739123,37,-208.36,2.3209838431148073,20
2305,apt_00357,ss,50,mcts,-218.54,5.8857504194452455,52,-208.34,2.8766059862275006,33
2306,apt_02516,ss,51,mcts,-208.34,2.6400007575756623,45,-208.34,4.979184170122648,26
2307,apt_02143,ss,53,mcts,-242.38,4.964945619037541,35,-208.32,2.7733095752187484,20
2308,apt_01106,ss,50,mcts,-225.61,4.009351443812329,41,-208.31,5.65625326519243,22
2309,apt_00688,ss,54,mcts,-241.32,5.571833629964212,51,-208.3,5.092721276488634,32
2310,apt_02158,ss,50,mcts,-208.3,2.5948057730782113,51,-208.3,2.5948057730782113,33
2311,apt_01780,ss,50,mcts,-227.98,2.7694336966246396,47,-208.28,3.6003844239192113,34
2312,apt_01062,ss,50,mcts,-208.23,5.2257510465004104,44,-208.23,5.2257510465004104,30
2313,apt_01052,ss,52,mcts,-215.36,4.914174294833268,36,-208.22,5.506456210667609,21
2314,apt_01640,ss,50,mcts,-244.11,3.310837205300213,34,-208.22,3.92375445205229,21
2315,apt_01175,ss,50,mcts,-208.18,2.8520254206440816,43,-208.18,3.713675941705202,26
2316,apt_02606,ss,57,mcts,-217.07,5.290087428389056,31,-208.17,5.8435105886787015,19
2317,apt_02093,ss,51,mcts,-243.7,4.664344112520016,35,-208.16,2.9080814981702305,21
2318,apt_02414,ss,55,mcts,-215.38,3.497525124999116,46,-208.16,4.996681899020598,25
2319,apt_02621,ss,50,mcts,-208.16,2.6241322375215876,30,-208.16,2.6241322375215876,22
2320,apt_00497,ss,50,mcts,-208.15,1.71735523407361,44,-208.15,3.5042788131083475,25
2321,apt_02461,ss,50,mcts,-211.72,5.731384736693207,38,-208.1,6.959349825953588,27
2322,apt_02748,ss,50,mcts,-213.05,6.759770410302392,40,-208.1,2.2948540258587427,22
2323,apt_00683,ss,51,mcts,-208.07,2.267609534289365,36,-208.07,2.56693611139818,22
2324,apt_01263,ss,50,mcts,-214.65,3.551300747613489,45,-208.03,2.7696918601172955,24
2325,apt_00429,ss,50,mcts,-219.71,4.2415554929766195,37,-208.01,4.284296208247054,20
2326,apt_00633,ss,50,mcts,-208.5,6.446534417809318,45,-207.99,2.320188569922707,26
2327,apt_00204,ss,50,mcts,-207.98,1.8958211941003518,46,-207.98,4.165836650662145,25
2328,apt_02284,ss,50,mcts,-211.43,5.795923567473952,41,-207.97,2.986212651503552,22
2329,apt_00580,ss,53,mcts,-207.96,2.4241942991435304,28,-207.96,2.4241942991435304,9
2330,apt_02761,ss,51,mcts,-207.94,2.9158705389642967,39,-207.94,4.088128178029644,26
2331,apt_00515,ss,50,mcts,-247.56,3.6136184081886777,41,-207.92,6.7287304894757085,19
2332,apt_00258,ss,50,mcts,-244.48,4.828927934852615,41,-207.9,4.47975233690435,24
2333,apt_01622,ss,50,mcts,-262.74,6.873020151287191,42,-207.88,3.4302410993981187,29
2334,apt_02531,ss,50,mcts,-207.88,3.173728879409822,51,-207.88,6.828821347787615,27
2335,apt_01316,ss,50,mcts,-225.04,3.6522369857390267,54,-207.87,4.254780605389654,39
2336,apt_00542,ss,53,mcts,-216.01,6.843584148675328,42,-207.84,2.7673821564792784,27
2337,apt_01688,ss,50,mcts,-207.83,2.538269292254071,46,-207.83,3.460250424463526,31
2338,apt_00102,ss,50,mcts,-207.8,2.1276404771483355,39,-207.8,3.219945651715258,23
2339,apt_00474,ss,53,mcts,-207.8,2.981507001501102,37,-207.8,5.381308112345934,9
2340,apt_02572,ss,50,mcts,-210.68,2.9772324396996703,56,-207.78,4.2492009837144655,36
2341,apt_02477,ss,50,mcts,-229.83,3.5922485994151376,43,-207.72,6.621792355548461,19
2342,apt_01994,ss,50,mcts,-228.13,5.263771081648591,40,-207.71,4.444953205602952,23
2343,apt_00181,ss,50,mcts,-207.7,2.110549928336211,36,-207.7,2.7809915497893836,21
2344,apt_00103,ss,50,mcts,-207.66,2.8464971456160018,33,-207.66,3.7713600994866665,20
2345,apt_00718,ss,56,mcts,-232.23,5.414202526688509,54,-207.66,2.2972202767692864,24
2346,apt_02105,ss,50,mcts,-209.04,3.968174643334133,45,-207.64,6.824559912551137,32
2347,apt_01245,ss,50,mcts,-208.69,5.7213722130272275,36,-207.63,6.833650708076913,23
2348,apt_01648,ss,50,mcts,-207.61,2.8887369212166196,27,-207.61,2.8887369212166196,11
2349,apt_02219,ss,53,mcts,-207.58,2.7787374831027023,37,-207.58,6.587429012900259,21
2350,apt_02043,ss,51,mcts,-228.11,2.7044916343002563,46,-207.55,5.181988807398186,28
2351,apt_00131,ss,52,mcts,-207.5,1.9953769067522142,51,-207.5,2.6296997927520245,32
2352,apt_01438,ss,50,mcts,-221.02,3.413670312142047,47,-207.48,3.575914288681981,30
2353,apt_01655,ss,50,mcts,-216.44,4.533032759643383,38,-207.47,2.8400658443071354,20
2354,apt_02493,ss,50,mcts,-283.92,6.93069837750857,44,-207.45,6.830220640652827,25
2355,apt_02529,ss,57,mcts,-207.45,3.017091480217317,40,-207.45,4.0325493177393295,20
2356,apt_01781,ss,50,mcts,-207.41,2.6690292242686264,40,-207.41,3.8790815923359996,22
2357,apt_00011,ss,50,mcts,-256.33,6.890721152390363,65,-207.39,4.077378814876045,42
2358,apt_02771,ss,51,mcts,-207.39,2.778090531282236,40,-207.39,2.778090531282236,22
2359,apt_00242,ss,52,mcts,-313.92,3.8958943774183874,48,-207.38,3.735001204819077,27
2360,apt_02258,ss,50,mcts,-207.37,3.0197261465238894,33,-207.37,6.390427372249856,16
2361,apt_00246,ss,50,mcts,-208.62,5.688432297215096,49,-207.35,4.749708306833172,30
2362,apt_00808,ss,54,mcts,-210.62,2.107186512864968,44,-207.35,1.477184822559454,25
2363,apt_00526,ss,51,mcts,-225.08,6.734001856251611,38,-207.34,2.470180155373281,25
2364,apt_01314,ss,50,mcts,-214.2,4.7489065057126485,35,-207.33,2.505097403295935,17
2365,apt_02590,ss,51,mcts,-224.51,4.589078992564825,41,-207.32,1.6508727994609238,23
2366,apt_01241,ss,54,mcts,-207.31,2.3631802724295237,32,-207.31,5.91694473524978,20
2367,apt_02479,ss,53,mcts,-259.41,5.6057540081598445,38,-207.31,5.810755716772142,12
2368,apt_02466,ss,53,mcts,-207.29,2.6320349541751917,37,-207.29,2.6320349541751917,23
2369,apt_00454,ss,50,mcts,-219.59,5.669686940211058,52,-207.21,2.849847890677679,28
2370,apt_00368,ss,50,mcts,-207.18,2.452829794339611,35,-207.18,4.654083153533038,23
2371,apt_00685,ss,50,mcts,-207.18,1.8684651455138093,47,-207.18,4.48996481055253,27
2372,apt_02349,ss,55,mcts,-224.33,3.8729903175711677,45,-207.18,6.043819156791517,25
2373,apt_02647,ss,52,mcts,-215.97,5.137427566399353,44,-207.17,6.581565315333437,29
2374,apt_02028,ss,50,mcts,-209.28,6.959756102048415,47,-207.15,2.9266193807873373,22
2375,apt_02402,ss,50,mcts,-232.65,6.750347620678513,44,-207.15,2.771989538219805,27
2376,apt_02599,ss,52,mcts,-207.12,2.684874671190449,33,-207.12,2.684874671190449,17
2377,apt_00606,ss,50,mcts,-230.16,6.809202082476348,48,-207.07,5.863929228768033,29
2378,apt_01423,ss,50,mcts,-207.07,3.654440723284481,37,-207.07,5.094512832450221,23
2379,apt_00073,ss,54,mcts,-222.8,6.534194135469173,35,-207.05,5.6854369225240715,19
2380,apt_02176,ss,53,mcts,-245.01,6.7096189161531505,46,-207.05,3.1003912656308326,24
2381,apt_02273,ss,51,mcts,-215.29,6.262476027898227,36,-207.03,3.076422597758644,19
2382,apt_01060,ss,54,mcts,-243.04,4.376615358927481,39,-207.01,3.0996340106535194,21
2383,apt_00604,ss,50,mcts,-207.0,3.0248439629177675,47,-207.0,3.5443512805589656,29
2384,apt_02415,ss,52,mcts,-206.92,5.070506680796316,40,-206.92,6.906301036010521,19
2385,apt_02511,ss,53,mcts,-239.53,3.012114539654834,46,-206.92,2.718412036465419,22
2386,apt_01547,ss,55,mcts,-206.86,2.4407640197282268,39,-206.86,4.507498419300886,25
2387,apt_02801,ss,51,mcts,-252.57,4.293870165712989,52,-206.85,0.967266250832722,30
2388,apt_01706,ss,50,mcts,-243.12,4.046645647941004,45,-206.82,5.6873931638317465,20
2389,apt_01649,ss,50,mcts,-206.81,2.4026258551842776,43,-206.81,5.787732025586541,28
2390,apt_00723,ss,50,mcts,-206.78,2.2545899848974686,52,-206.78,2.2545899848974686,29
2391,apt_02123,ss,50,mcts,-208.23,3.2249145725119566,46,-206.77,4.109708627141344,34
2392,apt_02427,ss,50,mcts,-211.71,5.132020459818922,44,-206.75,3.1194893812930413,30
2393,apt_00842,ss,54,mcts,-219.12,6.956295925275179,46,-206.72,2.960477157486599,29
2394,apt_01933,ss,50,mcts,-206.72,2.3833692538085627,47,-206.72,2.3833692538085627,28
2395,apt_00220,ss,51,mcts,-221.98,3.7789228624040416,46,-206.55,5.544109757210811,24
2396,apt_02648,ss,51,mcts,-228.48,5.9248643866336925,34,-206.55,2.27953920782249,21
2397,apt_01793,ss,51,mcts,-206.5,6.124299225217527,45,-206.47,2.772439178773819,24
2398,apt_02521,ss,50,mcts,-213.14,2.8235966425819434,36,-206.47,4.797239518723252,27
2399,apt_00089,ss,50,mcts,-229.88,6.717685390072993,46,-206.42,2.763667309934378,19
2400,apt_00889,ss,50,mcts,-236.85,6.825573236000031,36,-206.41,5.565123987837103,20
2401,apt_02559,ss,54,mcts,-219.59,6.9119504483177465,41,-206.4,2.7929104890776633,28
2402,apt_01966,ss,52,mcts,-222.28,6.001876206654052,45,-206.39,5.0011600654248225,28
2403,apt_00052,ss,51,mcts,-240.78,4.744163256044212,44,-206.33,3.500717783540969,29
2404,apt_02296,ss,53,mcts,-257.11,3.2520032287806906,37,-206.31,6.310529375575403,21
2405,apt_02639,ss,55,mcts,-206.31,2.7267770352560947,45,-206.31,4.408079967514192,18
2406,apt_02419,ss,50,mcts,-206.26,2.8313871158850836,36,-206.26,2.8313871158850836,20
2407,apt_00558,ss,50,mcts,-206.22,2.65066199278594,42,-206.22,3.072679124152082,28
2408,apt_01091,ss,50,mcts,-211.14,2.443808707734726,43,-206.22,3.985179042401993,24
2409,apt_00727,ss,54,mcts,-228.71,5.184722461231644,50,-206.21,5.459425244473999,38
2410,apt_00877,ss,50,mcts,-206.21,2.6048654475807385,45,-206.21,2.6048654475807385,26
2411,apt_01042,ss,50,mcts,-206.16,2.2231511419604275,33,-206.16,3.992253624207783,16
2412,apt_01173,ss,52,mcts,-206.13,2.371549282642038,27,-206.13,2.371549282642038,15
2413,apt_00136,ss,50,mcts,-214.63,4.403806081107546,37,-206.06,2.4464643876418837,22
2414,apt_02530,ss,50,mcts,-232.8,6.5859150465216185,41,-206.06,3.0911205088123093,24
2415,apt_02517,ss,50,mcts,-206.05,2.1717649504492873,37,-206.05,2.1717649504492873,18
2416,apt_00607,ss,50,mcts,-218.14,4.398723792192454,41,-206.02,4.110620026224753,24
2417,apt_02714,ss,50,mcts,-205.98,3.70177876162258,49,-205.98,6.565340966012351,33
2418,apt_00544,ss,50,mcts,-272.15,6.949374504227002,41,-205.97,5.533384949558444,23
2419,apt_01246,ss,54,mcts,-205.97,3.994566059035704,28,-205.97,6.973202133883679,16
2420,apt_01980,ss,50,mcts,-205.97,2.5573754124101518,32,-205.97,3.484359051533002,24
2421,apt_01881,ss,54,mcts,-271.0,6.654805556888939,31,-205.94,6.991020097239016,15
2422,apt_02211,ss,50,mcts,-205.93,2.5147443209996374,29,-205.93,4.960005040320008,15
2423,apt_00527,ss,52,mcts,-210.7,5.521777250125179,36,-205.92,5.552487190439975,22
2424,apt_00168,ss,50,mcts,-273.45,2.8453265190483874,49,-205.89,2.6886721629830608,25
2425,apt_00331,ss,50,mcts,-233.54,3.2410691137339183,43,-205.89,2.7949491945293126,30
2426,apt_00126,ss,51,mcts,-211.76,6.798247274114119,33,-205.81,6.070494708011873,19
2427,apt_02669,ss,50,mcts,-239.52,4.0401580414632265,33,-205.73,2.4567128444325883,22
2428,apt_01299,ss,50,mcts,-205.71,2.734053583966487,37,-205.71,5.869567190176805,23
2429,apt_02497,ss,50,mcts,-240.97,3.2929963559044526,33,-205.68,2.795118244368208,14
2430,apt_00394,ss,50,mcts,-205.63,2.369629717909539,33,-205.63,2.859751912316878,23
2431,apt_01569,ss,50,mcts,-220.99,4.967938204124524,44,-205.59,5.854662244741374,25
2432,apt_01697,ss,50,mcts,-205.58,2.515058249822453,39,-205.58,2.913776415581676,18
2433,apt_00920,ss,50,mcts,-205.54,2.3693437910104866,40,-205.54,4.724482299681097,23
2434,apt_00144,ss,56,mcts,-216.51,6.609246326170633,50,-205.5,5.454247244120866,28
2435,apt_02624,ss,50,mcts,-220.15,2.7401872198811623,44,-205.49,1.5208842822515876,23
2436,apt_02434,ss,50,mcts,-215.36,4.760464788232335,35,-205.42,2.9864473877836923,25
2437,apt_01683,ss,54,mcts,-217.19,4.373675227997647,56,-205.38,4.659806111846292,33
2438,apt_01391,ss,55,mcts,-220.19,5.736519502276616,47,-205.37,3.187863547895371,26
2439,apt_01627,ss,50,mcts,-220.22,4.709032809399408,56,-205.35,3.8422730251766346,31
2440,apt_02059,ss,54,mcts,-228.16,2.3786756819709463,45,-205.32,2.6376155898841738,25
2441,apt_02126,ss,55,mcts,-215.45,4.716266531908463,34,-205.28,2.593633358823107,21
2442,apt_02392,ss,50,mcts,-253.29,2.441936526611624,39,-205.28,2.5266242300745843,16
2443,apt_00295,ss,51,mcts,-205.22,2.2179075724655335,28,-205.22,2.2179075724655335,13
2444,apt_00227,ss,50,mcts,-254.5,2.296068161009162,42,-205.16,3.3144317763381443,22
2445,apt_01691,ss,50,mcts,-244.25,6.150326983177389,33,-205.07,2.2596667895953257,19
2446,apt_01254,ss,53,mcts,-232.65,4.580125544130874,51,-205.05,3.0698174212809644,33
2447,apt_00733,ss,50,mcts,-237.55,5.99126564258338,32,-205.04,2.76004673873469,14
2448,apt_00876,ss,51,mcts,-205.04,1.396124994404148,34,-205.04,4.916561501700139,22
2449,apt_01537,ss,51,mcts,-205.03,3.1822297214374715,42,-205.03,5.099138162474117,25
2450,apt_02378,ss,50,mcts,-225.94,6.145361909603047,41,-205.03,2.8001810655741597,12
2451,apt_00655,ss,50,mcts,-209.53,4.065184989640711,33,-205.02,2.471750998786076,15
2452,apt_01221,ss,50,mcts,-205.02,2.33201500852803,35,-205.02,5.362776612912398,23
2453,apt_01159,ss,50,mcts,-205.01,6.828249995423448,47,-205.01,6.921122813532516,28
2454,apt_01895,ss,50,mcts,-246.62,2.9370955040652063,54,-204.93,2.376672884517339,35
2455,apt_02645,ss,50,mcts,-205.12,6.136775456214758,36,-204.93,5.110745248982783,17
2456,apt_02747,ss,50,mcts,-204.81,3.306443104001638,38,-204.81,6.48339687201085,23
2457,apt_02512,ss,53,mcts,-204.8,4.280433739704433,30,-204.8,6.560137269905256,20
2458,apt_02472,ss,50,mcts,-204.79,2.677319181569499,33,-204.79,6.227301903714005,18
2459,apt_00860,ss,51,mcts,-231.0,5.678309783729662,47,-204.77,5.5055445688869025,27
2460,apt_02154,ss,50,mcts,-204.69,2.788512506696001,40,-204.69,2.788512506696001,17
2461,apt_00288,ss,51,mcts,-204.63,2.7150434618988983,36,-204.63,3.6934852104753246,20
2462,apt_00917,ss,50,mcts,-256.33,4.9045711331369315,54,-204.63,2.4126286494195543,35
2463,apt_01735,ss,50,mcts,-232.31,4.752121736656144,35,-204.63,4.053480726486803,20
2464,apt_02407,ss,50,mcts,-204.63,3.1587747624672673,44,-204.63,6.525835042352833,28
2465,apt_00263,ss,50,mcts,-204.57,3.2705377233721133,31,-204.57,4.961630780297942,14
2466,apt_02706,ss,52,mcts,-221.82,4.576806856313684,42,-204.56,5.398980366698895,22
2467,apt_02334,ss,51,mcts,-212.73,6.676865207565593,41,-204.53,6.27007248761927,24
2468,apt_00752,ss,50,mcts,-208.09,5.204359806931105,32,-204.5,4.244006361917934,22
2469,apt_00393,ss,50,mcts,-204.49,2.3352021325786825,31,-204.49,2.5078133901867705,16
2470,apt_00261,ss,51,mcts,-208.0,6.22040786444105,29,-204.48,5.578530451651214,10
2471,apt_00224,ss,50,mcts,-209.0,6.703622304396324,41,-204.45,3.248316487043709,30
2472,apt_01961,ss,52,mcts,-221.36,5.6492319831991304,36,-204.42,2.460409112322574,22
2473,apt_00590,ss,54,mcts,-222.96,5.200619386188536,46,-204.41,2.6783418377794863,28
2474,apt_02248,ss,50,mcts,-211.65,2.6693598483531598,39,-204.41,2.6635590851340187,23
2475,apt_00234,ss,55,mcts,-204.39,3.081020772406433,38,-204.39,4.883062461201986,24
2476,apt_01593,ss,50,mcts,-213.38,3.4326131445299817,31,-204.33,6.873017750595444,22
2477,apt_01989,ss,51,mcts,-204.32,2.686200662646037,41,-204.32,4.161479664734637,26
2478,apt_01998,ss,52,mcts,-220.72,6.000467565115238,41,-204.3,6.342388587905977,23
2479,apt_01727,ss,55,mcts,-204.29,2.791339463411776,41,-204.29,2.909827658126849,24
2480,apt_00284,ss,52,mcts,-215.48,5.310941159530969,43,-204.19,6.242653442247135,27
2481,apt_00942,ss,50,mcts,-204.18,1.2837090791920198,23,-204.18,2.624591587276003,15
2482,apt_02331,ss,50,mcts,-204.18,2.8993069861606604,41,-204.18,5.892431925784127,28
2483,apt_00673,ss,50,mcts,-207.16,6.8289109673505255,38,-204.14,3.0806156852161872,23
2484,apt_02727,ss,53,mcts,-209.25,6.748108772093115,57,-204.14,3.295999241504792,31
2485,apt_00779,ss,50,mcts,-250.66,3.2076385394866396,33,-204.13,4.215312681166131,16
2486,apt_02019,ss,50,mcts,-220.59,6.608260512419304,36,-204.13,5.971257321536229,15
2487,apt_00918,ss,50,mcts,-210.93,5.180561649087872,47,-204.09,3.188933050410432,25
2488,apt_00306,ss,51,mcts,-204.05,2.3277143295516454,28,-204.05,2.6955797150149334,17
2489,apt_02532,ss,50,mcts,-219.28,4.796201309369751,43,-204.02,6.5563585929996275,25
2490,apt_01805,ss,51,mcts,-203.99,2.8273558318683674,37,-203.99,6.524819920886711,26
2491,apt_02362,ss,51,mcts,-237.43,3.3416718869452056,48,-203.99,3.3768119580456317,23
2492,apt_02802,ss,55,mcts,-227.36,5.106434176605042,28,-203.98,6.92128925851246,8
2493,apt_01536,ss,50,mcts,-216.01,6.76532046543251,41,-203.96,5.093329853838241,23
2494,apt_01792,ss,50,mcts,-218.26,3.9001612787165394,31,-203.94,4.505110431498876,11
2495,apt_00354,ss,50,mcts,-218.19,6.177557688925281,47,-203.9,6.971369664563779,27
2496,apt_00348,ss,50,mcts,-203.89,2.755573443042304,27,-203.89,2.755573443042304,15
2497,apt_01888,ss,50,mcts,-216.33,2.618367048371953,42,-203.89,2.2237574058336484,31
2498,apt_00098,ss,50,mcts,-221.48,5.637748752826762,31,-203.86,2.7696846390879863,13
2499,apt_02369,ss,51,mcts,-223.08,4.485324291508924,45,-203.86,2.4894394951474417,29
2500,apt_01498,ss,50,mcts,-203.85,2.7660529640626774,31,-203.85,6.369177654925317,16
2501,apt_00109,ss,50,mcts,-203.84,2.7810922314802915,35,-203.84,5.167514102544844,15
2502,apt_01992,ss,55,mcts,-237.02,2.902171773000353,44,-203.83,3.2339676869134073,22
2503,apt_01216,ss,50,mcts,-217.08,3.238135574678735,49,-203.81,6.094947251617523,27
2504,apt_00546,ss,52,mcts,-220.53,3.4805360219368264,54,-203.8,5.552815592111809,32
2505,apt_01164,ss,50,mcts,-211.19,6.497662733629668,35,-203.8,5.287405034608197,18
2506,apt_01585,ss,50,mcts,-209.34,5.557113099442921,40,-203.79,1.59400972393522,25
2507,apt_01969,ss,53,mcts,-220.31,2.496743879535919,43,-203.75,4.886115635144133,24
2508,apt_01762,ss,55,mcts,-211.2,6.9321441127547425,46,-203.73,4.016342365884652,29
2509,apt_02177,ss,53,mcts,-203.73,2.5338526002907127,30,-203.73,6.4443982651602125,24
2510,apt_00045,ss,50,mcts,-203.7,2.277241533083382,50,-203.7,4.562047895408373,35
2511,apt_00690,ss,50,mcts,-221.27,6.533352738066422,35,-203.7,6.339577115234105,21
2512,apt_01503,ss,55,mcts,-230.28,6.706143899440282,46,-203.68,2.379510243726634,27
2513,apt_00461,ss,50,mcts,-203.66,2.8018923962208158,26,-203.66,3.7294692651904144,20
2514,apt_01559,ss,50,mcts,-249.72,3.8826667382097235,39,-203.63,2.863099544200295,16
2515,apt_02691,ss,53,mcts,-203.63,3.370614484036999,22,-203.63,4.641754086549618,18
2516,apt_00330,ss,50,mcts,-204.16,5.521070638925019,32,-203.62,5.015754579323038,21
2517,apt_01419,ss,56,mcts,-215.6,6.373014514340938,43,-203.62,2.852861545886873,24
2518,apt_02607,ss,60,mcts,-204.51,3.0541972758811813,45,-203.6,3.409727701738065,27
2519,apt_02103,ss,56,mcts,-258.55,3.4440762186688127,37,-203.51,2.1565959287729455,18
2520,apt_02613,ss,50,mcts,-223.19,3.080536479251631,37,-203.51,5.372189963134208,23
2521,apt_00316,ss,50,mcts,-220.71,6.135540807459435,47,-203.5,2.832468534688423,24
2522,apt_02088,ss,54,mcts,-203.41,2.2178604554840624,39,-203.41,3.1338624730514293,25
2523,apt_02554,ss,50,mcts,-203.39,4.554632806275376,56,-203.39,6.614590009970379,38
2524,apt_00198,ss,50,mcts,-230.17,4.512850208017107,46,-203.35,2.2690581746619145,26
2525,apt_00533,ss,54,mcts,-214.27,6.218256427649134,51,-203.35,3.367459576594798,28
2526,apt_01643,ss,50,mcts,-204.13,5.533901155604452,35,-203.35,3.0980419622722963,27
2527,apt_00896,ss,54,mcts,-219.72,2.523714920509055,44,-203.34,6.69337045142431,27
2528,apt_00444,ss,50,mcts,-212.95,6.824263916350265,37,-203.33,3.0921495759422784,17
2529,apt_00716,ss,51,mcts,-203.29,2.9659253193565083,31,-203.29,3.504446746634916,20
2530,apt_02799,ss,50,mcts,-237.37,6.432292981511356,42,-203.26,2.3449266513049007,18
2531,apt_00680,ss,50,mcts,-279.65,6.364627718885043,23,-203.25,2.6707094563055693,12
2532,apt_00816,ss,50,mcts,-203.25,2.829200770535735,63,-203.25,4.202742081070402,42
2533,apt_00281,ss,52,mcts,-223.24,5.7557475622198755,55,-203.22,2.9534767647638684,39
2534,apt_01017,ss,51,mcts,-203.22,2.26549111673385,38,-203.22,2.26549111673385,29
2535,apt_01193,ss,51,mcts,-223.12,4.263723255559619,28,-203.2,2.6406841916442656,14
2536,apt_01575,ss,56,mcts,-206.6,6.741325463141507,37,-203.19,3.9535637088581357,17
2537,apt_00825,ss,50,mcts,-210.57,5.953812308093018,47,-203.18,6.4672519666393,30
2538,apt_02333,ss,50,mcts,-203.18,2.6700241571940837,45,-203.18,2.9321180058108345,26
2539,apt_02086,ss,53,mcts,-224.77,2.6264982391008824,40,-203.14,2.516577437711789,26
2540,apt_00645,ss,50,mcts,-252.35,4.173982390954722,41,-203.1,2.8901012093004614,27
2541,apt_02697,ss,50,mcts,-233.25,3.102236773684457,37,-203.1,3.1811001241708845,18
2542,apt_02683,ss,54,mcts,-244.02,3.783926135642708,34,-203.07,6.165013300877791,14
2543,apt_02731,ss,54,mcts,-235.03,4.582107157193078,45,-203.05,3.6411307309680656,22
2544,apt_02150,ss,51,mcts,-207.44,5.909416891707679,32,-203.01,4.063711234819717,18
2545,apt_01892,ss,51,mcts,-236.6,6.280377456809425,42,-202.97,2.5264665048244943,28
2546,apt_00445,ss,50,mcts,-205.82,6.525902313090516,37,-202.94,5.509931850758228,20
2547,apt_00729,ss,50,mcts,-207.96,2.525103166209266,46,-202.93,2.9020160233878873,20
2548,apt_02087,ss,50,mcts,-216.91,4.141258866576696,35,-202.91,5.643282821195468,23
2549,apt_02386,ss,51,mcts,-214.65,3.0354251761491597,47,-202.89,6.351591139234332,21
2550,apt_01387,ss,53,mcts,-216.95,3.310049093291551,45,-202.86,2.358878759071782,31
2551,apt_02130,ss,50,mcts,-202.86,2.598773749290237,33,-202.86,4.150547915637141,26
2552,apt_02675,ss,50,mcts,-238.14,6.993381871455337,31,-202.82,5.114853468086858,15
2553,apt_01208,ss,50,mcts,-220.67,5.8576257135464065,44,-202.79,2.1819122347152287,27
2554,apt_02364,ss,50,mcts,-235.23,3.442421386175724,39,-202.78,6.312944162591653,16
2555,apt_01078,ss,50,mcts,-231.57,3.65631699938612,33,-202.72,2.101312447019713,21
2556,apt_01883,ss,50,mcts,-228.86,4.120102547267492,45,-202.7,2.9453212048942894,24
2557,apt_02420,ss,50,mcts,-245.48,2.8990800264911534,47,-202.59,6.391764858002833,23
2558,apt_02501,ss,52,mcts,-202.57,2.741054359183699,25,-202.57,3.1525484928863534,14
2559,apt_00370,ss,50,mcts,-202.48,3.30951265294456,30,-202.48,6.515947360131153,16
2560,apt_02142,ss,50,mcts,-236.73,6.196201820470345,26,-202.48,4.8793764970536895,12
2561,apt_00508,ss,51,mcts,-225.21,4.003130524976658,29,-202.46,5.662885660155955,12
2562,apt_01209,ss,50,mcts,-202.44,2.323713837803615,43,-202.44,2.323713837803615,33
2563,apt_02635,ss,55,mcts,-226.67,3.728227192648016,47,-202.43,1.4900808702885882,28
2564,apt_00631,ss,50,mcts,-205.99,6.895312103161107,33,-202.42,2.5812994789446564,15
2565,apt_01202,ss,50,mcts,-212.68,3.831424539254293,33,-202.34,3.1338790659500604,21
2566,apt_00464,ss,51,mcts,-202.31,2.659335819335343,26,-202.31,2.659335819335343,11
2567,apt_00833,ss,50,mcts,-202.31,2.7866722089258906,42,-202.31,2.828173438811691,24
2568,apt_00270,ss,50,mcts,-221.06,6.266185921276202,65,-202.18,4.421990049740046,48
2569,apt_00504,ss,50,mcts,-234.14,5.401998333950152,35,-202.18,5.1647317452119355,20
2570,apt_02677,ss,51,mcts,-226.8,6.462243882739187,42,-202.17,3.069575377800666,21
2571,apt_02286,ss,50,mcts,-202.14,3.148010959320185,54,-202.14,5.9614881531375925,35
2572,apt_01219,ss,50,mcts,-202.12,2.5888263750201497,36,-202.12,2.6915750035991977,21
2573,apt_00490,ss,50,mcts,-202.09,2.1339011223578264,33,-202.09,2.4660938749366372,16
2574,apt_00480,ss,50,mcts,-241.43,6.644038756660006,43,-201.95,4.466142630951232,18
2575,apt_00674,ss,53,mcts,-220.06,3.2999931818111428,44,-201.94,6.716893701704682,21
2576,apt_01287,ss,53,mcts,-277.52,4.7696294405331,29,-201.86,5.75478453115318,10
2577,apt_01149,ss,55,mcts,-210.25,4.380059474482054,38,-201.85,6.540923329316754,20
2578,apt_01397,ss,51,mcts,-201.85,1.7722748093904799,36,-201.85,3.5324117823379653,20
2579,apt_00982,ss,50,mcts,-271.85,4.008863180503919,38,-201.83,3.021336459251114,21
2580,apt_01511,ss,50,mcts,-201.8,2.7438276184921095,36,-201.8,4.643274168084409,24
2581,apt_02250,ss,50,mcts,-227.36,2.57491961039564,32,-201.79,6.246427058727247,19
2582,apt_02280,ss,50,mcts,-201.79,2.3916475492848064,28,-201.79,5.444416313986285,17
2583,apt_02708,ss,50,mcts,-201.79,2.7556431191284623,51,-201.79,5.427282745536665,24
2584,apt_01867,ss,50,mcts,-211.71,6.11893961401811,35,-201.77,3.587862873633838,17
2585,apt_00589,ss,50,mcts,-201.75,1.933257613459724,33,-201.75,2.3802186874319036,22
2586,apt_01053,ss,51,mcts,-203.26,5.212826104906994,33,-201.75,4.903276455595799,14
2587,apt_01100,ss,51,mcts,-246.43,6.857063146858142,38,-201.75,2.686325743464467,21
2588,apt_02381,ss,53,mcts,-201.69,2.7473188748304995,34,-201.69,2.7473188748304995,22
2589,apt_02135,ss,50,mcts,-202.99,4.016117652659082,34,-201.63,2.1920780095607975,22
2590,apt_01636,ss,50,mcts,-231.49,2.709876380944346,41,-201.62,6.065015168983517,18
2591,apt_01114,ss,50,mcts,-201.49,2.0053615634094584,38,-201.49,3.3087549017719704,24
2592,apt_00140,ss,51,mcts,-201.45,3.7170969855520433,39,-201.45,5.922185491860255,19
2593,apt_01393,ss,50,mcts,-246.32,2.989873241460253,46,-201.4,6.1917928744427355,23
2594,apt_01077,ss,50,mcts,-201.34,2.8203795843822155,39,-201.34,3.3742415444066873,22
2595,apt_01745,ss,50,mcts,-201.34,2.055420394955748,30,-201.34,5.385146423264649,15
2596,apt_01584,ss,53,mcts,-220.11,3.220370475581982,37,-201.3,2.1158133187972856,17
2597,apt_02679,ss,50,mcts,-201.23,2.655544576918274,32,-201.23,6.207840284672289,18
2598,apt_02332,ss,51,mcts,-201.22,1.930863537384255,46,-201.22,5.432226615302433,31
2599,apt_00502,ss,50,mcts,-201.2,2.9545928653538844,36,-201.2,2.9545928653538844,21
2600,apt_02032,ss,53,mcts,-201.17,4.274716715760237,44,-201.17,6.870100872621884,31
2601,apt_02422,ss,52,mcts,-229.31,5.900821722438341,48,-201.14,3.5483986529137366,31
2602,apt_00176,ss,50,mcts,-211.27,6.900146665107934,51,-201.1,6.802287409393982,29
2603,apt_00360,ss,50,mcts,-275.43,5.988370730006615,39,-201.03,2.9689238791184955,18
2604,apt_02303,ss,50,mcts,-266.54,6.901016881590724,39,-200.99,1.8996812890587877,16
2605,apt_02602,ss,52,mcts,-245.98,3.7693845651512214,35,-200.84,3.057363079518021,20
2606,apt_02125,ss,55,mcts,-235.29,6.568591173151209,46,-200.83,4.591396083981435,32
2607,apt_02668,ss,50,mcts,-247.61,2.639019704359927,35,-200.79,2.5082465987218994,24
2608,apt_02448,ss,52,mcts,-200.78,3.184465575257483,42,-200.78,3.697795424303508,29
2609,apt_02187,ss,50,mcts,-216.33,1.9885185440422883,41,-200.72,6.910462864381815,24
2610,apt_00245,ss,50,mcts,-221.39,3.0066853842728776,31,-200.67,4.159426042136098,14
2611,apt_01509,ss,51,mcts,-202.9,2.855416782187831,34,-200.67,5.612952877051428,14
2612,apt_02007,ss,50,mcts,-204.3,3.943603555125672,41,-200.67,4.635684523347126,26
2613,apt_02394,ss,50,mcts,-200.59,2.450521169057727,45,-200.59,6.464890408970601,37
2614,apt_01390,ss,50,mcts,-220.85,6.7232428187594255,35,-200.56,3.116408349366312,22
2615,apt_01742,ss,50,mcts,-203.79,3.9315911537188235,32,-200.55,5.560469854247929,19
2616,apt_02463,ss,52,mcts,-236.45,5.163112046043549,47,-200.55,5.675080528063016,24
2617,apt_00596,ss,50,mcts,-200.47,2.0160391861271005,39,-200.47,2.8171959463267773,29
2618,apt_01917,ss,53,mcts,-206.37,4.955144498397587,57,-200.46,2.303929252386019,40
2619,apt_01650,ss,50,mcts,-224.31,3.022263721120304,30,-200.42,3.6712093375344392,18
2620,apt_00277,ss,50,mcts,-221.72,6.40039631585422,46,-200.4,2.9721355958300357,16
2621,apt_00771,ss,54,mcts,-200.39,2.1329950773501607,40,-200.39,2.1329950773501607,27
2622,apt_02794,ss,50,mcts,-200.38,2.681732462420515,39,-200.38,2.681732462420515,26
2623,apt_00457,ss,50,mcts,-200.3,1.9389476527230038,30,-200.3,2.822048192359597,22
2624,apt_02363,ss,50,mcts,-215.16,6.08169622720507,40,-200.3,2.413363006263257,25
2625,apt_00030,ss,51,mcts,-218.64,5.0818679636527495,38,-200.29,3.5797386776132147,20
2626,apt_02790,ss,50,mcts,-227.42,6.4210751436188644,36,-200.29,3.4067681165585824,17
2627,apt_00353,ss,50,mcts,-200.22,3.271888445531105,28,-200.22,5.50542550580787,21
2628,apt_02538,ss,52,mcts,-220.79,6.857929352217048,41,-200.17,2.090481762656639,20
2629,apt_02229,ss,53,mcts,-200.08,2.772294717377652,40,-200.08,3.123220293223006,24
2630,apt_02262,ss,56,mcts,-241.36,4.6914942182635215,47,-200.08,2.5590679944073425,31
2631,apt_01215,ss,50,mcts,-256.65,4.389224760706622,48,-200.06,5.5713271309446535,28
2632,apt_01415,ss,50,mcts,-208.37,3.848991166526609,37,-200.01,5.209232669021414,20
2633,apt_00554,ss,51,mcts,-230.91,6.650415475742848,42,-199.93,5.393502943356955,20
2634,apt_02181,ss,50,mcts,-213.31,5.237962771918092,44,-199.91,1.7364152729114049,26
2635,apt_00929,ss,52,mcts,-199.9,2.8987329990877253,34,-199.9,2.957355068300051,17
2636,apt_01882,ss,55,mcts,-210.53,2.2916345694722096,54,-199.88,1.3698010804492902,34
2637,apt_01433,ss,51,mcts,-246.19,4.477288130107329,46,-199.87,2.984461760518979,26
2638,apt_01276,ss,53,mcts,-232.0,6.488290067498516,40,-199.8,2.388407419181248,22
2639,apt_01116,ss,50,mcts,-199.79,2.595398620636163,38,-199.79,6.045183289198115,25
2640,apt_00773,ss,50,mcts,-249.68,2.872140142820328,43,-199.77,2.9791570955557227,24
2641,apt_00745,ss,51,mcts,-248.85,2.813796545594582,40,-199.73,6.72303807813104,16
2642,apt_00001,ss,50,mcts,-239.45,6.174960242787005,31,-199.68,5.938370651954972,19
2643,apt_01981,ss,51,mcts,-199.65,3.342314916341664,36,-199.65,6.7424975342969224,23
2644,apt_02416,ss,50,mcts,-215.61,6.72867067109101,19,-199.58,5.765546461524713,9
2645,apt_00574,ss,51,mcts,-225.95,6.497377086178706,35,-199.56,2.9712909652203376,17
2646,apt_00328,ss,50,mcts,-232.33,3.5088201720806587,41,-199.54,2.3533484654848773,21
2647,apt_00358,ss,53,mcts,-199.5,2.5742785397077905,55,-199.5,6.371397491916501,40
2648,apt_01424,ss,50,mcts,-233.38,5.355803207736457,38,-199.48,3.2820898829861456,17
2649,apt_00830,ss,50,mcts,-237.76,6.285554947655806,39,-199.44,1.8290207762625459,18
2650,apt_01399,ss,52,mcts,-210.89,4.1191772236698005,50,-199.43,3.812611703281628,27
2651,apt_01220,ss,50,mcts,-203.61,6.606022933656834,35,-199.39,5.888610786934385,22
2652,apt_02464,ss,50,mcts,-203.54,6.102818529171585,31,-199.39,5.329370506917306,17
2653,apt_00225,ss,50,mcts,-218.37,5.294114562417411,41,-199.31,4.910794029482403,25
2654,apt_01232,ss,50,mcts,-199.24,2.552539323889059,45,-199.24,4.177632463489344,29
2655,apt_01960,ss,53,mcts,-232.52,6.207048010125263,51,-199.22,4.961271611190018,31
2656,apt_02037,ss,51,mcts,-199.19,3.9546836788800372,26,-199.19,6.413087633893672,17
2657,apt_00657,ss,56,mcts,-210.49,3.5879580543813523,50,-199.12,2.349984893568457,33
2658,apt_00884,ss,50,mcts,-203.95,3.5573459207673617,43,-199.03,2.974346819051183,25
2659,apt_02373,ss,54,mcts,-243.23,4.275141868991001,31,-199.0,2.5302622393736205,16
2660,apt_02089,ss,50,mcts,-200.48,6.780575860500338,36,-198.86,6.7926990953523,21
2661,apt_00299,ss,50,mcts,-249.36,3.157717371773493,32,-198.84,4.639708827070948,23
2662,apt_01641,ss,51,mcts,-249.88,2.5483769344428002,34,-198.69,5.245706244158179,18
2663,apt_01082,ss,52,mcts,-198.66,2.76385853473003,35,-198.66,3.1115206893093323,19
2664,apt_01628,ss,51,mcts,-200.29,5.469634539893875,36,-198.65,4.002388661786858,25
2665,apt_00244,ss,52,mcts,-213.75,5.178087774458822,51,-198.62,3.2651392007079956,33
2666,apt_01257,ss,51,mcts,-204.67,6.592064547620853,51,-198.56,4.877412941304043,39
2667,apt_01574,ss,56,mcts,-201.08,5.467968635608654,37,-198.43,3.3181526486887143,23
2668,apt_01235,ss,55,mcts,-228.69,3.150114918538708,46,-198.41,3.8720147210464027,24
2669,apt_00964,ss,50,mcts,-198.37,1.893078445284295,51,-198.37,3.160012658202491,29
2670,apt_01592,ss,51,mcts,-198.35,2.295277978807785,40,-198.35,3.741000000000015,31
2671,apt_00764,ss,50,mcts,-231.32,5.445229655395622,25,-198.32,1.2749058788789245,11
2672,apt_00402,ss,50,mcts,-204.64,6.365054123886127,27,-198.31,5.150086795385104,17
2673,apt_02221,ss,50,mcts,-222.63,5.3867816922537255,43,-198.3,4.4198322366352345,29
2674,apt_01984,ss,50,mcts,-203.91,6.506291570472408,44,-198.18,2.1301323902518323,18
2675,apt_02000,ss,55,mcts,-247.57,5.552882674791555,46,-198.17,2.56251146338899,22
2676,apt_01544,ss,50,mcts,-233.66,5.9715047517355435,36,-197.95,2.5072115985692167,14
2677,apt_02456,ss,50,mcts,-226.38,2.714112377923939,39,-197.88,3.700039999783776,17
2678,apt_02704,ss,53,mcts,-200.78,4.735265779235621,23,-197.67,6.057169388418993,13
2679,apt_02770,ss,56,mcts,-205.92,3.5294376322581367,38,-197.65,2.9868595547832504,29
2680,apt_00107,ss,50,mcts,-215.7,5.276153523164396,38,-197.51,5.485526137026428,21
2681,apt_02598,ss,51,mcts,-212.75,3.6469725800998503,35,-197.32,4.211575477181913,19
2682,apt_02576,ss,51,mcts,-240.15,5.195456861528177,47,-197.2,3.2291556171853983,26
2683,apt_02385,ss,50,mcts,-199.64,2.9509261258120367,29,-197.17,6.586119342981869,16
2684,apt_00956,ss,50,mcts,-251.02,6.861682228142019,44,-197.13,6.741340297003271,30
2685,apt_01158,ss,50,mcts,-230.82,3.880762425091232,39,-197.06,3.575614073134877,18
2686,apt_01016,ss,50,mcts,-243.82,4.471986359549861,34,-197.04,6.296681427545794,21
2687,apt_00701,ss,50,mcts,-220.55,3.1358351359725662,44,-197.02,4.590811366196611,25
2688,apt_00236,ss,55,mcts,-197.0,2.471605955649067,43,-197.0,5.197574241894004,22
2689,apt_00333,ss,55,mcts,-209.08,2.686847409139568,36,-196.98,4.322094515394111,21
2690,apt_02586,ss,50,mcts,-199.59,5.938061215582047,34,-196.93,2.60257372614109,18
2691,apt_01080,ss,50,mcts,-209.61,4.872640146778731,42,-196.91,6.288414506057938,16
2692,apt_02757,ss,50,mcts,-221.46,4.883928439279203,48,-196.89,5.059043980832748,27
2693,apt_02746,ss,55,mcts,-205.0,5.543696059489552,41,-196.88,2.516236475373482,31
2694,apt_00100,ss,50,mcts,-225.96,2.7848091496546017,45,-196.85,3.768287940165937,30
2695,apt_01350,ss,50,mcts,-220.55,5.688918877959156,35,-196.76,6.873167392112605,14
2696,apt_01101,ss,50,mcts,-229.46,6.532251219908822,34,-196.75,2.702405965061508,21
2697,apt_00901,ss,50,mcts,-203.62,4.130969014650199,45,-196.6,5.7060820183379715,28
2698,apt_00018,ss,51,mcts,-208.9,3.950184426074299,36,-196.58,2.2486215777671554,19
2699,apt_01555,ss,50,mcts,-219.18,4.2262609952533605,44,-196.52,6.811413803315725,15
2700,apt_00488,ss,50,mcts,-196.5,1.7322915459009782,48,-196.5,4.437002253774501,31
2701,apt_01743,ss,51,mcts,-207.58,4.621675561958016,43,-196.5,1.849340963694896,24
2702,apt_00494,ss,50,mcts,-245.93,6.431732659245087,50,-196.47,3.2560402331666496,17
2703,apt_00952,ss,50,mcts,-196.47,2.7688109361240194,34,-196.47,5.414012560014994,19
2704,apt_01212,ss,50,mcts,-213.46,2.3526627467616477,46,-196.44,4.480734984352458,27
2705,apt_02671,ss,50,mcts,-275.28,4.43047875516859,42,-196.38,6.79489874832583,18
2706,apt_02800,ss,53,mcts,-223.44,6.168577631837003,30,-196.27,5.870154171740304,16
2707,apt_01760,ss,50,mcts,-201.48,6.254562734516274,40,-196.18,2.9402957334254625,30
2708,apt_00008,ss,53,mcts,-196.16,2.6067660040747715,40,-196.16,3.6336337184697065,23
2709,apt_02634,ss,50,mcts,-228.6,6.635685420512352,28,-196.12,6.374891214758086,20
2710,apt_01709,ss,51,mcts,-196.08,3.123668516344193,45,-196.08,5.257479814511892,29
2711,apt_01118,ss,50,mcts,-225.93,2.679576459069594,43,-195.99,2.405989817102295,24
2712,apt_02545,ss,50,mcts,-198.33,2.347011930093252,41,-195.92,6.2797653618586855,22
2713,apt_02797,ss,50,mcts,-195.92,2.5282116208893637,31,-195.92,4.183664063951603,17
2714,apt_02541,ss,50,mcts,-210.14,4.744145866222908,49,-195.91,2.9066974386750286,18
2715,apt_02641,ss,50,mcts,-234.47,5.60704993735564,42,-195.91,2.5776954824028464,19
2716,apt_02236,ss,50,mcts,-219.53,4.422580016234887,46,-195.9,2.5180158855734,27
2717,apt_02440,ss,50,mcts,-199.04,4.988699329484565,37,-195.78,3.8009154160544067,25
2718,apt_00809,ss,50,mcts,-230.98,5.208281674410477,34,-195.72,6.351785654443963,12
2719,apt_01038,ss,50,mcts,-211.76,5.843056819850404,31,-195.7,2.8891149163714624,17
2720,apt_01494,ss,50,mcts,-195.66,2.501348636236078,45,-195.66,6.979992191972709,30
2721,apt_01437,ss,52,mcts,-201.37,3.900155509720087,35,-195.6,3.8089379097065814,22
2722,apt_02539,ss,50,mcts,-232.07,2.3550002123142266,50,-195.56,3.279041780764632,27
2723,apt_01283,ss,53,mcts,-224.69,5.063486842088165,30,-195.38,3.165103157876536,15
2724,apt_01266,ss,51,mcts,-195.3,2.127947602738369,23,-195.3,3.3868179756225527,16
2725,apt_01553,ss,50,mcts,-212.71,6.209764407769405,47,-195.2,1.8416269980644822,25
2726,apt_00570,ss,53,mcts,-219.3,6.455511521173212,45,-195.17,2.3873724049674374,24
2727,apt_01791,ss,50,mcts,-200.84,6.634790200149509,30,-195.07,3.7505479599653175,16
2728,apt_00275,ss,50,mcts,-230.15,2.610230258042394,35,-195.06,5.519920379860571,20
2729,apt_01540,ss,51,mcts,-222.19,4.198837577234903,30,-194.96,2.7400676998935523,20
2730,apt_02049,ss,51,mcts,-194.96,2.544809226641567,26,-194.96,4.591867811686222,13
2731,apt_00780,ss,50,mcts,-244.34,2.5319911137284885,31,-194.92,6.0042782247327535,19
2732,apt_02358,ss,50,mcts,-194.89,4.857464564976256,32,-194.89,4.9547444939169285,23
2733,apt_00194,ss,50,mcts,-194.8,3.0740006506180104,33,-194.8,5.957785326780406,20
2734,apt_00991,ss,51,mcts,-206.59,4.07410689599575,35,-194.75,2.501117750126942,27
2735,apt_02609,ss,55,mcts,-209.3,6.194524356235907,20,-194.74,4.142584821099017,11
2736,apt_01704,ss,53,mcts,-222.57,5.023234814340273,38,-194.69,6.668291910227083,15
2737,apt_02756,ss,54,mcts,-207.94,6.3478939027050325,28,-194.68,3.444571816641352,14
2738,apt_00023,ss,52,mcts,-194.65,2.095609935078554,27,-194.65,3.646641331417163,17
2739,apt_02178,ss,50,mcts,-203.69,3.0666230612841874,36,-194.44,2.6049332045179363,22
2740,apt_00289,ss,50,mcts,-275.75,6.603971910903338,30,-194.4,5.8566398216041895,15
2741,apt_02205,ss,50,mcts,-194.4,2.6400153408644984,39,-194.4,4.058273647747281,25
2742,apt_01392,ss,53,mcts,-233.12,2.8926347851050758,41,-194.24,5.868766309881501,20
2743,apt_01345,ss,50,mcts,-205.53,5.677924092483088,43,-194.16,2.9816954908239603,21
2744,apt_01072,ss,51,mcts,-194.11,2.447926877992888,34,-194.11,2.7654549354491365,20
2745,apt_02104,ss,50,mcts,-220.32,4.0567941776727885,34,-194.11,5.15503540240027,15
2746,apt_01789,ss,51,mcts,-226.66,6.567824221155746,32,-193.99,2.1241367658416057,18
2747,apt_02803,ss,50,mcts,-193.88,2.32944843256939,47,-193.88,2.32944843256939,32
2748,apt_02486,ss,50,mcts,-214.89,2.867898533769975,41,-193.76,6.007390947824206,23
2749,apt_02184,ss,50,mcts,-219.61,3.393391518820075,33,-193.73,2.5526102326834104,15
2750,apt_01094,ss,50,mcts,-227.69,4.369749878425535,37,-193.58,3.7079306897513797,22
2751,apt_02223,ss,50,mcts,-193.49,2.774779450695133,36,-193.49,5.27626487204726,27
2752,apt_01003,ss,50,mcts,-193.47,4.3923235308888575,30,-193.47,5.464085376346175,22
2753,apt_00130,ss,51,mcts,-193.46,2.016060018947859,30,-193.46,2.016060018947859,22
2754,apt_01247,ss,50,mcts,-200.92,4.63322641363445,34,-193.17,2.9256224978626233,24
2755,apt_01670,ss,50,mcts,-225.0,5.873330060536363,34,-192.86,5.560053956572723,21
2756,apt_01188,ss,52,mcts,-212.83,6.254106570886056,32,-192.76,3.6420485993462557,14
2757,apt_01829,ss,50,mcts,-201.37,4.595237752282264,37,-192.55,2.285273287814823,14
2758,apt_01678,ss,50,mcts,-210.33,3.274876180865462,34,-192.42,3.373755177839675,16
2759,apt_02754,ss,55,mcts,-240.15,2.6182179053699843,40,-192.38,6.70971750523075,19
2760,apt_00537,ss,51,mcts,-211.19,3.072205234029787,26,-192.36,4.475203794242219,13
2761,apt_02065,ss,50,mcts,-212.76,3.8116501675783665,44,-192.32,6.209480654611942,21
2762,apt_00564,ss,55,mcts,-264.77,6.547210398329975,40,-192.26,2.0096260846236937,21
2763,apt_00192,ss,51,mcts,-209.07,4.665041693275633,30,-192.25,2.8396348356787025,14
2764,apt_01047,ss,53,mcts,-202.35,3.9598975996861476,22,-192.19,5.332870615344046,8
2765,apt_01196,ss,50,mcts,-250.65,5.233799002636627,33,-192.12,3.116149707571834,20
2766,apt_01231,ss,50,mcts,-204.4,6.998611076492253,24,-192.04,2.800304269182195,16
2767,apt_02066,ss,50,mcts,-216.55,2.421519564240594,42,-192.0,5.659058932366763,21
2768,apt_00698,ss,50,mcts,-223.94,4.3249246236206424,37,-191.95,6.5592985143229985,18
2769,apt_01184,ss,50,mcts,-211.21,6.335992266409393,41,-191.72,2.914306435500564,24
2770,apt_01908,ss,50,mcts,-191.57,2.686348823217111,32,-191.57,5.736524208961383,20
2771,apt_00846,ss,50,mcts,-201.22,5.035946882166242,42,-191.49,5.043597327305181,26
2772,apt_02222,ss,50,mcts,-191.49,2.395169722587511,39,-191.49,2.453973716240655,28
2773,apt_01936,ss,50,mcts,-213.1,3.8507420064190216,28,-191.46,3.1162884975560154,18
2774,apt_02625,ss,53,mcts,-227.73,1.6893957499650496,32,-191.28,4.617818857426095,17
2775,apt_00385,ss,50,mcts,-213.95,6.089354399277478,42,-191.15,2.6461917919909035,18
2776,apt_02383,ss,50,mcts,-194.17,5.127660187648955,26,-190.98,1.9823069893434808,13
2777,apt_01666,ss,50,mcts,-190.72,2.083766301675891,24,-190.72,2.083766301675891,13
2778,apt_02658,ss,56,mcts,-190.71,3.006215727455375,44,-190.71,4.246887213006723,37
2779,apt_02520,ss,50,mcts,-216.91,6.666616683145942,41,-190.58,6.445468330540464,22
2780,apt_01427,ss,50,mcts,-215.14,5.558455001167127,31,-190.3,6.457347907616554,17
2781,apt_00719,ss,59,mcts,-200.31,2.4080207640300735,34,-190.04,2.599311254928892,9
2782,apt_00612,ss,50,mcts,-211.86,5.948585209946995,36,-189.57,2.954520265626898,15
2783,apt_01510,ss,51,mcts,-212.41,3.707816743044362,40,-189.08,5.611879542541875,21
2784,apt_01896,ss,50,mcts,-196.02,3.7403585389638807,40,-189.04,3.169116438378365,24
2785,apt_01677,ss,50,mcts,-193.89,6.3857359795093185,37,-189.01,3.1048114274461165,24
2786,apt_02533,ss,50,mcts,-247.25,5.540006588443747,34,-188.97,6.351267590016979,14
2787,apt_00123,ss,50,mcts,-199.1,6.241597872340051,37,-188.91,2.243041016120758,18
2788,apt_01686,ss,50,mcts,-203.37,3.5409323630930944,35,-188.23,5.529604687498021,23
2789,apt_01720,ss,50,mcts,-193.07,2.57795597324703,44,-188.04,4.7042938896289135,25
2790,apt_01396,ss,50,mcts,-204.32,6.051505349910884,40,-187.99,5.33677402557013,21
2791,apt_01264,ss,50,mcts,-209.18,6.294156337429205,34,-186.97,2.6269272924845177,13
2792,apt_00839,ss,50,mcts,-200.37,5.81488374776315,35,-186.91,2.8815714462771798,14
2793,apt_01848,ss,50,mcts,-251.35,3.262463486385738,51,-186.66,6.265338139318566,24
2794,apt_02626,ss,53,mcts,-202.43,6.200153062626768,27,-186.26,4.349999310344789,9
2795,apt_01719,ss,51,mcts,-210.86,3.2736727081368615,34,-185.39,5.500660414895668,19
2796,apt_01804,ss,59,mcts,-189.04,4.306497532798555,33,-184.95,4.136082325099442,23
2797,apt_01631,ss,50,mcts,-214.5,6.565214847969571,36,-184.62,2.553998042285858,21
2798,apt_00252,ss,52,mcts,-186.03,3.806801413260229,33,-184.04,3.671478448799608,16
2799,apt_02321,ss,57,mcts,-190.7,3.1732800065547537,36,-183.22,5.826737938160595,15
2800,apt_02446,ss,50,mcts,-213.77,3.7235794606802965,48,-183.18,3.8336490449700875,31
2801,apt_01947,ss,50,mcts,-247.23,6.078803418436896,27,-178.16,5.706480176080526,16
